run_index,feature_set,seed,n_estimators,max_depth,min_samples_split,min_samples_leaf,max_features,max_features_display,selected_feature_count,train_accuracy,val_accuracy,generalization_gap
1,full,311,5,3,2,1,sqrt,52 (sqrt),2722,0.7430025445292621,0.7351190476190477,0.007883496910214394
2,full,311,5,3,2,1,2,2,2722,0.5810008481764207,0.5654761904761905,0.01552465770023026
3,full,311,5,3,2,1,5,5,2722,0.3816793893129771,0.36607142857142855,0.015607960741548577
4,full,311,5,3,2,1,10,10,2722,0.43256997455470736,0.41964285714285715,0.012927117411850209
5,full,311,5,3,2,1,25,25,2722,0.5818490245971162,0.5476190476190477,0.03422997697806851
6,full,311,5,3,2,1,75,75,2722,0.6030534351145038,0.6190476190476191,-0.015994183933115247
7,full,311,5,3,2,5,sqrt,52 (sqrt),2722,0.73960983884648,0.7351190476190477,0.004490791227432345
8,full,311,5,3,2,5,2,2,2722,0.3375742154368109,0.3392857142857143,-0.0017114988489034255
9,full,311,5,3,2,5,5,5,2722,0.3452078032230704,0.34523809523809523,-3.0292015024857566e-05
10,full,311,5,3,2,5,10,10,2722,0.39100932994062765,0.3898809523809524,0.0011283775596752643
11,full,311,5,3,2,5,25,25,2722,0.5810008481764207,0.5505952380952381,0.030405610081182588
12,full,311,5,3,2,5,75,75,2722,0.5988125530110263,0.6190476190476191,-0.020235066036592753
13,full,311,5,3,2,10,sqrt,52 (sqrt),2722,0.6997455470737913,0.6964285714285714,0.003316975645219933
14,full,311,5,3,2,10,2,2,2722,0.3375742154368109,0.3392857142857143,-0.0017114988489034255
15,full,311,5,3,2,10,5,5,2722,0.3375742154368109,0.3392857142857143,-0.0017114988489034255
16,full,311,5,3,2,10,10,10,2722,0.37234944868532655,0.37797619047619047,-0.005626741790863921
17,full,311,5,3,2,10,25,25,2722,0.5776081424936387,0.5327380952380952,0.044870047255543444
18,full,311,5,3,2,10,75,75,2722,0.6055979643765903,0.6220238095238095,-0.01642584514721923
19,full,311,5,3,2,15,sqrt,52 (sqrt),2722,0.7014418999151824,0.7023809523809523,-0.0009390524657699739
20,full,311,5,3,2,15,2,2,2722,0.3333333333333333,0.3333333333333333,0.0
21,full,311,5,3,2,15,5,5,2722,0.3333333333333333,0.3333333333333333,0.0
22,full,311,5,3,2,15,10,10,2722,0.3519932145886344,0.3601190476190476,-0.008125833030413199
23,full,311,5,3,2,15,25,25,2722,0.4079728583545377,0.39285714285714285,0.015115715497394877
24,full,311,5,3,2,15,75,75,2722,0.6005089058524173,0.6041666666666666,-0.003657760814249289
25,full,311,5,3,5,1,sqrt,52 (sqrt),2722,0.7430025445292621,0.7351190476190477,0.007883496910214394
26,full,311,5,3,5,1,2,2,2722,0.5810008481764207,0.5654761904761905,0.01552465770023026
27,full,311,5,3,5,1,5,5,2722,0.3816793893129771,0.36607142857142855,0.015607960741548577
28,full,311,5,3,5,1,10,10,2722,0.43256997455470736,0.41964285714285715,0.012927117411850209
29,full,311,5,3,5,1,25,25,2722,0.5818490245971162,0.5476190476190477,0.03422997697806851
30,full,311,5,3,5,1,75,75,2722,0.6030534351145038,0.6190476190476191,-0.015994183933115247
31,full,311,5,3,5,5,sqrt,52 (sqrt),2722,0.73960983884648,0.7351190476190477,0.004490791227432345
32,full,311,5,3,5,5,2,2,2722,0.3375742154368109,0.3392857142857143,-0.0017114988489034255
33,full,311,5,3,5,5,5,5,2722,0.3452078032230704,0.34523809523809523,-3.0292015024857566e-05
34,full,311,5,3,5,5,10,10,2722,0.39100932994062765,0.3898809523809524,0.0011283775596752643
35,full,311,5,3,5,5,25,25,2722,0.5810008481764207,0.5505952380952381,0.030405610081182588
36,full,311,5,3,5,5,75,75,2722,0.5988125530110263,0.6190476190476191,-0.020235066036592753
37,full,311,5,3,5,10,sqrt,52 (sqrt),2722,0.6997455470737913,0.6964285714285714,0.003316975645219933
38,full,311,5,3,5,10,2,2,2722,0.3375742154368109,0.3392857142857143,-0.0017114988489034255
39,full,311,5,3,5,10,5,5,2722,0.3375742154368109,0.3392857142857143,-0.0017114988489034255
40,full,311,5,3,5,10,10,10,2722,0.37234944868532655,0.37797619047619047,-0.005626741790863921
41,full,311,5,3,5,10,25,25,2722,0.5776081424936387,0.5327380952380952,0.044870047255543444
42,full,311,5,3,5,10,75,75,2722,0.6055979643765903,0.6220238095238095,-0.01642584514721923
43,full,311,5,3,5,15,sqrt,52 (sqrt),2722,0.7014418999151824,0.7023809523809523,-0.0009390524657699739
44,full,311,5,3,5,15,2,2,2722,0.3333333333333333,0.3333333333333333,0.0
45,full,311,5,3,5,15,5,5,2722,0.3333333333333333,0.3333333333333333,0.0
46,full,311,5,3,5,15,10,10,2722,0.3519932145886344,0.3601190476190476,-0.008125833030413199
47,full,311,5,3,5,15,25,25,2722,0.4079728583545377,0.39285714285714285,0.015115715497394877
48,full,311,5,3,5,15,75,75,2722,0.6005089058524173,0.6041666666666666,-0.003657760814249289
49,full,311,5,3,10,1,sqrt,52 (sqrt),2722,0.73960983884648,0.7232142857142857,0.016395553132194318
50,full,311,5,3,10,1,2,2,2722,0.5810008481764207,0.5595238095238095,0.02147703865261119
51,full,311,5,3,10,1,5,5,2722,0.3808312128922816,0.36607142857142855,0.014759784320853064
52,full,311,5,3,10,1,10,10,2722,0.43256997455470736,0.41964285714285715,0.012927117411850209
53,full,311,5,3,10,1,25,25,2722,0.5818490245971162,0.5476190476190477,0.03422997697806851
54,full,311,5,3,10,1,75,75,2722,0.6030534351145038,0.6190476190476191,-0.015994183933115247
55,full,311,5,3,10,5,sqrt,52 (sqrt),2722,0.73960983884648,0.7351190476190477,0.004490791227432345
56,full,311,5,3,10,5,2,2,2722,0.3375742154368109,0.3392857142857143,-0.0017114988489034255
57,full,311,5,3,10,5,5,5,2722,0.3452078032230704,0.34523809523809523,-3.0292015024857566e-05
58,full,311,5,3,10,5,10,10,2722,0.39100932994062765,0.3898809523809524,0.0011283775596752643
59,full,311,5,3,10,5,25,25,2722,0.5810008481764207,0.5505952380952381,0.030405610081182588
60,full,311,5,3,10,5,75,75,2722,0.5988125530110263,0.6190476190476191,-0.020235066036592753
61,full,311,5,3,10,10,sqrt,52 (sqrt),2722,0.6997455470737913,0.6964285714285714,0.003316975645219933
62,full,311,5,3,10,10,2,2,2722,0.3375742154368109,0.3392857142857143,-0.0017114988489034255
63,full,311,5,3,10,10,5,5,2722,0.3375742154368109,0.3392857142857143,-0.0017114988489034255
64,full,311,5,3,10,10,10,10,2722,0.37234944868532655,0.37797619047619047,-0.005626741790863921
65,full,311,5,3,10,10,25,25,2722,0.5776081424936387,0.5327380952380952,0.044870047255543444
66,full,311,5,3,10,10,75,75,2722,0.6055979643765903,0.6220238095238095,-0.01642584514721923
67,full,311,5,3,10,15,sqrt,52 (sqrt),2722,0.7014418999151824,0.7023809523809523,-0.0009390524657699739
68,full,311,5,3,10,15,2,2,2722,0.3333333333333333,0.3333333333333333,0.0
69,full,311,5,3,10,15,5,5,2722,0.3333333333333333,0.3333333333333333,0.0
70,full,311,5,3,10,15,10,10,2722,0.3519932145886344,0.3601190476190476,-0.008125833030413199
71,full,311,5,3,10,15,25,25,2722,0.4079728583545377,0.39285714285714285,0.015115715497394877
72,full,311,5,3,10,15,75,75,2722,0.6005089058524173,0.6041666666666666,-0.003657760814249289
73,full,311,5,3,15,1,sqrt,52 (sqrt),2722,0.73960983884648,0.7232142857142857,0.016395553132194318
74,full,311,5,3,15,1,2,2,2722,0.5810008481764207,0.5595238095238095,0.02147703865261119
75,full,311,5,3,15,1,5,5,2722,0.3808312128922816,0.36607142857142855,0.014759784320853064
76,full,311,5,3,15,1,10,10,2722,0.43256997455470736,0.41964285714285715,0.012927117411850209
77,full,311,5,3,15,1,25,25,2722,0.5818490245971162,0.5476190476190477,0.03422997697806851
78,full,311,5,3,15,1,75,75,2722,0.6030534351145038,0.6190476190476191,-0.015994183933115247
79,full,311,5,3,15,5,sqrt,52 (sqrt),2722,0.73960983884648,0.7351190476190477,0.004490791227432345
80,full,311,5,3,15,5,2,2,2722,0.3375742154368109,0.3392857142857143,-0.0017114988489034255
81,full,311,5,3,15,5,5,5,2722,0.3452078032230704,0.34523809523809523,-3.0292015024857566e-05
82,full,311,5,3,15,5,10,10,2722,0.39100932994062765,0.3898809523809524,0.0011283775596752643
83,full,311,5,3,15,5,25,25,2722,0.5810008481764207,0.5505952380952381,0.030405610081182588
84,full,311,5,3,15,5,75,75,2722,0.5988125530110263,0.6190476190476191,-0.020235066036592753
85,full,311,5,3,15,10,sqrt,52 (sqrt),2722,0.6997455470737913,0.6964285714285714,0.003316975645219933
86,full,311,5,3,15,10,2,2,2722,0.3375742154368109,0.3392857142857143,-0.0017114988489034255
87,full,311,5,3,15,10,5,5,2722,0.3375742154368109,0.3392857142857143,-0.0017114988489034255
88,full,311,5,3,15,10,10,10,2722,0.37234944868532655,0.37797619047619047,-0.005626741790863921
89,full,311,5,3,15,10,25,25,2722,0.5776081424936387,0.5327380952380952,0.044870047255543444
90,full,311,5,3,15,10,75,75,2722,0.6055979643765903,0.6220238095238095,-0.01642584514721923
91,full,311,5,3,15,15,sqrt,52 (sqrt),2722,0.7014418999151824,0.7023809523809523,-0.0009390524657699739
92,full,311,5,3,15,15,2,2,2722,0.3333333333333333,0.3333333333333333,0.0
93,full,311,5,3,15,15,5,5,2722,0.3333333333333333,0.3333333333333333,0.0
94,full,311,5,3,15,15,10,10,2722,0.3519932145886344,0.3601190476190476,-0.008125833030413199
95,full,311,5,3,15,15,25,25,2722,0.4079728583545377,0.39285714285714285,0.015115715497394877
96,full,311,5,3,15,15,75,75,2722,0.6005089058524173,0.6041666666666666,-0.003657760814249289
97,full,311,5,5,2,1,sqrt,52 (sqrt),2722,0.7854113655640373,0.7559523809523809,0.029458984611656414
98,full,311,5,5,2,1,2,2,2722,0.5852417302798982,0.5565476190476191,0.028694111232279162
99,full,311,5,5,2,1,5,5,2722,0.46055979643765904,0.40476190476190477,0.055797891675754274
100,full,311,5,5,2,1,10,10,2722,0.47921967769296014,0.44047619047619047,0.03874348721676968
101,full,311,5,5,2,1,25,25,2722,0.6225614927905004,0.5714285714285714,0.05113292136192904
102,full,311,5,5,2,1,75,75,2722,0.7684478371501272,0.7440476190476191,0.024400218102508142
103,full,311,5,5,2,5,sqrt,52 (sqrt),2722,0.7726887192536047,0.7619047619047619,0.010783957348842854
104,full,311,5,5,2,5,2,2,2722,0.3375742154368109,0.3392857142857143,-0.0017114988489034255
105,full,311,5,5,2,5,5,5,2722,0.3452078032230704,0.34226190476190477,0.002945898461165608
106,full,311,5,5,2,5,10,10,2722,0.3935538592027142,0.3869047619047619,0.006649097297952267
107,full,311,5,5,2,5,25,25,2722,0.6064461407972859,0.5892857142857143,0.01716042651157157
108,full,311,5,5,2,5,75,75,2722,0.7591178965224766,0.7529761904761905,0.006141706046286166
109,full,311,5,5,2,10,sqrt,52 (sqrt),2722,0.7362171331636981,0.7232142857142857,0.01300284744941238
110,full,311,5,5,2,10,2,2,2722,0.3375742154368109,0.3392857142857143,-0.0017114988489034255
111,full,311,5,5,2,10,5,5,2722,0.3375742154368109,0.3392857142857143,-0.0017114988489034255
112,full,311,5,5,2,10,10,10,2722,0.37234944868532655,0.37797619047619047,-0.005626741790863921
113,full,311,5,5,2,10,25,25,2722,0.5920271416454622,0.5654761904761905,0.026550951169271753
114,full,311,5,5,2,10,75,75,2722,0.7616624257845632,0.7559523809523809,0.005710044832182293
115,full,311,5,5,2,15,sqrt,52 (sqrt),2722,0.734520780322307,0.7261904761904762,0.00833030413183089
116,full,311,5,5,2,15,2,2,2722,0.3333333333333333,0.3333333333333333,0.0
117,full,311,5,5,2,15,5,5,2722,0.3333333333333333,0.3333333333333333,0.0
118,full,311,5,5,2,15,10,10,2722,0.3519932145886344,0.3601190476190476,-0.008125833030413199
119,full,311,5,5,2,15,25,25,2722,0.4342663273960984,0.44047619047619047,-0.006209863080092082
120,full,311,5,5,2,15,75,75,2722,0.7446988973706531,0.75,-0.00530110262934691
121,full,311,5,5,5,1,sqrt,52 (sqrt),2722,0.7828668363019508,0.7559523809523809,0.02691445534956982
122,full,311,5,5,5,1,2,2,2722,0.5843935538592027,0.5565476190476191,0.027845934811583595
123,full,311,5,5,5,1,5,5,2722,0.45971162001696353,0.40476190476190477,0.05494971525505876
124,full,311,5,5,5,1,10,10,2722,0.47497879558948264,0.4255952380952381,0.04938355749424456
125,full,311,5,5,5,1,25,25,2722,0.6089906700593724,0.5714285714285714,0.037562098630800955
126,full,311,5,5,5,1,75,75,2722,0.7675996607294318,0.7440476190476191,0.023552041681812685
127,full,311,5,5,5,5,sqrt,52 (sqrt),2722,0.7726887192536047,0.7619047619047619,0.010783957348842854
128,full,311,5,5,5,5,2,2,2722,0.3375742154368109,0.3392857142857143,-0.0017114988489034255
129,full,311,5,5,5,5,5,5,2722,0.3452078032230704,0.34226190476190477,0.002945898461165608
130,full,311,5,5,5,5,10,10,2722,0.3935538592027142,0.3869047619047619,0.006649097297952267
131,full,311,5,5,5,5,25,25,2722,0.6064461407972859,0.5892857142857143,0.01716042651157157
132,full,311,5,5,5,5,75,75,2722,0.7591178965224766,0.7529761904761905,0.006141706046286166
133,full,311,5,5,5,10,sqrt,52 (sqrt),2722,0.7362171331636981,0.7232142857142857,0.01300284744941238
134,full,311,5,5,5,10,2,2,2722,0.3375742154368109,0.3392857142857143,-0.0017114988489034255
135,full,311,5,5,5,10,5,5,2722,0.3375742154368109,0.3392857142857143,-0.0017114988489034255
136,full,311,5,5,5,10,10,10,2722,0.37234944868532655,0.37797619047619047,-0.005626741790863921
137,full,311,5,5,5,10,25,25,2722,0.5920271416454622,0.5654761904761905,0.026550951169271753
138,full,311,5,5,5,10,75,75,2722,0.7616624257845632,0.7559523809523809,0.005710044832182293
139,full,311,5,5,5,15,sqrt,52 (sqrt),2722,0.734520780322307,0.7261904761904762,0.00833030413183089
140,full,311,5,5,5,15,2,2,2722,0.3333333333333333,0.3333333333333333,0.0
141,full,311,5,5,5,15,5,5,2722,0.3333333333333333,0.3333333333333333,0.0
142,full,311,5,5,5,15,10,10,2722,0.3519932145886344,0.3601190476190476,-0.008125833030413199
143,full,311,5,5,5,15,25,25,2722,0.4342663273960984,0.44047619047619047,-0.006209863080092082
144,full,311,5,5,5,15,75,75,2722,0.7446988973706531,0.75,-0.00530110262934691
145,full,311,5,5,10,1,sqrt,52 (sqrt),2722,0.7811704834605598,0.7589285714285714,0.022241912031988442
146,full,311,5,5,10,1,2,2,2722,0.5826972010178118,0.5565476190476191,0.02614958197019268
147,full,311,5,5,10,1,5,5,2722,0.458863443596268,0.40476190476190477,0.05410153883436325
148,full,311,5,5,10,1,10,10,2722,0.46988973706530957,0.42857142857142855,0.04131830849388102
149,full,311,5,5,10,1,25,25,2722,0.6098388464800678,0.5773809523809523,0.03245789409911548
150,full,311,5,5,10,1,75,75,2722,0.7675996607294318,0.7440476190476191,0.023552041681812685
151,full,311,5,5,10,5,sqrt,52 (sqrt),2722,0.7726887192536047,0.7619047619047619,0.010783957348842854
152,full,311,5,5,10,5,2,2,2722,0.3375742154368109,0.3392857142857143,-0.0017114988489034255
153,full,311,5,5,10,5,5,5,2722,0.3452078032230704,0.34226190476190477,0.002945898461165608
154,full,311,5,5,10,5,10,10,2722,0.3935538592027142,0.3869047619047619,0.006649097297952267
155,full,311,5,5,10,5,25,25,2722,0.6064461407972859,0.5892857142857143,0.01716042651157157
156,full,311,5,5,10,5,75,75,2722,0.7591178965224766,0.7529761904761905,0.006141706046286166
157,full,311,5,5,10,10,sqrt,52 (sqrt),2722,0.7362171331636981,0.7232142857142857,0.01300284744941238
158,full,311,5,5,10,10,2,2,2722,0.3375742154368109,0.3392857142857143,-0.0017114988489034255
159,full,311,5,5,10,10,5,5,2722,0.3375742154368109,0.3392857142857143,-0.0017114988489034255
160,full,311,5,5,10,10,10,10,2722,0.37234944868532655,0.37797619047619047,-0.005626741790863921
161,full,311,5,5,10,10,25,25,2722,0.5920271416454622,0.5654761904761905,0.026550951169271753
162,full,311,5,5,10,10,75,75,2722,0.7616624257845632,0.7559523809523809,0.005710044832182293
163,full,311,5,5,10,15,sqrt,52 (sqrt),2722,0.734520780322307,0.7261904761904762,0.00833030413183089
164,full,311,5,5,10,15,2,2,2722,0.3333333333333333,0.3333333333333333,0.0
165,full,311,5,5,10,15,5,5,2722,0.3333333333333333,0.3333333333333333,0.0
166,full,311,5,5,10,15,10,10,2722,0.3519932145886344,0.3601190476190476,-0.008125833030413199
167,full,311,5,5,10,15,25,25,2722,0.4342663273960984,0.44047619047619047,-0.006209863080092082
168,full,311,5,5,10,15,75,75,2722,0.7446988973706531,0.75,-0.00530110262934691
169,full,311,5,5,15,1,sqrt,52 (sqrt),2722,0.7803223070398643,0.7619047619047619,0.01841754513510241
170,full,311,5,5,15,1,2,2,2722,0.5826972010178118,0.5565476190476191,0.02614958197019268
171,full,311,5,5,15,1,5,5,2722,0.458863443596268,0.40476190476190477,0.05410153883436325
172,full,311,5,5,15,1,10,10,2722,0.46988973706530957,0.42857142857142855,0.04131830849388102
173,full,311,5,5,15,1,25,25,2722,0.6072943172179813,0.5803571428571429,0.026937174360838423
174,full,311,5,5,15,1,75,75,2722,0.7684478371501272,0.7589285714285714,0.009519265721555814
175,full,311,5,5,15,5,sqrt,52 (sqrt),2722,0.7743850720949957,0.7619047619047619,0.012480310190233879
176,full,311,5,5,15,5,2,2,2722,0.3375742154368109,0.3392857142857143,-0.0017114988489034255
177,full,311,5,5,15,5,5,5,2722,0.3452078032230704,0.34226190476190477,0.002945898461165608
178,full,311,5,5,15,5,10,10,2722,0.3935538592027142,0.3869047619047619,0.006649097297952267
179,full,311,5,5,15,5,25,25,2722,0.6064461407972859,0.5892857142857143,0.01716042651157157
180,full,311,5,5,15,5,75,75,2722,0.7599660729431722,0.7529761904761905,0.006989882466981734
181,full,311,5,5,15,10,sqrt,52 (sqrt),2722,0.7362171331636981,0.7232142857142857,0.01300284744941238
182,full,311,5,5,15,10,2,2,2722,0.3375742154368109,0.3392857142857143,-0.0017114988489034255
183,full,311,5,5,15,10,5,5,2722,0.3375742154368109,0.3392857142857143,-0.0017114988489034255
184,full,311,5,5,15,10,10,10,2722,0.37234944868532655,0.37797619047619047,-0.005626741790863921
185,full,311,5,5,15,10,25,25,2722,0.5920271416454622,0.5654761904761905,0.026550951169271753
186,full,311,5,5,15,10,75,75,2722,0.7616624257845632,0.7559523809523809,0.005710044832182293
187,full,311,5,5,15,15,sqrt,52 (sqrt),2722,0.734520780322307,0.7261904761904762,0.00833030413183089
188,full,311,5,5,15,15,2,2,2722,0.3333333333333333,0.3333333333333333,0.0
189,full,311,5,5,15,15,5,5,2722,0.3333333333333333,0.3333333333333333,0.0
190,full,311,5,5,15,15,10,10,2722,0.3519932145886344,0.3601190476190476,-0.008125833030413199
191,full,311,5,5,15,15,25,25,2722,0.4342663273960984,0.44047619047619047,-0.006209863080092082
192,full,311,5,5,15,15,75,75,2722,0.7446988973706531,0.75,-0.00530110262934691
193,full,311,5,10,2,1,sqrt,52 (sqrt),2722,0.8473282442748091,0.7946428571428571,0.05268538713195203
194,full,311,5,10,2,1,2,2,2722,0.6098388464800678,0.5505952380952381,0.05924360838482967
195,full,311,5,10,2,1,5,5,2722,0.5173876166242578,0.45535714285714285,0.06203047376711496
196,full,311,5,10,2,1,10,10,2722,0.5945716709075488,0.5327380952380952,0.06183357566945358
197,full,311,5,10,2,1,25,25,2722,0.7472434266327396,0.6369047619047619,0.11033866472797771
198,full,311,5,10,2,1,75,75,2722,0.8727735368956743,0.8214285714285714,0.05134496546710288
199,full,311,5,10,2,5,sqrt,52 (sqrt),2722,0.820186598812553,0.8244047619047619,-0.004218163092208904
200,full,311,5,10,2,5,2,2,2722,0.3375742154368109,0.3392857142857143,-0.0017114988489034255
201,full,311,5,10,2,5,5,5,2722,0.3452078032230704,0.34226190476190477,0.002945898461165608
202,full,311,5,10,2,5,10,10,2722,0.3935538592027142,0.3869047619047619,0.006649097297952267
203,full,311,5,10,2,5,25,25,2722,0.7022900763358778,0.6636904761904762,0.03859960014540165
204,full,311,5,10,2,5,75,75,2722,0.8354537743850721,0.8333333333333334,0.0021204410517386973
205,full,311,5,10,2,10,sqrt,52 (sqrt),2722,0.818490245971162,0.7946428571428571,0.02384738882830495
206,full,311,5,10,2,10,2,2,2722,0.3375742154368109,0.3392857142857143,-0.0017114988489034255
207,full,311,5,10,2,10,5,5,2722,0.3375742154368109,0.3392857142857143,-0.0017114988489034255
208,full,311,5,10,2,10,10,10,2722,0.37234944868532655,0.37797619047619047,-0.005626741790863921
209,full,311,5,10,2,10,25,25,2722,0.6938083121289228,0.6517857142857143,0.0420225978432085
210,full,311,5,10,2,10,75,75,2722,0.81509754028838,0.7976190476190477,0.017478492669332324
211,full,311,5,10,2,15,sqrt,52 (sqrt),2722,0.7497879558948262,0.7440476190476191,0.005740336847207095
212,full,311,5,10,2,15,2,2,2722,0.3333333333333333,0.3333333333333333,0.0
213,full,311,5,10,2,15,5,5,2722,0.3333333333333333,0.3333333333333333,0.0
214,full,311,5,10,2,15,10,10,2722,0.3519932145886344,0.3601190476190476,-0.008125833030413199
215,full,311,5,10,2,15,25,25,2722,0.4631043256997455,0.49404761904761907,-0.030943293347873546
216,full,311,5,10,2,15,75,75,2722,0.7438507209499576,0.7470238095238095,-0.003173088573851901
217,full,311,5,10,5,1,sqrt,52 (sqrt),2722,0.8515691263782866,0.8154761904761905,0.03609293590209617
218,full,311,5,10,5,1,2,2,2722,0.6055979643765903,0.5535714285714286,0.0520265358051617
219,full,311,5,10,5,1,5,5,2722,0.5165394402035624,0.44345238095238093,0.07308705925118142
220,full,311,5,10,5,1,10,10,2722,0.5962680237489398,0.5297619047619048,0.06650611898703507
221,full,311,5,10,5,1,25,25,2722,0.741306191687871,0.6369047619047619,0.10440142978310918
222,full,311,5,10,5,1,75,75,2722,0.8736217133163698,0.7976190476190477,0.07600266569732217
223,full,311,5,10,5,5,sqrt,52 (sqrt),2722,0.820186598812553,0.8244047619047619,-0.004218163092208904
224,full,311,5,10,5,5,2,2,2722,0.3375742154368109,0.3392857142857143,-0.0017114988489034255
225,full,311,5,10,5,5,5,5,2722,0.3452078032230704,0.34226190476190477,0.002945898461165608
226,full,311,5,10,5,5,10,10,2722,0.3935538592027142,0.3869047619047619,0.006649097297952267
227,full,311,5,10,5,5,25,25,2722,0.7022900763358778,0.6636904761904762,0.03859960014540165
228,full,311,5,10,5,5,75,75,2722,0.8354537743850721,0.8333333333333334,0.0021204410517386973
229,full,311,5,10,5,10,sqrt,52 (sqrt),2722,0.818490245971162,0.7946428571428571,0.02384738882830495
230,full,311,5,10,5,10,2,2,2722,0.3375742154368109,0.3392857142857143,-0.0017114988489034255
231,full,311,5,10,5,10,5,5,2722,0.3375742154368109,0.3392857142857143,-0.0017114988489034255
232,full,311,5,10,5,10,10,10,2722,0.37234944868532655,0.37797619047619047,-0.005626741790863921
233,full,311,5,10,5,10,25,25,2722,0.6938083121289228,0.6517857142857143,0.0420225978432085
234,full,311,5,10,5,10,75,75,2722,0.81509754028838,0.7976190476190477,0.017478492669332324
235,full,311,5,10,5,15,sqrt,52 (sqrt),2722,0.7497879558948262,0.7440476190476191,0.005740336847207095
236,full,311,5,10,5,15,2,2,2722,0.3333333333333333,0.3333333333333333,0.0
237,full,311,5,10,5,15,5,5,2722,0.3333333333333333,0.3333333333333333,0.0
238,full,311,5,10,5,15,10,10,2722,0.3519932145886344,0.3601190476190476,-0.008125833030413199
239,full,311,5,10,5,15,25,25,2722,0.4631043256997455,0.49404761904761907,-0.030943293347873546
240,full,311,5,10,5,15,75,75,2722,0.7438507209499576,0.7470238095238095,-0.003173088573851901
241,full,311,5,10,10,1,sqrt,52 (sqrt),2722,0.8541136556403732,0.8065476190476191,0.04756603659275416
242,full,311,5,10,10,1,2,2,2722,0.6039016115351993,0.5535714285714286,0.050330182963770675
243,full,311,5,10,10,1,5,5,2722,0.5131467345207803,0.44345238095238093,0.06969435356839937
244,full,311,5,10,10,1,10,10,2722,0.5860899067005937,0.5386904761904762,0.047399430510117524
245,full,311,5,10,10,1,25,25,2722,0.727735368956743,0.6398809523809523,0.08785441657579063
246,full,311,5,10,10,1,75,75,2722,0.8566581849024597,0.8125,0.04415818490245971
247,full,311,5,10,10,5,sqrt,52 (sqrt),2722,0.820186598812553,0.8244047619047619,-0.004218163092208904
248,full,311,5,10,10,5,2,2,2722,0.3375742154368109,0.3392857142857143,-0.0017114988489034255
249,full,311,5,10,10,5,5,5,2722,0.3452078032230704,0.34226190476190477,0.002945898461165608
250,full,311,5,10,10,5,10,10,2722,0.3935538592027142,0.3869047619047619,0.006649097297952267
251,full,311,5,10,10,5,25,25,2722,0.7022900763358778,0.6636904761904762,0.03859960014540165
252,full,311,5,10,10,5,75,75,2722,0.8354537743850721,0.8333333333333334,0.0021204410517386973
253,full,311,5,10,10,10,sqrt,52 (sqrt),2722,0.818490245971162,0.7946428571428571,0.02384738882830495
254,full,311,5,10,10,10,2,2,2722,0.3375742154368109,0.3392857142857143,-0.0017114988489034255
255,full,311,5,10,10,10,5,5,2722,0.3375742154368109,0.3392857142857143,-0.0017114988489034255
256,full,311,5,10,10,10,10,10,2722,0.37234944868532655,0.37797619047619047,-0.005626741790863921
257,full,311,5,10,10,10,25,25,2722,0.6938083121289228,0.6517857142857143,0.0420225978432085
258,full,311,5,10,10,10,75,75,2722,0.81509754028838,0.7976190476190477,0.017478492669332324
259,full,311,5,10,10,15,sqrt,52 (sqrt),2722,0.7497879558948262,0.7440476190476191,0.005740336847207095
260,full,311,5,10,10,15,2,2,2722,0.3333333333333333,0.3333333333333333,0.0
261,full,311,5,10,10,15,5,5,2722,0.3333333333333333,0.3333333333333333,0.0
262,full,311,5,10,10,15,10,10,2722,0.3519932145886344,0.3601190476190476,-0.008125833030413199
263,full,311,5,10,10,15,25,25,2722,0.4631043256997455,0.49404761904761907,-0.030943293347873546
264,full,311,5,10,10,15,75,75,2722,0.7438507209499576,0.7470238095238095,-0.003173088573851901
265,full,311,5,10,15,1,sqrt,52 (sqrt),2722,0.8566581849024597,0.8184523809523809,0.038205803950078776
266,full,311,5,10,15,1,2,2,2722,0.6039016115351993,0.5535714285714286,0.050330182963770675
267,full,311,5,10,15,1,5,5,2722,0.5122985581000848,0.44047619047619047,0.07182236762389438
268,full,311,5,10,15,1,10,10,2722,0.5911789652247668,0.5178571428571429,0.07332182236762386
269,full,311,5,10,15,1,25,25,2722,0.73960983884648,0.6726190476190477,0.06699079122743234
270,full,311,5,10,15,1,75,75,2722,0.8532654792196777,0.8244047619047619,0.028860717314915796
271,full,311,5,10,15,5,sqrt,52 (sqrt),2722,0.8286683630195081,0.8392857142857143,-0.01061735126620622
272,full,311,5,10,15,5,2,2,2722,0.3375742154368109,0.3392857142857143,-0.0017114988489034255
273,full,311,5,10,15,5,5,5,2722,0.3452078032230704,0.34226190476190477,0.002945898461165608
274,full,311,5,10,15,5,10,10,2722,0.3935538592027142,0.3869047619047619,0.006649097297952267
275,full,311,5,10,15,5,25,25,2722,0.7014418999151824,0.6577380952380952,0.04370380467708712
276,full,311,5,10,15,5,75,75,2722,0.8303647158608991,0.8214285714285714,0.008936144432327708
277,full,311,5,10,15,10,sqrt,52 (sqrt),2722,0.818490245971162,0.7946428571428571,0.02384738882830495
278,full,311,5,10,15,10,2,2,2722,0.3375742154368109,0.3392857142857143,-0.0017114988489034255
279,full,311,5,10,15,10,5,5,2722,0.3375742154368109,0.3392857142857143,-0.0017114988489034255
280,full,311,5,10,15,10,10,10,2722,0.37234944868532655,0.37797619047619047,-0.005626741790863921
281,full,311,5,10,15,10,25,25,2722,0.6938083121289228,0.6517857142857143,0.0420225978432085
282,full,311,5,10,15,10,75,75,2722,0.81509754028838,0.7976190476190477,0.017478492669332324
283,full,311,5,10,15,15,sqrt,52 (sqrt),2722,0.7497879558948262,0.7440476190476191,0.005740336847207095
284,full,311,5,10,15,15,2,2,2722,0.3333333333333333,0.3333333333333333,0.0
285,full,311,5,10,15,15,5,5,2722,0.3333333333333333,0.3333333333333333,0.0
286,full,311,5,10,15,15,10,10,2722,0.3519932145886344,0.3601190476190476,-0.008125833030413199
287,full,311,5,10,15,15,25,25,2722,0.4631043256997455,0.49404761904761907,-0.030943293347873546
288,full,311,5,10,15,15,75,75,2722,0.7438507209499576,0.7470238095238095,-0.003173088573851901
289,full,311,5,15,2,1,sqrt,52 (sqrt),2722,0.899067005937235,0.8065476190476191,0.09251938688961592
290,full,311,5,15,2,1,2,2,2722,0.7430025445292621,0.6428571428571429,0.10014540167211916
291,full,311,5,15,2,1,5,5,2722,0.5835453774385072,0.49107142857142855,0.09247394886707866
292,full,311,5,15,2,1,10,10,2722,0.6827820186598813,0.5714285714285714,0.11135344723130991
293,full,311,5,15,2,1,25,25,2722,0.8541136556403732,0.7351190476190477,0.11899460802132555
294,full,311,5,15,2,1,75,75,2722,0.9185750636132316,0.8244047619047619,0.09417030170846974
295,full,311,5,15,2,5,sqrt,52 (sqrt),2722,0.823579304495335,0.8065476190476191,0.01703168544771594
296,full,311,5,15,2,5,2,2,2722,0.3375742154368109,0.3392857142857143,-0.0017114988489034255
297,full,311,5,15,2,5,5,5,2722,0.3452078032230704,0.34226190476190477,0.002945898461165608
298,full,311,5,15,2,5,10,10,2722,0.3935538592027142,0.3869047619047619,0.006649097297952267
299,full,311,5,15,2,5,25,25,2722,0.7531806615776081,0.6934523809523809,0.05972828062522717
300,full,311,5,15,2,5,75,75,2722,0.8464800678541137,0.8184523809523809,0.02802768690173274
301,full,311,5,15,2,10,sqrt,52 (sqrt),2722,0.7777777777777778,0.7886904761904762,-0.010912698412698374
302,full,311,5,15,2,10,2,2,2722,0.3375742154368109,0.3392857142857143,-0.0017114988489034255
303,full,311,5,15,2,10,5,5,2722,0.3375742154368109,0.3392857142857143,-0.0017114988489034255
304,full,311,5,15,2,10,10,10,2722,0.37234944868532655,0.37797619047619047,-0.005626741790863921
305,full,311,5,15,2,10,25,25,2722,0.6938083121289228,0.6517857142857143,0.0420225978432085
306,full,311,5,15,2,10,75,75,2722,0.8108566581849025,0.8095238095238095,0.0013328486610929557
307,full,311,5,15,2,15,sqrt,52 (sqrt),2722,0.7497879558948262,0.7440476190476191,0.005740336847207095
308,full,311,5,15,2,15,2,2,2722,0.3333333333333333,0.3333333333333333,0.0
309,full,311,5,15,2,15,5,5,2722,0.3333333333333333,0.3333333333333333,0.0
310,full,311,5,15,2,15,10,10,2722,0.3519932145886344,0.3601190476190476,-0.008125833030413199
311,full,311,5,15,2,15,25,25,2722,0.4631043256997455,0.49404761904761907,-0.030943293347873546
312,full,311,5,15,2,15,75,75,2722,0.7438507209499576,0.7470238095238095,-0.003173088573851901
313,full,311,5,15,5,1,sqrt,52 (sqrt),2722,0.8922815945716709,0.8333333333333334,0.05894826123833752
314,full,311,5,15,5,1,2,2,2722,0.73960983884648,0.6547619047619048,0.08484793408457525
315,full,311,5,15,5,1,5,5,2722,0.5843935538592027,0.4851190476190476,0.09927450624015505
316,full,311,5,15,5,1,10,10,2722,0.6785411365564037,0.5714285714285714,0.1071125651278323
317,full,311,5,15,5,1,25,25,2722,0.8329092451229856,0.7172619047619048,0.11564734036108082
318,full,311,5,15,5,1,75,75,2722,0.9211195928753181,0.8333333333333334,0.08778625954198471
319,full,311,5,15,5,5,sqrt,52 (sqrt),2722,0.823579304495335,0.8065476190476191,0.01703168544771594
320,full,311,5,15,5,5,2,2,2722,0.3375742154368109,0.3392857142857143,-0.0017114988489034255
321,full,311,5,15,5,5,5,5,2722,0.3452078032230704,0.34226190476190477,0.002945898461165608
322,full,311,5,15,5,5,10,10,2722,0.3935538592027142,0.3869047619047619,0.006649097297952267
323,full,311,5,15,5,5,25,25,2722,0.7531806615776081,0.6934523809523809,0.05972828062522717
324,full,311,5,15,5,5,75,75,2722,0.8464800678541137,0.8184523809523809,0.02802768690173274
325,full,311,5,15,5,10,sqrt,52 (sqrt),2722,0.7777777777777778,0.7886904761904762,-0.010912698412698374
326,full,311,5,15,5,10,2,2,2722,0.3375742154368109,0.3392857142857143,-0.0017114988489034255
327,full,311,5,15,5,10,5,5,2722,0.3375742154368109,0.3392857142857143,-0.0017114988489034255
328,full,311,5,15,5,10,10,10,2722,0.37234944868532655,0.37797619047619047,-0.005626741790863921
329,full,311,5,15,5,10,25,25,2722,0.6938083121289228,0.6517857142857143,0.0420225978432085
330,full,311,5,15,5,10,75,75,2722,0.8108566581849025,0.8095238095238095,0.0013328486610929557
331,full,311,5,15,5,15,sqrt,52 (sqrt),2722,0.7497879558948262,0.7440476190476191,0.005740336847207095
332,full,311,5,15,5,15,2,2,2722,0.3333333333333333,0.3333333333333333,0.0
333,full,311,5,15,5,15,5,5,2722,0.3333333333333333,0.3333333333333333,0.0
334,full,311,5,15,5,15,10,10,2722,0.3519932145886344,0.3601190476190476,-0.008125833030413199
335,full,311,5,15,5,15,25,25,2722,0.4631043256997455,0.49404761904761907,-0.030943293347873546
336,full,311,5,15,5,15,75,75,2722,0.7438507209499576,0.7470238095238095,-0.003173088573851901
337,full,311,5,15,10,1,sqrt,52 (sqrt),2722,0.8948261238337574,0.8244047619047619,0.07042136192899551
338,full,311,5,15,10,1,2,2,2722,0.734520780322307,0.6488095238095238,0.08571125651278322
339,full,311,5,15,10,1,5,5,2722,0.5725190839694656,0.4642857142857143,0.1082333696837513
340,full,311,5,15,10,1,10,10,2722,0.6802374893977947,0.6041666666666666,0.07607082273112808
341,full,311,5,15,10,1,25,25,2722,0.8320610687022901,0.7440476190476191,0.08801344965467106
342,full,311,5,15,10,1,75,75,2722,0.9024597116200169,0.8541666666666666,0.048293044953350295
343,full,311,5,15,10,5,sqrt,52 (sqrt),2722,0.823579304495335,0.8065476190476191,0.01703168544771594
344,full,311,5,15,10,5,2,2,2722,0.3375742154368109,0.3392857142857143,-0.0017114988489034255
345,full,311,5,15,10,5,5,5,2722,0.3452078032230704,0.34226190476190477,0.002945898461165608
346,full,311,5,15,10,5,10,10,2722,0.3935538592027142,0.3869047619047619,0.006649097297952267
347,full,311,5,15,10,5,25,25,2722,0.7531806615776081,0.6934523809523809,0.05972828062522717
348,full,311,5,15,10,5,75,75,2722,0.8464800678541137,0.8184523809523809,0.02802768690173274
349,full,311,5,15,10,10,sqrt,52 (sqrt),2722,0.7777777777777778,0.7886904761904762,-0.010912698412698374
350,full,311,5,15,10,10,2,2,2722,0.3375742154368109,0.3392857142857143,-0.0017114988489034255
351,full,311,5,15,10,10,5,5,2722,0.3375742154368109,0.3392857142857143,-0.0017114988489034255
352,full,311,5,15,10,10,10,10,2722,0.37234944868532655,0.37797619047619047,-0.005626741790863921
353,full,311,5,15,10,10,25,25,2722,0.6938083121289228,0.6517857142857143,0.0420225978432085
354,full,311,5,15,10,10,75,75,2722,0.8108566581849025,0.8095238095238095,0.0013328486610929557
355,full,311,5,15,10,15,sqrt,52 (sqrt),2722,0.7497879558948262,0.7440476190476191,0.005740336847207095
356,full,311,5,15,10,15,2,2,2722,0.3333333333333333,0.3333333333333333,0.0
357,full,311,5,15,10,15,5,5,2722,0.3333333333333333,0.3333333333333333,0.0
358,full,311,5,15,10,15,10,10,2722,0.3519932145886344,0.3601190476190476,-0.008125833030413199
359,full,311,5,15,10,15,25,25,2722,0.4631043256997455,0.49404761904761907,-0.030943293347873546
360,full,311,5,15,10,15,75,75,2722,0.7438507209499576,0.7470238095238095,-0.003173088573851901
361,full,311,5,15,15,1,sqrt,52 (sqrt),2722,0.8939779474130619,0.8363095238095238,0.05766842360353808
362,full,311,5,15,15,1,2,2,2722,0.7336726039016115,0.6488095238095238,0.08486308009208765
363,full,311,5,15,15,1,5,5,2722,0.5699745547073791,0.4732142857142857,0.09676026899309342
364,full,311,5,15,15,1,10,10,2722,0.6768447837150128,0.6011904761904762,0.07565430752453661
365,full,311,5,15,15,1,25,25,2722,0.8261238337574215,0.75,0.07612383375742149
366,full,311,5,15,15,1,75,75,2722,0.8982188295165394,0.8392857142857143,0.05893311523082512
367,full,311,5,15,15,5,sqrt,52 (sqrt),2722,0.8278201865988125,0.7976190476190477,0.03020113897976484
368,full,311,5,15,15,5,2,2,2722,0.3375742154368109,0.3392857142857143,-0.0017114988489034255
369,full,311,5,15,15,5,5,5,2722,0.3452078032230704,0.34226190476190477,0.002945898461165608
370,full,311,5,15,15,5,10,10,2722,0.3935538592027142,0.3869047619047619,0.006649097297952267
371,full,311,5,15,15,5,25,25,2722,0.7514843087362172,0.6994047619047619,0.052079546831455326
372,full,311,5,15,15,5,75,75,2722,0.8447837150127226,0.8154761904761905,0.02930752453653218
373,full,311,5,15,15,10,sqrt,52 (sqrt),2722,0.7777777777777778,0.7886904761904762,-0.010912698412698374
374,full,311,5,15,15,10,2,2,2722,0.3375742154368109,0.3392857142857143,-0.0017114988489034255
375,full,311,5,15,15,10,5,5,2722,0.3375742154368109,0.3392857142857143,-0.0017114988489034255
376,full,311,5,15,15,10,10,10,2722,0.37234944868532655,0.37797619047619047,-0.005626741790863921
377,full,311,5,15,15,10,25,25,2722,0.6938083121289228,0.6517857142857143,0.0420225978432085
378,full,311,5,15,15,10,75,75,2722,0.8108566581849025,0.8095238095238095,0.0013328486610929557
379,full,311,5,15,15,15,sqrt,52 (sqrt),2722,0.7497879558948262,0.7440476190476191,0.005740336847207095
380,full,311,5,15,15,15,2,2,2722,0.3333333333333333,0.3333333333333333,0.0
381,full,311,5,15,15,15,5,5,2722,0.3333333333333333,0.3333333333333333,0.0
382,full,311,5,15,15,15,10,10,2722,0.3519932145886344,0.3601190476190476,-0.008125833030413199
383,full,311,5,15,15,15,25,25,2722,0.4631043256997455,0.49404761904761907,-0.030943293347873546
384,full,311,5,15,15,15,75,75,2722,0.7438507209499576,0.7470238095238095,-0.003173088573851901
385,full,311,5,25,2,1,sqrt,52 (sqrt),2722,0.9533502968617472,0.8571428571428571,0.09620743971889012
386,full,311,5,25,2,1,2,2,2722,0.804919423240034,0.6696428571428571,0.13527656609717686
387,full,311,5,25,2,1,5,5,2722,0.7014418999151824,0.5386904761904762,0.1627514237247062
388,full,311,5,25,2,1,10,10,2722,0.806615776081425,0.6607142857142857,0.14590149036713929
389,full,311,5,25,2,1,25,25,2722,0.9100932994062765,0.7589285714285714,0.15116472797770508
390,full,311,5,25,2,1,75,75,2722,0.9533502968617472,0.8363095238095238,0.11704077305222338
391,full,311,5,25,2,5,sqrt,52 (sqrt),2722,0.813401187446989,0.8095238095238095,0.003877377923179437
392,full,311,5,25,2,5,2,2,2722,0.3375742154368109,0.3392857142857143,-0.0017114988489034255
393,full,311,5,25,2,5,5,5,2722,0.3452078032230704,0.34226190476190477,0.002945898461165608
394,full,311,5,25,2,5,10,10,2722,0.3935538592027142,0.3869047619047619,0.006649097297952267
395,full,311,5,25,2,5,25,25,2722,0.7828668363019508,0.7410714285714286,0.04179540773052215
396,full,311,5,25,2,5,75,75,2722,0.8481764206955047,0.8363095238095238,0.01186689688598086
397,full,311,5,25,2,10,sqrt,52 (sqrt),2722,0.7777777777777778,0.7886904761904762,-0.010912698412698374
398,full,311,5,25,2,10,2,2,2722,0.3375742154368109,0.3392857142857143,-0.0017114988489034255
399,full,311,5,25,2,10,5,5,2722,0.3375742154368109,0.3392857142857143,-0.0017114988489034255
400,full,311,5,25,2,10,10,10,2722,0.37234944868532655,0.37797619047619047,-0.005626741790863921
401,full,311,5,25,2,10,25,25,2722,0.6938083121289228,0.6517857142857143,0.0420225978432085
402,full,311,5,25,2,10,75,75,2722,0.8108566581849025,0.8095238095238095,0.0013328486610929557
403,full,311,5,25,2,15,sqrt,52 (sqrt),2722,0.7497879558948262,0.7440476190476191,0.005740336847207095
404,full,311,5,25,2,15,2,2,2722,0.3333333333333333,0.3333333333333333,0.0
405,full,311,5,25,2,15,5,5,2722,0.3333333333333333,0.3333333333333333,0.0
406,full,311,5,25,2,15,10,10,2722,0.3519932145886344,0.3601190476190476,-0.008125833030413199
407,full,311,5,25,2,15,25,25,2722,0.4631043256997455,0.49404761904761907,-0.030943293347873546
408,full,311,5,25,2,15,75,75,2722,0.7438507209499576,0.7470238095238095,-0.003173088573851901
409,full,311,5,25,5,1,sqrt,52 (sqrt),2722,0.9499575911789653,0.8214285714285714,0.12852901975039388
410,full,311,5,25,5,1,2,2,2722,0.7777777777777778,0.7291666666666666,0.04861111111111116
411,full,311,5,25,5,1,5,5,2722,0.6946564885496184,0.5327380952380952,0.16191839331152313
412,full,311,5,25,5,1,10,10,2722,0.7896522476675149,0.6964285714285714,0.09322367623894345
413,full,311,5,25,5,1,25,25,2722,0.905852417302799,0.7708333333333334,0.1350190839694656
414,full,311,5,25,5,1,75,75,2722,0.9482612383375743,0.8571428571428571,0.09111838119471716
415,full,311,5,25,5,5,sqrt,52 (sqrt),2722,0.813401187446989,0.8095238095238095,0.003877377923179437
416,full,311,5,25,5,5,2,2,2722,0.3375742154368109,0.3392857142857143,-0.0017114988489034255
417,full,311,5,25,5,5,5,5,2722,0.3452078032230704,0.34226190476190477,0.002945898461165608
418,full,311,5,25,5,5,10,10,2722,0.3935538592027142,0.3869047619047619,0.006649097297952267
419,full,311,5,25,5,5,25,25,2722,0.7828668363019508,0.7410714285714286,0.04179540773052215
420,full,311,5,25,5,5,75,75,2722,0.8481764206955047,0.8363095238095238,0.01186689688598086
421,full,311,5,25,5,10,sqrt,52 (sqrt),2722,0.7777777777777778,0.7886904761904762,-0.010912698412698374
422,full,311,5,25,5,10,2,2,2722,0.3375742154368109,0.3392857142857143,-0.0017114988489034255
423,full,311,5,25,5,10,5,5,2722,0.3375742154368109,0.3392857142857143,-0.0017114988489034255
424,full,311,5,25,5,10,10,10,2722,0.37234944868532655,0.37797619047619047,-0.005626741790863921
425,full,311,5,25,5,10,25,25,2722,0.6938083121289228,0.6517857142857143,0.0420225978432085
426,full,311,5,25,5,10,75,75,2722,0.8108566581849025,0.8095238095238095,0.0013328486610929557
427,full,311,5,25,5,15,sqrt,52 (sqrt),2722,0.7497879558948262,0.7440476190476191,0.005740336847207095
428,full,311,5,25,5,15,2,2,2722,0.3333333333333333,0.3333333333333333,0.0
429,full,311,5,25,5,15,5,5,2722,0.3333333333333333,0.3333333333333333,0.0
430,full,311,5,25,5,15,10,10,2722,0.3519932145886344,0.3601190476190476,-0.008125833030413199
431,full,311,5,25,5,15,25,25,2722,0.4631043256997455,0.49404761904761907,-0.030943293347873546
432,full,311,5,25,5,15,75,75,2722,0.7438507209499576,0.7470238095238095,-0.003173088573851901
433,full,311,5,25,10,1,sqrt,52 (sqrt),2722,0.9397794741306191,0.8363095238095238,0.1034699503210953
434,full,311,5,25,10,1,2,2,2722,0.7752332485156913,0.7113095238095238,0.06392372470616747
435,full,311,5,25,10,1,5,5,2722,0.6717557251908397,0.5773809523809523,0.09437477280988738
436,full,311,5,25,10,1,10,10,2722,0.7514843087362172,0.6160714285714286,0.13541288016478858
437,full,311,5,25,10,1,25,25,2722,0.904156064461408,0.7857142857142857,0.11844177874712225
438,full,311,5,25,10,1,75,75,2722,0.9516539440203562,0.8452380952380952,0.10641584878226096
439,full,311,5,25,10,5,sqrt,52 (sqrt),2722,0.813401187446989,0.8095238095238095,0.003877377923179437
440,full,311,5,25,10,5,2,2,2722,0.3375742154368109,0.3392857142857143,-0.0017114988489034255
441,full,311,5,25,10,5,5,5,2722,0.3452078032230704,0.34226190476190477,0.002945898461165608
442,full,311,5,25,10,5,10,10,2722,0.3935538592027142,0.3869047619047619,0.006649097297952267
443,full,311,5,25,10,5,25,25,2722,0.7828668363019508,0.7410714285714286,0.04179540773052215
444,full,311,5,25,10,5,75,75,2722,0.8481764206955047,0.8363095238095238,0.01186689688598086
445,full,311,5,25,10,10,sqrt,52 (sqrt),2722,0.7777777777777778,0.7886904761904762,-0.010912698412698374
446,full,311,5,25,10,10,2,2,2722,0.3375742154368109,0.3392857142857143,-0.0017114988489034255
447,full,311,5,25,10,10,5,5,2722,0.3375742154368109,0.3392857142857143,-0.0017114988489034255
448,full,311,5,25,10,10,10,10,2722,0.37234944868532655,0.37797619047619047,-0.005626741790863921
449,full,311,5,25,10,10,25,25,2722,0.6938083121289228,0.6517857142857143,0.0420225978432085
450,full,311,5,25,10,10,75,75,2722,0.8108566581849025,0.8095238095238095,0.0013328486610929557
451,full,311,5,25,10,15,sqrt,52 (sqrt),2722,0.7497879558948262,0.7440476190476191,0.005740336847207095
452,full,311,5,25,10,15,2,2,2722,0.3333333333333333,0.3333333333333333,0.0
453,full,311,5,25,10,15,5,5,2722,0.3333333333333333,0.3333333333333333,0.0
454,full,311,5,25,10,15,10,10,2722,0.3519932145886344,0.3601190476190476,-0.008125833030413199
455,full,311,5,25,10,15,25,25,2722,0.4631043256997455,0.49404761904761907,-0.030943293347873546
456,full,311,5,25,10,15,75,75,2722,0.7438507209499576,0.7470238095238095,-0.003173088573851901
457,full,311,5,25,15,1,sqrt,52 (sqrt),2722,0.9338422391857506,0.8363095238095238,0.09753271537622676
458,full,311,5,25,15,1,2,2,2722,0.7752332485156913,0.7083333333333334,0.06689991518235794
459,full,311,5,25,15,1,5,5,2722,0.6683630195080577,0.5863095238095238,0.08205349569853382
460,full,311,5,25,15,1,10,10,2722,0.7387616624257846,0.6309523809523809,0.10780928147340363
461,full,311,5,25,15,1,25,25,2722,0.8965224766751484,0.7857142857142857,0.1108081909608627
462,full,311,5,25,15,1,75,75,2722,0.9346904156064462,0.8303571428571429,0.10433327274930326
463,full,311,5,25,15,5,sqrt,52 (sqrt),2722,0.8329092451229856,0.8154761904761905,0.01743305464679512
464,full,311,5,25,15,5,2,2,2722,0.3375742154368109,0.3392857142857143,-0.0017114988489034255
465,full,311,5,25,15,5,5,5,2722,0.3452078032230704,0.34226190476190477,0.002945898461165608
466,full,311,5,25,15,5,10,10,2722,0.3935538592027142,0.3869047619047619,0.006649097297952267
467,full,311,5,25,15,5,25,25,2722,0.7837150127226463,0.7440476190476191,0.03966739367502725
468,full,311,5,25,15,5,75,75,2722,0.8592027141645462,0.8303571428571429,0.028845571307403284
469,full,311,5,25,15,10,sqrt,52 (sqrt),2722,0.7777777777777778,0.7886904761904762,-0.010912698412698374
470,full,311,5,25,15,10,2,2,2722,0.3375742154368109,0.3392857142857143,-0.0017114988489034255
471,full,311,5,25,15,10,5,5,2722,0.3375742154368109,0.3392857142857143,-0.0017114988489034255
472,full,311,5,25,15,10,10,10,2722,0.37234944868532655,0.37797619047619047,-0.005626741790863921
473,full,311,5,25,15,10,25,25,2722,0.6938083121289228,0.6517857142857143,0.0420225978432085
474,full,311,5,25,15,10,75,75,2722,0.8108566581849025,0.8095238095238095,0.0013328486610929557
475,full,311,5,25,15,15,sqrt,52 (sqrt),2722,0.7497879558948262,0.7440476190476191,0.005740336847207095
476,full,311,5,25,15,15,2,2,2722,0.3333333333333333,0.3333333333333333,0.0
477,full,311,5,25,15,15,5,5,2722,0.3333333333333333,0.3333333333333333,0.0
478,full,311,5,25,15,15,10,10,2722,0.3519932145886344,0.3601190476190476,-0.008125833030413199
479,full,311,5,25,15,15,25,25,2722,0.4631043256997455,0.49404761904761907,-0.030943293347873546
480,full,311,5,25,15,15,75,75,2722,0.7438507209499576,0.7470238095238095,-0.003173088573851901
481,full,311,5,none,2,1,sqrt,52 (sqrt),2722,0.9677692960135709,0.8214285714285714,0.14634072458499947
482,full,311,5,none,2,1,2,2,2722,0.9609838846480068,0.7142857142857143,0.24669817036229247
483,full,311,5,none,2,1,5,5,2722,0.9584393553859203,0.7261904761904762,0.23224887919544412
484,full,311,5,none,2,1,10,10,2722,0.9575911789652247,0.7351190476190477,0.22247213134617705
485,full,311,5,none,2,1,25,25,2722,0.9669211195928753,0.7857142857142857,0.1812068338785896
486,full,311,5,none,2,1,75,75,2722,0.9635284139100933,0.8184523809523809,0.14507603295771232
487,full,311,5,none,2,5,sqrt,52 (sqrt),2722,0.813401187446989,0.8095238095238095,0.003877377923179437
488,full,311,5,none,2,5,2,2,2722,0.3375742154368109,0.3392857142857143,-0.0017114988489034255
489,full,311,5,none,2,5,5,5,2722,0.3452078032230704,0.34226190476190477,0.002945898461165608
490,full,311,5,none,2,5,10,10,2722,0.3935538592027142,0.3869047619047619,0.006649097297952267
491,full,311,5,none,2,5,25,25,2722,0.7684478371501272,0.7321428571428571,0.036304980007270116
492,full,311,5,none,2,5,75,75,2722,0.8481764206955047,0.8363095238095238,0.01186689688598086
493,full,311,5,none,2,10,sqrt,52 (sqrt),2722,0.7777777777777778,0.7886904761904762,-0.010912698412698374
494,full,311,5,none,2,10,2,2,2722,0.3375742154368109,0.3392857142857143,-0.0017114988489034255
495,full,311,5,none,2,10,5,5,2722,0.3375742154368109,0.3392857142857143,-0.0017114988489034255
496,full,311,5,none,2,10,10,10,2722,0.37234944868532655,0.37797619047619047,-0.005626741790863921
497,full,311,5,none,2,10,25,25,2722,0.6938083121289228,0.6517857142857143,0.0420225978432085
498,full,311,5,none,2,10,75,75,2722,0.8108566581849025,0.8095238095238095,0.0013328486610929557
499,full,311,5,none,2,15,sqrt,52 (sqrt),2722,0.7497879558948262,0.7440476190476191,0.005740336847207095
500,full,311,5,none,2,15,2,2,2722,0.3333333333333333,0.3333333333333333,0.0
501,full,311,5,none,2,15,5,5,2722,0.3333333333333333,0.3333333333333333,0.0
502,full,311,5,none,2,15,10,10,2722,0.3519932145886344,0.3601190476190476,-0.008125833030413199
503,full,311,5,none,2,15,25,25,2722,0.4631043256997455,0.49404761904761907,-0.030943293347873546
504,full,311,5,none,2,15,75,75,2722,0.7438507209499576,0.7470238095238095,-0.003173088573851901
505,full,311,5,none,5,1,sqrt,52 (sqrt),2722,0.9550466497031382,0.8363095238095238,0.1187371258936144
506,full,311,5,none,5,1,2,2,2722,0.9465648854961832,0.7380952380952381,0.2084696474009451
507,full,311,5,none,5,1,5,5,2722,0.9525021204410518,0.7321428571428571,0.22035926329819466
508,full,311,5,none,5,1,10,10,2722,0.9499575911789653,0.7291666666666666,0.22079092451229865
509,full,311,5,none,5,1,25,25,2722,0.9592875318066157,0.8303571428571429,0.12893038894947284
510,full,311,5,none,5,1,75,75,2722,0.9508057675996607,0.8363095238095238,0.1144962437901369
511,full,311,5,none,5,5,sqrt,52 (sqrt),2722,0.813401187446989,0.8095238095238095,0.003877377923179437
512,full,311,5,none,5,5,2,2,2722,0.3375742154368109,0.3392857142857143,-0.0017114988489034255
513,full,311,5,none,5,5,5,5,2722,0.3452078032230704,0.34226190476190477,0.002945898461165608
514,full,311,5,none,5,5,10,10,2722,0.3935538592027142,0.3869047619047619,0.006649097297952267
515,full,311,5,none,5,5,25,25,2722,0.7684478371501272,0.7321428571428571,0.036304980007270116
516,full,311,5,none,5,5,75,75,2722,0.8481764206955047,0.8363095238095238,0.01186689688598086
517,full,311,5,none,5,10,sqrt,52 (sqrt),2722,0.7777777777777778,0.7886904761904762,-0.010912698412698374
518,full,311,5,none,5,10,2,2,2722,0.3375742154368109,0.3392857142857143,-0.0017114988489034255
519,full,311,5,none,5,10,5,5,2722,0.3375742154368109,0.3392857142857143,-0.0017114988489034255
520,full,311,5,none,5,10,10,10,2722,0.37234944868532655,0.37797619047619047,-0.005626741790863921
521,full,311,5,none,5,10,25,25,2722,0.6938083121289228,0.6517857142857143,0.0420225978432085
522,full,311,5,none,5,10,75,75,2722,0.8108566581849025,0.8095238095238095,0.0013328486610929557
523,full,311,5,none,5,15,sqrt,52 (sqrt),2722,0.7497879558948262,0.7440476190476191,0.005740336847207095
524,full,311,5,none,5,15,2,2,2722,0.3333333333333333,0.3333333333333333,0.0
525,full,311,5,none,5,15,5,5,2722,0.3333333333333333,0.3333333333333333,0.0
526,full,311,5,none,5,15,10,10,2722,0.3519932145886344,0.3601190476190476,-0.008125833030413199
527,full,311,5,none,5,15,25,25,2722,0.4631043256997455,0.49404761904761907,-0.030943293347873546
528,full,311,5,none,5,15,75,75,2722,0.7438507209499576,0.7470238095238095,-0.003173088573851901
529,full,311,5,none,10,1,sqrt,52 (sqrt),2722,0.9448685326547922,0.8511904761904762,0.09367805646431604
530,full,311,5,none,10,1,2,2,2722,0.9406276505513147,0.7232142857142857,0.217413364837029
531,full,311,5,none,10,1,5,5,2722,0.9346904156064462,0.7202380952380952,0.21445232036835093
532,full,311,5,none,10,1,10,10,2722,0.9397794741306191,0.7678571428571429,0.17192233127347623
533,full,311,5,none,10,1,25,25,2722,0.9482612383375743,0.8095238095238095,0.13873742881376472
534,full,311,5,none,10,1,75,75,2722,0.9516539440203562,0.8184523809523809,0.13320156306797526
535,full,311,5,none,10,5,sqrt,52 (sqrt),2722,0.813401187446989,0.8095238095238095,0.003877377923179437
536,full,311,5,none,10,5,2,2,2722,0.3375742154368109,0.3392857142857143,-0.0017114988489034255
537,full,311,5,none,10,5,5,5,2722,0.3452078032230704,0.34226190476190477,0.002945898461165608
538,full,311,5,none,10,5,10,10,2722,0.3935538592027142,0.3869047619047619,0.006649097297952267
539,full,311,5,none,10,5,25,25,2722,0.7684478371501272,0.7321428571428571,0.036304980007270116
540,full,311,5,none,10,5,75,75,2722,0.8481764206955047,0.8363095238095238,0.01186689688598086
541,full,311,5,none,10,10,sqrt,52 (sqrt),2722,0.7777777777777778,0.7886904761904762,-0.010912698412698374
542,full,311,5,none,10,10,2,2,2722,0.3375742154368109,0.3392857142857143,-0.0017114988489034255
543,full,311,5,none,10,10,5,5,2722,0.3375742154368109,0.3392857142857143,-0.0017114988489034255
544,full,311,5,none,10,10,10,10,2722,0.37234944868532655,0.37797619047619047,-0.005626741790863921
545,full,311,5,none,10,10,25,25,2722,0.6938083121289228,0.6517857142857143,0.0420225978432085
546,full,311,5,none,10,10,75,75,2722,0.8108566581849025,0.8095238095238095,0.0013328486610929557
547,full,311,5,none,10,15,sqrt,52 (sqrt),2722,0.7497879558948262,0.7440476190476191,0.005740336847207095
548,full,311,5,none,10,15,2,2,2722,0.3333333333333333,0.3333333333333333,0.0
549,full,311,5,none,10,15,5,5,2722,0.3333333333333333,0.3333333333333333,0.0
550,full,311,5,none,10,15,10,10,2722,0.3519932145886344,0.3601190476190476,-0.008125833030413199
551,full,311,5,none,10,15,25,25,2722,0.4631043256997455,0.49404761904761907,-0.030943293347873546
552,full,311,5,none,10,15,75,75,2722,0.7438507209499576,0.7470238095238095,-0.003173088573851901
553,full,311,5,none,15,1,sqrt,52 (sqrt),2722,0.9431721798134012,0.8244047619047619,0.11876741790863932
554,full,311,5,none,15,1,2,2,2722,0.9304495335029687,0.7291666666666666,0.20128286683630203
555,full,311,5,none,15,1,5,5,2722,0.9321458863443596,0.7440476190476191,0.1880982672967405
556,full,311,5,none,15,1,10,10,2722,0.9270568278201866,0.7767857142857143,0.1502711135344723
557,full,311,5,none,15,1,25,25,2722,0.9312977099236641,0.8125,0.11879770992366412
558,full,311,5,none,15,1,75,75,2722,0.9380831212892281,0.8452380952380952,0.09284502605113287
559,full,311,5,none,15,5,sqrt,52 (sqrt),2722,0.8329092451229856,0.8154761904761905,0.01743305464679512
560,full,311,5,none,15,5,2,2,2722,0.3375742154368109,0.3392857142857143,-0.0017114988489034255
561,full,311,5,none,15,5,5,5,2722,0.3452078032230704,0.34226190476190477,0.002945898461165608
562,full,311,5,none,15,5,10,10,2722,0.3935538592027142,0.3869047619047619,0.006649097297952267
563,full,311,5,none,15,5,25,25,2722,0.7752332485156913,0.7351190476190477,0.04011420089664364
564,full,311,5,none,15,5,75,75,2722,0.8592027141645462,0.8303571428571429,0.028845571307403284
565,full,311,5,none,15,10,sqrt,52 (sqrt),2722,0.7777777777777778,0.7886904761904762,-0.010912698412698374
566,full,311,5,none,15,10,2,2,2722,0.3375742154368109,0.3392857142857143,-0.0017114988489034255
567,full,311,5,none,15,10,5,5,2722,0.3375742154368109,0.3392857142857143,-0.0017114988489034255
568,full,311,5,none,15,10,10,10,2722,0.37234944868532655,0.37797619047619047,-0.005626741790863921
569,full,311,5,none,15,10,25,25,2722,0.6938083121289228,0.6517857142857143,0.0420225978432085
570,full,311,5,none,15,10,75,75,2722,0.8108566581849025,0.8095238095238095,0.0013328486610929557
571,full,311,5,none,15,15,sqrt,52 (sqrt),2722,0.7497879558948262,0.7440476190476191,0.005740336847207095
572,full,311,5,none,15,15,2,2,2722,0.3333333333333333,0.3333333333333333,0.0
573,full,311,5,none,15,15,5,5,2722,0.3333333333333333,0.3333333333333333,0.0
574,full,311,5,none,15,15,10,10,2722,0.3519932145886344,0.3601190476190476,-0.008125833030413199
575,full,311,5,none,15,15,25,25,2722,0.4631043256997455,0.49404761904761907,-0.030943293347873546
576,full,311,5,none,15,15,75,75,2722,0.7438507209499576,0.7470238095238095,-0.003173088573851901
577,full,311,10,3,2,1,sqrt,52 (sqrt),2722,0.7921967769296013,0.7946428571428571,-0.0024460802132557635
578,full,311,10,3,2,1,2,2,2722,0.5894826123833757,0.5386904761904762,0.05079213619289957
579,full,311,10,3,2,1,5,5,2722,0.4529262086513995,0.43452380952380953,0.018402399127589952
580,full,311,10,3,2,1,10,10,2722,0.5072094995759118,0.4583333333333333,0.048876166242578456
581,full,311,10,3,2,1,25,25,2722,0.6429177268871925,0.5952380952380952,0.047679631649097276
582,full,311,10,3,2,1,75,75,2722,0.7726887192536047,0.7708333333333334,0.0018553859202713463
583,full,311,10,3,2,5,sqrt,52 (sqrt),2722,0.8006785411365565,0.7946428571428571,0.006035683993699359
584,full,311,10,3,2,5,2,2,2722,0.3782866836301951,0.33630952380952384,0.04197715982067124
585,full,311,10,3,2,5,5,5,2722,0.3791348600508906,0.375,0.0041348600508905875
586,full,311,10,3,2,5,10,10,2722,0.4495335029686175,0.44642857142857145,0.003104931540046041
587,full,311,10,3,2,5,25,25,2722,0.640373197625106,0.5952380952380952,0.045135102387010795
588,full,311,10,3,2,5,75,75,2722,0.7692960135708228,0.7678571428571429,0.001438870713679874
589,full,311,10,3,2,10,sqrt,52 (sqrt),2722,0.7828668363019508,0.7886904761904762,-0.0058236398885254115
590,full,311,10,3,2,10,2,2,2722,0.3706530958439355,0.34523809523809523,0.025415000605840288
591,full,311,10,3,2,10,5,5,2722,0.37150127226463103,0.33630952380952384,0.0351917484551072
592,full,311,10,3,2,10,10,10,2722,0.43765903307888043,0.4255952380952381,0.01206379498364235
593,full,311,10,3,2,10,25,25,2722,0.6513994910941476,0.6101190476190477,0.04128044347509996
594,full,311,10,3,2,10,75,75,2722,0.7837150127226463,0.7857142857142857,-0.001999272991639378
595,full,311,10,3,2,15,sqrt,52 (sqrt),2722,0.7430025445292621,0.7440476190476191,-0.0010450745183570032
596,full,311,10,3,2,15,2,2,2722,0.3706530958439355,0.34523809523809523,0.025415000605840288
597,full,311,10,3,2,15,5,5,2722,0.37150127226463103,0.33630952380952384,0.0351917484551072
598,full,311,10,3,2,15,10,10,2722,0.3994910941475827,0.3958333333333333,0.0036577608142494
599,full,311,10,3,2,15,25,25,2722,0.48091603053435117,0.4375,0.04341603053435117
600,full,311,10,3,2,15,75,75,2722,0.7582697201017812,0.7767857142857143,-0.018515994183933127
601,full,311,10,3,5,1,sqrt,52 (sqrt),2722,0.7921967769296013,0.7946428571428571,-0.0024460802132557635
602,full,311,10,3,5,1,2,2,2722,0.5852417302798982,0.5476190476190477,0.03762268266085056
603,full,311,10,3,5,1,5,5,2722,0.4529262086513995,0.43452380952380953,0.018402399127589952
604,full,311,10,3,5,1,10,10,2722,0.5072094995759118,0.4583333333333333,0.048876166242578456
605,full,311,10,3,5,1,25,25,2722,0.6429177268871925,0.5952380952380952,0.047679631649097276
606,full,311,10,3,5,1,75,75,2722,0.7726887192536047,0.7678571428571429,0.004831576396461812
607,full,311,10,3,5,5,sqrt,52 (sqrt),2722,0.8006785411365565,0.7946428571428571,0.006035683993699359
608,full,311,10,3,5,5,2,2,2722,0.3782866836301951,0.33630952380952384,0.04197715982067124
609,full,311,10,3,5,5,5,5,2722,0.3791348600508906,0.375,0.0041348600508905875
610,full,311,10,3,5,5,10,10,2722,0.4495335029686175,0.44642857142857145,0.003104931540046041
611,full,311,10,3,5,5,25,25,2722,0.640373197625106,0.5952380952380952,0.045135102387010795
612,full,311,10,3,5,5,75,75,2722,0.7692960135708228,0.7678571428571429,0.001438870713679874
613,full,311,10,3,5,10,sqrt,52 (sqrt),2722,0.7828668363019508,0.7886904761904762,-0.0058236398885254115
614,full,311,10,3,5,10,2,2,2722,0.3706530958439355,0.34523809523809523,0.025415000605840288
615,full,311,10,3,5,10,5,5,2722,0.37150127226463103,0.33630952380952384,0.0351917484551072
616,full,311,10,3,5,10,10,10,2722,0.43765903307888043,0.4255952380952381,0.01206379498364235
617,full,311,10,3,5,10,25,25,2722,0.6513994910941476,0.6101190476190477,0.04128044347509996
618,full,311,10,3,5,10,75,75,2722,0.7837150127226463,0.7857142857142857,-0.001999272991639378
619,full,311,10,3,5,15,sqrt,52 (sqrt),2722,0.7430025445292621,0.7440476190476191,-0.0010450745183570032
620,full,311,10,3,5,15,2,2,2722,0.3706530958439355,0.34523809523809523,0.025415000605840288
621,full,311,10,3,5,15,5,5,2722,0.37150127226463103,0.33630952380952384,0.0351917484551072
622,full,311,10,3,5,15,10,10,2722,0.3994910941475827,0.3958333333333333,0.0036577608142494
623,full,311,10,3,5,15,25,25,2722,0.48091603053435117,0.4375,0.04341603053435117
624,full,311,10,3,5,15,75,75,2722,0.7582697201017812,0.7767857142857143,-0.018515994183933127
625,full,311,10,3,10,1,sqrt,52 (sqrt),2722,0.7921967769296013,0.7886904761904762,0.0035063007391251677
626,full,311,10,3,10,1,2,2,2722,0.5843935538592027,0.5446428571428571,0.03975069671634557
627,full,311,10,3,10,1,5,5,2722,0.452078032230704,0.43452380952380953,0.01755422270689444
628,full,311,10,3,10,1,10,10,2722,0.5046649703138253,0.4523809523809524,0.052284017932872906
629,full,311,10,3,10,1,25,25,2722,0.6429177268871925,0.5982142857142857,0.04470344117290681
630,full,311,10,3,10,1,75,75,2722,0.7726887192536047,0.7678571428571429,0.004831576396461812
631,full,311,10,3,10,5,sqrt,52 (sqrt),2722,0.8006785411365565,0.7946428571428571,0.006035683993699359
632,full,311,10,3,10,5,2,2,2722,0.3782866836301951,0.33630952380952384,0.04197715982067124
633,full,311,10,3,10,5,5,5,2722,0.3791348600508906,0.375,0.0041348600508905875
634,full,311,10,3,10,5,10,10,2722,0.4495335029686175,0.44642857142857145,0.003104931540046041
635,full,311,10,3,10,5,25,25,2722,0.640373197625106,0.5952380952380952,0.045135102387010795
636,full,311,10,3,10,5,75,75,2722,0.7692960135708228,0.7678571428571429,0.001438870713679874
637,full,311,10,3,10,10,sqrt,52 (sqrt),2722,0.7828668363019508,0.7886904761904762,-0.0058236398885254115
638,full,311,10,3,10,10,2,2,2722,0.3706530958439355,0.34523809523809523,0.025415000605840288
639,full,311,10,3,10,10,5,5,2722,0.37150127226463103,0.33630952380952384,0.0351917484551072
640,full,311,10,3,10,10,10,10,2722,0.43765903307888043,0.4255952380952381,0.01206379498364235
641,full,311,10,3,10,10,25,25,2722,0.6513994910941476,0.6101190476190477,0.04128044347509996
642,full,311,10,3,10,10,75,75,2722,0.7837150127226463,0.7857142857142857,-0.001999272991639378
643,full,311,10,3,10,15,sqrt,52 (sqrt),2722,0.7430025445292621,0.7440476190476191,-0.0010450745183570032
644,full,311,10,3,10,15,2,2,2722,0.3706530958439355,0.34523809523809523,0.025415000605840288
645,full,311,10,3,10,15,5,5,2722,0.37150127226463103,0.33630952380952384,0.0351917484551072
646,full,311,10,3,10,15,10,10,2722,0.3994910941475827,0.3958333333333333,0.0036577608142494
647,full,311,10,3,10,15,25,25,2722,0.48091603053435117,0.4375,0.04341603053435117
648,full,311,10,3,10,15,75,75,2722,0.7582697201017812,0.7767857142857143,-0.018515994183933127
649,full,311,10,3,15,1,sqrt,52 (sqrt),2722,0.7921967769296013,0.7886904761904762,0.0035063007391251677
650,full,311,10,3,15,1,2,2,2722,0.5843935538592027,0.5446428571428571,0.03975069671634557
651,full,311,10,3,15,1,5,5,2722,0.452078032230704,0.43452380952380953,0.01755422270689444
652,full,311,10,3,15,1,10,10,2722,0.5046649703138253,0.4523809523809524,0.052284017932872906
653,full,311,10,3,15,1,25,25,2722,0.642069550466497,0.5982142857142857,0.043855264752211354
654,full,311,10,3,15,1,75,75,2722,0.7726887192536047,0.7678571428571429,0.004831576396461812
655,full,311,10,3,15,5,sqrt,52 (sqrt),2722,0.8006785411365565,0.7946428571428571,0.006035683993699359
656,full,311,10,3,15,5,2,2,2722,0.3782866836301951,0.33630952380952384,0.04197715982067124
657,full,311,10,3,15,5,5,5,2722,0.3791348600508906,0.375,0.0041348600508905875
658,full,311,10,3,15,5,10,10,2722,0.4495335029686175,0.44642857142857145,0.003104931540046041
659,full,311,10,3,15,5,25,25,2722,0.640373197625106,0.5952380952380952,0.045135102387010795
660,full,311,10,3,15,5,75,75,2722,0.7692960135708228,0.7678571428571429,0.001438870713679874
661,full,311,10,3,15,10,sqrt,52 (sqrt),2722,0.7828668363019508,0.7886904761904762,-0.0058236398885254115
662,full,311,10,3,15,10,2,2,2722,0.3706530958439355,0.34523809523809523,0.025415000605840288
663,full,311,10,3,15,10,5,5,2722,0.37150127226463103,0.33630952380952384,0.0351917484551072
664,full,311,10,3,15,10,10,10,2722,0.43765903307888043,0.4255952380952381,0.01206379498364235
665,full,311,10,3,15,10,25,25,2722,0.6513994910941476,0.6101190476190477,0.04128044347509996
666,full,311,10,3,15,10,75,75,2722,0.7837150127226463,0.7857142857142857,-0.001999272991639378
667,full,311,10,3,15,15,sqrt,52 (sqrt),2722,0.7430025445292621,0.7440476190476191,-0.0010450745183570032
668,full,311,10,3,15,15,2,2,2722,0.3706530958439355,0.34523809523809523,0.025415000605840288
669,full,311,10,3,15,15,5,5,2722,0.37150127226463103,0.33630952380952384,0.0351917484551072
670,full,311,10,3,15,15,10,10,2722,0.3994910941475827,0.3958333333333333,0.0036577608142494
671,full,311,10,3,15,15,25,25,2722,0.48091603053435117,0.4375,0.04341603053435117
672,full,311,10,3,15,15,75,75,2722,0.7582697201017812,0.7767857142857143,-0.018515994183933127
673,full,311,10,5,2,1,sqrt,52 (sqrt),2722,0.8363019508057676,0.8154761904761905,0.02082576032957717
674,full,311,10,5,2,1,2,2,2722,0.6123833757421544,0.5178571428571429,0.0945262328850115
675,full,311,10,5,2,1,5,5,2722,0.5453774385072095,0.49404761904761907,0.051329819459590476
676,full,311,10,5,2,1,10,10,2722,0.5886344359626803,0.5327380952380952,0.05589634072458505
677,full,311,10,5,2,1,25,25,2722,0.6997455470737913,0.5952380952380952,0.1045074518356961
678,full,311,10,5,2,1,75,75,2722,0.8329092451229856,0.8065476190476191,0.026361626075366518
679,full,311,10,5,2,5,sqrt,52 (sqrt),2722,0.8100084817642069,0.8065476190476191,0.0034608627165878536
680,full,311,10,5,2,5,2,2,2722,0.3782866836301951,0.33630952380952384,0.04197715982067124
681,full,311,10,5,2,5,5,5,2722,0.3816793893129771,0.3541666666666667,0.02751272264631044
682,full,311,10,5,2,5,10,10,2722,0.4766751484308736,0.4791666666666667,-0.0024915182357930776
683,full,311,10,5,2,5,25,25,2722,0.6632739609838847,0.6130952380952381,0.050178722888646554
684,full,311,10,5,2,5,75,75,2722,0.818490245971162,0.8303571428571429,-0.01186689688598086
685,full,311,10,5,2,10,sqrt,52 (sqrt),2722,0.7896522476675149,0.8214285714285714,-0.031776323761056546
686,full,311,10,5,2,10,2,2,2722,0.3706530958439355,0.34523809523809523,0.025415000605840288
687,full,311,10,5,2,10,5,5,2722,0.37150127226463103,0.33630952380952384,0.0351917484551072
688,full,311,10,5,2,10,10,10,2722,0.4529262086513995,0.4226190476190476,0.03030716103235187
689,full,311,10,5,2,10,25,25,2722,0.6793893129770993,0.6190476190476191,0.06034169392948019
690,full,311,10,5,2,10,75,75,2722,0.806615776081425,0.8065476190476191,6.815703380591565e-05
691,full,311,10,5,2,15,sqrt,52 (sqrt),2722,0.7557251908396947,0.7827380952380952,-0.02701290439840054
692,full,311,10,5,2,15,2,2,2722,0.3706530958439355,0.34523809523809523,0.025415000605840288
693,full,311,10,5,2,15,5,5,2722,0.37150127226463103,0.33630952380952384,0.0351917484551072
694,full,311,10,5,2,15,10,10,2722,0.3994910941475827,0.3958333333333333,0.0036577608142494
695,full,311,10,5,2,15,25,25,2722,0.4961832061068702,0.4523809523809524,0.04380225372591784
696,full,311,10,5,2,15,75,75,2722,0.7854113655640373,0.8095238095238095,-0.02411244395977219
697,full,311,10,5,5,1,sqrt,52 (sqrt),2722,0.8363019508057676,0.8154761904761905,0.02082576032957717
698,full,311,10,5,5,1,2,2,2722,0.6055979643765903,0.5267857142857143,0.078812250090876
699,full,311,10,5,5,1,5,5,2722,0.5436810856658185,0.49107142857142855,0.05260965709438997
700,full,311,10,5,5,1,10,10,2722,0.5852417302798982,0.5267857142857143,0.05845601599418393
701,full,311,10,5,5,1,25,25,2722,0.6726039016115352,0.5982142857142857,0.07438961589724946
702,full,311,10,5,5,1,75,75,2722,0.8312128922815946,0.8125,0.018712892281594562
703,full,311,10,5,5,5,sqrt,52 (sqrt),2722,0.8100084817642069,0.8065476190476191,0.0034608627165878536
704,full,311,10,5,5,5,2,2,2722,0.3782866836301951,0.33630952380952384,0.04197715982067124
705,full,311,10,5,5,5,5,5,2722,0.3816793893129771,0.3541666666666667,0.02751272264631044
706,full,311,10,5,5,5,10,10,2722,0.4766751484308736,0.4791666666666667,-0.0024915182357930776
707,full,311,10,5,5,5,25,25,2722,0.6632739609838847,0.6130952380952381,0.050178722888646554
708,full,311,10,5,5,5,75,75,2722,0.818490245971162,0.8303571428571429,-0.01186689688598086
709,full,311,10,5,5,10,sqrt,52 (sqrt),2722,0.7896522476675149,0.8214285714285714,-0.031776323761056546
710,full,311,10,5,5,10,2,2,2722,0.3706530958439355,0.34523809523809523,0.025415000605840288
711,full,311,10,5,5,10,5,5,2722,0.37150127226463103,0.33630952380952384,0.0351917484551072
712,full,311,10,5,5,10,10,10,2722,0.4529262086513995,0.4226190476190476,0.03030716103235187
713,full,311,10,5,5,10,25,25,2722,0.6793893129770993,0.6190476190476191,0.06034169392948019
714,full,311,10,5,5,10,75,75,2722,0.806615776081425,0.8065476190476191,6.815703380591565e-05
715,full,311,10,5,5,15,sqrt,52 (sqrt),2722,0.7557251908396947,0.7827380952380952,-0.02701290439840054
716,full,311,10,5,5,15,2,2,2722,0.3706530958439355,0.34523809523809523,0.025415000605840288
717,full,311,10,5,5,15,5,5,2722,0.37150127226463103,0.33630952380952384,0.0351917484551072
718,full,311,10,5,5,15,10,10,2722,0.3994910941475827,0.3958333333333333,0.0036577608142494
719,full,311,10,5,5,15,25,25,2722,0.4961832061068702,0.4523809523809524,0.04380225372591784
720,full,311,10,5,5,15,75,75,2722,0.7854113655640373,0.8095238095238095,-0.02411244395977219
721,full,311,10,5,10,1,sqrt,52 (sqrt),2722,0.8346055979643766,0.8184523809523809,0.01615321701199568
722,full,311,10,5,10,1,2,2,2722,0.6013570822731128,0.5267857142857143,0.0745713679873985
723,full,311,10,5,10,1,5,5,2722,0.539440203562341,0.4880952380952381,0.05134496546710293
724,full,311,10,5,10,1,10,10,2722,0.5776081424936387,0.5267857142857143,0.050822428207924375
725,full,311,10,5,10,1,25,25,2722,0.6734520780322307,0.6071428571428571,0.06630922088937363
726,full,311,10,5,10,1,75,75,2722,0.8303647158608991,0.8125,0.017864715860899105
727,full,311,10,5,10,5,sqrt,52 (sqrt),2722,0.8100084817642069,0.8065476190476191,0.0034608627165878536
728,full,311,10,5,10,5,2,2,2722,0.3782866836301951,0.33630952380952384,0.04197715982067124
729,full,311,10,5,10,5,5,5,2722,0.3816793893129771,0.3541666666666667,0.02751272264631044
730,full,311,10,5,10,5,10,10,2722,0.4766751484308736,0.4791666666666667,-0.0024915182357930776
731,full,311,10,5,10,5,25,25,2722,0.6632739609838847,0.6130952380952381,0.050178722888646554
732,full,311,10,5,10,5,75,75,2722,0.818490245971162,0.8303571428571429,-0.01186689688598086
733,full,311,10,5,10,10,sqrt,52 (sqrt),2722,0.7896522476675149,0.8214285714285714,-0.031776323761056546
734,full,311,10,5,10,10,2,2,2722,0.3706530958439355,0.34523809523809523,0.025415000605840288
735,full,311,10,5,10,10,5,5,2722,0.37150127226463103,0.33630952380952384,0.0351917484551072
736,full,311,10,5,10,10,10,10,2722,0.4529262086513995,0.4226190476190476,0.03030716103235187
737,full,311,10,5,10,10,25,25,2722,0.6793893129770993,0.6190476190476191,0.06034169392948019
738,full,311,10,5,10,10,75,75,2722,0.806615776081425,0.8065476190476191,6.815703380591565e-05
739,full,311,10,5,10,15,sqrt,52 (sqrt),2722,0.7557251908396947,0.7827380952380952,-0.02701290439840054
740,full,311,10,5,10,15,2,2,2722,0.3706530958439355,0.34523809523809523,0.025415000605840288
741,full,311,10,5,10,15,5,5,2722,0.37150127226463103,0.33630952380952384,0.0351917484551072
742,full,311,10,5,10,15,10,10,2722,0.3994910941475827,0.3958333333333333,0.0036577608142494
743,full,311,10,5,10,15,25,25,2722,0.4961832061068702,0.4523809523809524,0.04380225372591784
744,full,311,10,5,10,15,75,75,2722,0.7854113655640373,0.8095238095238095,-0.02411244395977219
745,full,311,10,5,15,1,sqrt,52 (sqrt),2722,0.8354537743850721,0.8154761904761905,0.019977583908881602
746,full,311,10,5,15,1,2,2,2722,0.6013570822731128,0.5267857142857143,0.0745713679873985
747,full,311,10,5,15,1,5,5,2722,0.539440203562341,0.4880952380952381,0.05134496546710293
748,full,311,10,5,15,1,10,10,2722,0.5759117896522477,0.5297619047619048,0.046149884890342885
749,full,311,10,5,15,1,25,25,2722,0.6717557251908397,0.6041666666666666,0.06758905852417307
750,full,311,10,5,15,1,75,75,2722,0.8286683630195081,0.8154761904761905,0.013192172543317615
751,full,311,10,5,15,5,sqrt,52 (sqrt),2722,0.8091603053435115,0.8065476190476191,0.002612686295892397
752,full,311,10,5,15,5,2,2,2722,0.3782866836301951,0.33630952380952384,0.04197715982067124
753,full,311,10,5,15,5,5,5,2722,0.3816793893129771,0.3541666666666667,0.02751272264631044
754,full,311,10,5,15,5,10,10,2722,0.4741306191687871,0.4851190476190476,-0.01098842845026049
755,full,311,10,5,15,5,25,25,2722,0.6624257845631891,0.6101190476190477,0.05230673694414145
756,full,311,10,5,15,5,75,75,2722,0.8125530110262935,0.8125,5.301102629351462e-05
757,full,311,10,5,15,10,sqrt,52 (sqrt),2722,0.7896522476675149,0.8214285714285714,-0.031776323761056546
758,full,311,10,5,15,10,2,2,2722,0.3706530958439355,0.34523809523809523,0.025415000605840288
759,full,311,10,5,15,10,5,5,2722,0.37150127226463103,0.33630952380952384,0.0351917484551072
760,full,311,10,5,15,10,10,10,2722,0.4529262086513995,0.4226190476190476,0.03030716103235187
761,full,311,10,5,15,10,25,25,2722,0.6793893129770993,0.6190476190476191,0.06034169392948019
762,full,311,10,5,15,10,75,75,2722,0.806615776081425,0.8065476190476191,6.815703380591565e-05
763,full,311,10,5,15,15,sqrt,52 (sqrt),2722,0.7557251908396947,0.7827380952380952,-0.02701290439840054
764,full,311,10,5,15,15,2,2,2722,0.3706530958439355,0.34523809523809523,0.025415000605840288
765,full,311,10,5,15,15,5,5,2722,0.37150127226463103,0.33630952380952384,0.0351917484551072
766,full,311,10,5,15,15,10,10,2722,0.3994910941475827,0.3958333333333333,0.0036577608142494
767,full,311,10,5,15,15,25,25,2722,0.4961832061068702,0.4523809523809524,0.04380225372591784
768,full,311,10,5,15,15,75,75,2722,0.7854113655640373,0.8095238095238095,-0.02411244395977219
769,full,311,10,10,2,1,sqrt,52 (sqrt),2722,0.899067005937235,0.8333333333333334,0.06573367260390162
770,full,311,10,10,2,1,2,2,2722,0.6539440203562341,0.5386904761904762,0.11525354416575795
771,full,311,10,10,2,1,5,5,2722,0.7031382527565734,0.6190476190476191,0.08409063370895431
772,full,311,10,10,2,1,10,10,2722,0.7837150127226463,0.7023809523809523,0.08133406034169399
773,full,311,10,10,2,1,25,25,2722,0.8473282442748091,0.7886904761904762,0.058637768084332964
774,full,311,10,10,2,1,75,75,2722,0.8804071246819338,0.8273809523809523,0.0530261723009815
775,full,311,10,10,2,5,sqrt,52 (sqrt),2722,0.8549618320610687,0.8571428571428571,-0.0021810250817884125
776,full,311,10,10,2,5,2,2,2722,0.3782866836301951,0.33630952380952384,0.04197715982067124
777,full,311,10,10,2,5,5,5,2722,0.5759117896522477,0.5416666666666666,0.03424512298558102
778,full,311,10,10,2,5,10,10,2722,0.720949957591179,0.7113095238095238,0.009640433781655133
779,full,311,10,10,2,5,25,25,2722,0.7777777777777778,0.7261904761904762,0.051587301587301626
780,full,311,10,10,2,5,75,75,2722,0.8541136556403732,0.8452380952380952,0.008875560402277993
781,full,311,10,10,2,10,sqrt,52 (sqrt),2722,0.8261238337574215,0.8392857142857143,-0.013161880528292813
782,full,311,10,10,2,10,2,2,2722,0.3706530958439355,0.34523809523809523,0.025415000605840288
783,full,311,10,10,2,10,5,5,2722,0.37150127226463103,0.33630952380952384,0.0351917484551072
784,full,311,10,10,2,10,10,10,2722,0.4529262086513995,0.4226190476190476,0.03030716103235187
785,full,311,10,10,2,10,25,25,2722,0.7362171331636981,0.6904761904761905,0.04574094268750761
786,full,311,10,10,2,10,75,75,2722,0.8303647158608991,0.8214285714285714,0.008936144432327708
787,full,311,10,10,2,15,sqrt,52 (sqrt),2722,0.7650551314673452,0.7857142857142857,-0.020659154246940536
788,full,311,10,10,2,15,2,2,2722,0.3706530958439355,0.34523809523809523,0.025415000605840288
789,full,311,10,10,2,15,5,5,2722,0.37150127226463103,0.33630952380952384,0.0351917484551072
790,full,311,10,10,2,15,10,10,2722,0.3994910941475827,0.3958333333333333,0.0036577608142494
791,full,311,10,10,2,15,25,25,2722,0.5224766751484309,0.5208333333333334,0.0016433418150975099
792,full,311,10,10,2,15,75,75,2722,0.7955894826123834,0.7946428571428571,0.0009466254695262855
793,full,311,10,10,5,1,sqrt,52 (sqrt),2722,0.8931297709923665,0.8303571428571429,0.06277262813522355
794,full,311,10,10,5,1,2,2,2722,0.64715860899067,0.5357142857142857,0.11144432327638432
795,full,311,10,10,5,1,5,5,2722,0.6912637828668363,0.6130952380952381,0.07816854477159818
796,full,311,10,10,5,1,10,10,2722,0.7913486005089059,0.7380952380952381,0.05325336241366774
797,full,311,10,10,5,1,25,25,2722,0.8379983036471587,0.7440476190476191,0.09395068459953959
798,full,311,10,10,5,1,75,75,2722,0.8939779474130619,0.8422619047619048,0.051716042651157146
799,full,311,10,10,5,5,sqrt,52 (sqrt),2722,0.8549618320610687,0.8571428571428571,-0.0021810250817884125
800,full,311,10,10,5,5,2,2,2722,0.3782866836301951,0.33630952380952384,0.04197715982067124
801,full,311,10,10,5,5,5,5,2722,0.5759117896522477,0.5416666666666666,0.03424512298558102
802,full,311,10,10,5,5,10,10,2722,0.720949957591179,0.7113095238095238,0.009640433781655133
803,full,311,10,10,5,5,25,25,2722,0.7777777777777778,0.7261904761904762,0.051587301587301626
804,full,311,10,10,5,5,75,75,2722,0.8541136556403732,0.8452380952380952,0.008875560402277993
805,full,311,10,10,5,10,sqrt,52 (sqrt),2722,0.8261238337574215,0.8392857142857143,-0.013161880528292813
806,full,311,10,10,5,10,2,2,2722,0.3706530958439355,0.34523809523809523,0.025415000605840288
807,full,311,10,10,5,10,5,5,2722,0.37150127226463103,0.33630952380952384,0.0351917484551072
808,full,311,10,10,5,10,10,10,2722,0.4529262086513995,0.4226190476190476,0.03030716103235187
809,full,311,10,10,5,10,25,25,2722,0.7362171331636981,0.6904761904761905,0.04574094268750761
810,full,311,10,10,5,10,75,75,2722,0.8303647158608991,0.8214285714285714,0.008936144432327708
811,full,311,10,10,5,15,sqrt,52 (sqrt),2722,0.7650551314673452,0.7857142857142857,-0.020659154246940536
812,full,311,10,10,5,15,2,2,2722,0.3706530958439355,0.34523809523809523,0.025415000605840288
813,full,311,10,10,5,15,5,5,2722,0.37150127226463103,0.33630952380952384,0.0351917484551072
814,full,311,10,10,5,15,10,10,2722,0.3994910941475827,0.3958333333333333,0.0036577608142494
815,full,311,10,10,5,15,25,25,2722,0.5224766751484309,0.5208333333333334,0.0016433418150975099
816,full,311,10,10,5,15,75,75,2722,0.7955894826123834,0.7946428571428571,0.0009466254695262855
817,full,311,10,10,10,1,sqrt,52 (sqrt),2722,0.8888888888888888,0.8452380952380952,0.04365079365079361
818,full,311,10,10,10,1,2,2,2722,0.6463104325699746,0.5357142857142857,0.11059614685568886
819,full,311,10,10,10,1,5,5,2722,0.6904156064461408,0.6130952380952381,0.07732036835090261
820,full,311,10,10,10,1,10,10,2722,0.7947413061916879,0.7529761904761905,0.04176511571549746
821,full,311,10,10,10,1,25,25,2722,0.8286683630195081,0.7529761904761905,0.07569217254331762
822,full,311,10,10,10,1,75,75,2722,0.8812553011026294,0.8214285714285714,0.059826729674058
823,full,311,10,10,10,5,sqrt,52 (sqrt),2722,0.8549618320610687,0.8571428571428571,-0.0021810250817884125
824,full,311,10,10,10,5,2,2,2722,0.3782866836301951,0.33630952380952384,0.04197715982067124
825,full,311,10,10,10,5,5,5,2722,0.5759117896522477,0.5416666666666666,0.03424512298558102
826,full,311,10,10,10,5,10,10,2722,0.720949957591179,0.7113095238095238,0.009640433781655133
827,full,311,10,10,10,5,25,25,2722,0.7777777777777778,0.7261904761904762,0.051587301587301626
828,full,311,10,10,10,5,75,75,2722,0.8541136556403732,0.8452380952380952,0.008875560402277993
829,full,311,10,10,10,10,sqrt,52 (sqrt),2722,0.8261238337574215,0.8392857142857143,-0.013161880528292813
830,full,311,10,10,10,10,2,2,2722,0.3706530958439355,0.34523809523809523,0.025415000605840288
831,full,311,10,10,10,10,5,5,2722,0.37150127226463103,0.33630952380952384,0.0351917484551072
832,full,311,10,10,10,10,10,10,2722,0.4529262086513995,0.4226190476190476,0.03030716103235187
833,full,311,10,10,10,10,25,25,2722,0.7362171331636981,0.6904761904761905,0.04574094268750761
834,full,311,10,10,10,10,75,75,2722,0.8303647158608991,0.8214285714285714,0.008936144432327708
835,full,311,10,10,10,15,sqrt,52 (sqrt),2722,0.7650551314673452,0.7857142857142857,-0.020659154246940536
836,full,311,10,10,10,15,2,2,2722,0.3706530958439355,0.34523809523809523,0.025415000605840288
837,full,311,10,10,10,15,5,5,2722,0.37150127226463103,0.33630952380952384,0.0351917484551072
838,full,311,10,10,10,15,10,10,2722,0.3994910941475827,0.3958333333333333,0.0036577608142494
839,full,311,10,10,10,15,25,25,2722,0.5224766751484309,0.5208333333333334,0.0016433418150975099
840,full,311,10,10,10,15,75,75,2722,0.7955894826123834,0.7946428571428571,0.0009466254695262855
841,full,311,10,10,15,1,sqrt,52 (sqrt),2722,0.8922815945716709,0.8541666666666666,0.03811492790500426
842,full,311,10,10,15,1,2,2,2722,0.6454622561492791,0.5357142857142857,0.1097479704349934
843,full,311,10,10,15,1,5,5,2722,0.6895674300254453,0.6101190476190477,0.07944838240639762
844,full,311,10,10,15,1,10,10,2722,0.7913486005089059,0.7470238095238095,0.04432479098509634
845,full,311,10,10,15,1,25,25,2722,0.8320610687022901,0.7708333333333334,0.06122773536895676
846,full,311,10,10,15,1,75,75,2722,0.8804071246819338,0.8333333333333334,0.04707379134860046
847,full,311,10,10,15,5,sqrt,52 (sqrt),2722,0.8600508905852418,0.8571428571428571,0.002908033442384661
848,full,311,10,10,15,5,2,2,2722,0.3782866836301951,0.33630952380952384,0.04197715982067124
849,full,311,10,10,15,5,5,5,2722,0.5759117896522477,0.5416666666666666,0.03424512298558102
850,full,311,10,10,15,5,10,10,2722,0.7217981340118744,0.7083333333333334,0.013464800678541056
851,full,311,10,10,15,5,25,25,2722,0.7811704834605598,0.7202380952380952,0.060932388222464606
852,full,311,10,10,15,5,75,75,2722,0.8549618320610687,0.8333333333333334,0.021628498727735312
853,full,311,10,10,15,10,sqrt,52 (sqrt),2722,0.8261238337574215,0.8392857142857143,-0.013161880528292813
854,full,311,10,10,15,10,2,2,2722,0.3706530958439355,0.34523809523809523,0.025415000605840288
855,full,311,10,10,15,10,5,5,2722,0.37150127226463103,0.33630952380952384,0.0351917484551072
856,full,311,10,10,15,10,10,10,2722,0.4529262086513995,0.4226190476190476,0.03030716103235187
857,full,311,10,10,15,10,25,25,2722,0.7362171331636981,0.6904761904761905,0.04574094268750761
858,full,311,10,10,15,10,75,75,2722,0.8303647158608991,0.8214285714285714,0.008936144432327708
859,full,311,10,10,15,15,sqrt,52 (sqrt),2722,0.7650551314673452,0.7857142857142857,-0.020659154246940536
860,full,311,10,10,15,15,2,2,2722,0.3706530958439355,0.34523809523809523,0.025415000605840288
861,full,311,10,10,15,15,5,5,2722,0.37150127226463103,0.33630952380952384,0.0351917484551072
862,full,311,10,10,15,15,10,10,2722,0.3994910941475827,0.3958333333333333,0.0036577608142494
863,full,311,10,10,15,15,25,25,2722,0.5224766751484309,0.5208333333333334,0.0016433418150975099
864,full,311,10,10,15,15,75,75,2722,0.7955894826123834,0.7946428571428571,0.0009466254695262855
865,full,311,10,15,2,1,sqrt,52 (sqrt),2722,0.9372349448685326,0.8571428571428571,0.08009208772567555
866,full,311,10,15,2,1,2,2,2722,0.7811704834605598,0.625,0.15617048346055984
867,full,311,10,15,2,1,5,5,2722,0.804919423240034,0.6785714285714286,0.12634799466860536
868,full,311,10,15,2,1,10,10,2722,0.8303647158608991,0.7321428571428571,0.09822185871804201
869,full,311,10,15,2,1,25,25,2722,0.9126378286683631,0.7767857142857143,0.13585211438264877
870,full,311,10,15,2,1,75,75,2722,0.9355385920271416,0.8571428571428571,0.07839573488428453
871,full,311,10,15,2,5,sqrt,52 (sqrt),2722,0.8575063613231552,0.8601190476190477,-0.002612686295892508
872,full,311,10,15,2,5,2,2,2722,0.3782866836301951,0.33630952380952384,0.04197715982067124
873,full,311,10,15,2,5,5,5,2722,0.5759117896522477,0.5416666666666666,0.03424512298558102
874,full,311,10,15,2,5,10,10,2722,0.720949957591179,0.7083333333333334,0.012616624257845599
875,full,311,10,15,2,5,25,25,2722,0.8032230703986429,0.75,0.053223070398642935
876,full,311,10,15,2,5,75,75,2722,0.8710771840542832,0.8511904761904762,0.019886707863807085
877,full,311,10,15,2,10,sqrt,52 (sqrt),2722,0.823579304495335,0.8214285714285714,0.0021507330667636104
878,full,311,10,15,2,10,2,2,2722,0.3706530958439355,0.34523809523809523,0.025415000605840288
879,full,311,10,15,2,10,5,5,2722,0.37150127226463103,0.33630952380952384,0.0351917484551072
880,full,311,10,15,2,10,10,10,2722,0.4529262086513995,0.4226190476190476,0.03030716103235187
881,full,311,10,15,2,10,25,25,2722,0.7362171331636981,0.6904761904761905,0.04574094268750761
882,full,311,10,15,2,10,75,75,2722,0.8303647158608991,0.8273809523809523,0.002983763479946777
883,full,311,10,15,2,15,sqrt,52 (sqrt),2722,0.7650551314673452,0.7857142857142857,-0.020659154246940536
884,full,311,10,15,2,15,2,2,2722,0.3706530958439355,0.34523809523809523,0.025415000605840288
885,full,311,10,15,2,15,5,5,2722,0.37150127226463103,0.33630952380952384,0.0351917484551072
886,full,311,10,15,2,15,10,10,2722,0.3994910941475827,0.3958333333333333,0.0036577608142494
887,full,311,10,15,2,15,25,25,2722,0.5224766751484309,0.5208333333333334,0.0016433418150975099
888,full,311,10,15,2,15,75,75,2722,0.7947413061916879,0.7946428571428571,9.844904883082872e-05
889,full,311,10,15,5,1,sqrt,52 (sqrt),2722,0.9321458863443596,0.8452380952380952,0.08690779110626434
890,full,311,10,15,5,1,2,2,2722,0.7752332485156913,0.6636904761904762,0.11154277232521514
891,full,311,10,15,5,1,5,5,2722,0.7964376590330788,0.6755952380952381,0.1208424209378407
892,full,311,10,15,5,1,10,10,2722,0.8227311280746396,0.7261904761904762,0.09654065188416339
893,full,311,10,15,5,1,25,25,2722,0.8931297709923665,0.7827380952380952,0.11039167575427122
894,full,311,10,15,5,1,75,75,2722,0.9355385920271416,0.8452380952380952,0.09030049678904639
895,full,311,10,15,5,5,sqrt,52 (sqrt),2722,0.8575063613231552,0.8601190476190477,-0.002612686295892508
896,full,311,10,15,5,5,2,2,2722,0.3782866836301951,0.33630952380952384,0.04197715982067124
897,full,311,10,15,5,5,5,5,2722,0.5759117896522477,0.5416666666666666,0.03424512298558102
898,full,311,10,15,5,5,10,10,2722,0.720949957591179,0.7083333333333334,0.012616624257845599
899,full,311,10,15,5,5,25,25,2722,0.8032230703986429,0.75,0.053223070398642935
900,full,311,10,15,5,5,75,75,2722,0.8710771840542832,0.8511904761904762,0.019886707863807085
901,full,311,10,15,5,10,sqrt,52 (sqrt),2722,0.823579304495335,0.8214285714285714,0.0021507330667636104
902,full,311,10,15,5,10,2,2,2722,0.3706530958439355,0.34523809523809523,0.025415000605840288
903,full,311,10,15,5,10,5,5,2722,0.37150127226463103,0.33630952380952384,0.0351917484551072
904,full,311,10,15,5,10,10,10,2722,0.4529262086513995,0.4226190476190476,0.03030716103235187
905,full,311,10,15,5,10,25,25,2722,0.7362171331636981,0.6904761904761905,0.04574094268750761
906,full,311,10,15,5,10,75,75,2722,0.8303647158608991,0.8273809523809523,0.002983763479946777
907,full,311,10,15,5,15,sqrt,52 (sqrt),2722,0.7650551314673452,0.7857142857142857,-0.020659154246940536
908,full,311,10,15,5,15,2,2,2722,0.3706530958439355,0.34523809523809523,0.025415000605840288
909,full,311,10,15,5,15,5,5,2722,0.37150127226463103,0.33630952380952384,0.0351917484551072
910,full,311,10,15,5,15,10,10,2722,0.3994910941475827,0.3958333333333333,0.0036577608142494
911,full,311,10,15,5,15,25,25,2722,0.5224766751484309,0.5208333333333334,0.0016433418150975099
912,full,311,10,15,5,15,75,75,2722,0.7947413061916879,0.7946428571428571,9.844904883082872e-05
913,full,311,10,15,10,1,sqrt,52 (sqrt),2722,0.9363867684478372,0.875,0.06138676844783719
914,full,311,10,15,10,1,2,2,2722,0.7642069550466497,0.6696428571428571,0.09456409790379261
915,full,311,10,15,10,1,5,5,2722,0.7930449533502969,0.6636904761904762,0.12935447715982074
916,full,311,10,15,10,1,10,10,2722,0.8354537743850721,0.7619047619047619,0.0735490124803102
917,full,311,10,15,10,1,25,25,2722,0.8905852417302799,0.8065476190476191,0.0840376226826608
918,full,311,10,15,10,1,75,75,2722,0.9296013570822731,0.8571428571428571,0.072458499939416
919,full,311,10,15,10,5,sqrt,52 (sqrt),2722,0.8575063613231552,0.8601190476190477,-0.002612686295892508
920,full,311,10,15,10,5,2,2,2722,0.3782866836301951,0.33630952380952384,0.04197715982067124
921,full,311,10,15,10,5,5,5,2722,0.5759117896522477,0.5416666666666666,0.03424512298558102
922,full,311,10,15,10,5,10,10,2722,0.720949957591179,0.7083333333333334,0.012616624257845599
923,full,311,10,15,10,5,25,25,2722,0.8032230703986429,0.75,0.053223070398642935
924,full,311,10,15,10,5,75,75,2722,0.8710771840542832,0.8511904761904762,0.019886707863807085
925,full,311,10,15,10,10,sqrt,52 (sqrt),2722,0.823579304495335,0.8214285714285714,0.0021507330667636104
926,full,311,10,15,10,10,2,2,2722,0.3706530958439355,0.34523809523809523,0.025415000605840288
927,full,311,10,15,10,10,5,5,2722,0.37150127226463103,0.33630952380952384,0.0351917484551072
928,full,311,10,15,10,10,10,10,2722,0.4529262086513995,0.4226190476190476,0.03030716103235187
929,full,311,10,15,10,10,25,25,2722,0.7362171331636981,0.6904761904761905,0.04574094268750761
930,full,311,10,15,10,10,75,75,2722,0.8303647158608991,0.8273809523809523,0.002983763479946777
931,full,311,10,15,10,15,sqrt,52 (sqrt),2722,0.7650551314673452,0.7857142857142857,-0.020659154246940536
932,full,311,10,15,10,15,2,2,2722,0.3706530958439355,0.34523809523809523,0.025415000605840288
933,full,311,10,15,10,15,5,5,2722,0.37150127226463103,0.33630952380952384,0.0351917484551072
934,full,311,10,15,10,15,10,10,2722,0.3994910941475827,0.3958333333333333,0.0036577608142494
935,full,311,10,15,10,15,25,25,2722,0.5224766751484309,0.5208333333333334,0.0016433418150975099
936,full,311,10,15,10,15,75,75,2722,0.7947413061916879,0.7946428571428571,9.844904883082872e-05
937,full,311,10,15,15,1,sqrt,52 (sqrt),2722,0.9287531806615776,0.8601190476190477,0.06863413304252997
938,full,311,10,15,15,1,2,2,2722,0.7625106022052587,0.6696428571428571,0.09286774506240159
939,full,311,10,15,15,1,5,5,2722,0.7905004240882103,0.6726190476190477,0.11788137646916264
940,full,311,10,15,15,1,10,10,2722,0.8278201865988125,0.7589285714285714,0.06889161517024112
941,full,311,10,15,15,1,25,25,2722,0.8812553011026294,0.8005952380952381,0.08066006300739126
942,full,311,10,15,15,1,75,75,2722,0.9236641221374046,0.8541666666666666,0.06949745547073793
943,full,311,10,15,15,5,sqrt,52 (sqrt),2722,0.8634435962680237,0.8511904761904762,0.01225312007754753
944,full,311,10,15,15,5,2,2,2722,0.3782866836301951,0.33630952380952384,0.04197715982067124
945,full,311,10,15,15,5,5,5,2722,0.5759117896522477,0.5416666666666666,0.03424512298558102
946,full,311,10,15,15,5,10,10,2722,0.7217981340118744,0.7053571428571429,0.01644099115473152
947,full,311,10,15,15,5,25,25,2722,0.8159457167090755,0.75,0.06594571670907545
948,full,311,10,15,15,5,75,75,2722,0.8710771840542832,0.8571428571428571,0.013934326911426154
949,full,311,10,15,15,10,sqrt,52 (sqrt),2722,0.823579304495335,0.8214285714285714,0.0021507330667636104
950,full,311,10,15,15,10,2,2,2722,0.3706530958439355,0.34523809523809523,0.025415000605840288
951,full,311,10,15,15,10,5,5,2722,0.37150127226463103,0.33630952380952384,0.0351917484551072
952,full,311,10,15,15,10,10,10,2722,0.4529262086513995,0.4226190476190476,0.03030716103235187
953,full,311,10,15,15,10,25,25,2722,0.7362171331636981,0.6904761904761905,0.04574094268750761
954,full,311,10,15,15,10,75,75,2722,0.8303647158608991,0.8273809523809523,0.002983763479946777
955,full,311,10,15,15,15,sqrt,52 (sqrt),2722,0.7650551314673452,0.7857142857142857,-0.020659154246940536
956,full,311,10,15,15,15,2,2,2722,0.3706530958439355,0.34523809523809523,0.025415000605840288
957,full,311,10,15,15,15,5,5,2722,0.37150127226463103,0.33630952380952384,0.0351917484551072
958,full,311,10,15,15,15,10,10,2722,0.3994910941475827,0.3958333333333333,0.0036577608142494
959,full,311,10,15,15,15,25,25,2722,0.5224766751484309,0.5208333333333334,0.0016433418150975099
960,full,311,10,15,15,15,75,75,2722,0.7947413061916879,0.7946428571428571,9.844904883082872e-05
961,full,311,10,25,2,1,sqrt,52 (sqrt),2722,0.9686174724342663,0.8690476190476191,0.09956985338664726
962,full,311,10,25,2,1,2,2,2722,0.8430873621713316,0.6964285714285714,0.14665879074276023
963,full,311,10,25,2,1,5,5,2722,0.8473282442748091,0.7053571428571429,0.14197110141766622
964,full,311,10,25,2,1,10,10,2722,0.8948261238337574,0.7827380952380952,0.11208802859566214
965,full,311,10,25,2,1,25,25,2722,0.9482612383375743,0.8303571428571429,0.11790409548043135
966,full,311,10,25,2,1,75,75,2722,0.9745547073791349,0.8601190476190477,0.11443565976008718
967,full,311,10,25,2,5,sqrt,52 (sqrt),2722,0.8549618320610687,0.8630952380952381,-0.008133406034169455
968,full,311,10,25,2,5,2,2,2722,0.3782866836301951,0.33630952380952384,0.04197715982067124
969,full,311,10,25,2,5,5,5,2722,0.5759117896522477,0.5416666666666666,0.03424512298558102
970,full,311,10,25,2,5,10,10,2722,0.720949957591179,0.7083333333333334,0.012616624257845599
971,full,311,10,25,2,5,25,25,2722,0.8176420695504665,0.7738095238095238,0.04383254574094264
972,full,311,10,25,2,5,75,75,2722,0.8693808312128923,0.8511904761904762,0.01819035502241617
973,full,311,10,25,2,10,sqrt,52 (sqrt),2722,0.823579304495335,0.8214285714285714,0.0021507330667636104
974,full,311,10,25,2,10,2,2,2722,0.3706530958439355,0.34523809523809523,0.025415000605840288
975,full,311,10,25,2,10,5,5,2722,0.37150127226463103,0.33630952380952384,0.0351917484551072
976,full,311,10,25,2,10,10,10,2722,0.4529262086513995,0.4226190476190476,0.03030716103235187
977,full,311,10,25,2,10,25,25,2722,0.7362171331636981,0.6904761904761905,0.04574094268750761
978,full,311,10,25,2,10,75,75,2722,0.8303647158608991,0.8273809523809523,0.002983763479946777
979,full,311,10,25,2,15,sqrt,52 (sqrt),2722,0.7650551314673452,0.7857142857142857,-0.020659154246940536
980,full,311,10,25,2,15,2,2,2722,0.3706530958439355,0.34523809523809523,0.025415000605840288
981,full,311,10,25,2,15,5,5,2722,0.37150127226463103,0.33630952380952384,0.0351917484551072
982,full,311,10,25,2,15,10,10,2722,0.3994910941475827,0.3958333333333333,0.0036577608142494
983,full,311,10,25,2,15,25,25,2722,0.5224766751484309,0.5208333333333334,0.0016433418150975099
984,full,311,10,25,2,15,75,75,2722,0.7947413061916879,0.7946428571428571,9.844904883082872e-05
985,full,311,10,25,5,1,sqrt,52 (sqrt),2722,0.9601357082273113,0.8601190476190477,0.10001666060826364
986,full,311,10,25,5,1,2,2,2722,0.8142493638676844,0.7232142857142857,0.09103507815339873
987,full,311,10,25,5,1,5,5,2722,0.8575063613231552,0.7380952380952381,0.11941112322791703
988,full,311,10,25,5,1,10,10,2722,0.8914334181509754,0.7172619047619048,0.17417151338907066
989,full,311,10,25,5,1,25,25,2722,0.9389312977099237,0.8333333333333334,0.1055979643765903
990,full,311,10,25,5,1,75,75,2722,0.9711620016963528,0.875,0.0961620016963528
991,full,311,10,25,5,5,sqrt,52 (sqrt),2722,0.8549618320610687,0.8630952380952381,-0.008133406034169455
992,full,311,10,25,5,5,2,2,2722,0.3782866836301951,0.33630952380952384,0.04197715982067124
993,full,311,10,25,5,5,5,5,2722,0.5759117896522477,0.5416666666666666,0.03424512298558102
994,full,311,10,25,5,5,10,10,2722,0.720949957591179,0.7083333333333334,0.012616624257845599
995,full,311,10,25,5,5,25,25,2722,0.8176420695504665,0.7738095238095238,0.04383254574094264
996,full,311,10,25,5,5,75,75,2722,0.8693808312128923,0.8511904761904762,0.01819035502241617
997,full,311,10,25,5,10,sqrt,52 (sqrt),2722,0.823579304495335,0.8214285714285714,0.0021507330667636104
998,full,311,10,25,5,10,2,2,2722,0.3706530958439355,0.34523809523809523,0.025415000605840288
999,full,311,10,25,5,10,5,5,2722,0.37150127226463103,0.33630952380952384,0.0351917484551072
1000,full,311,10,25,5,10,10,10,2722,0.4529262086513995,0.4226190476190476,0.03030716103235187
1001,full,311,10,25,5,10,25,25,2722,0.7362171331636981,0.6904761904761905,0.04574094268750761
1002,full,311,10,25,5,10,75,75,2722,0.8303647158608991,0.8273809523809523,0.002983763479946777
1003,full,311,10,25,5,15,sqrt,52 (sqrt),2722,0.7650551314673452,0.7857142857142857,-0.020659154246940536
1004,full,311,10,25,5,15,2,2,2722,0.3706530958439355,0.34523809523809523,0.025415000605840288
1005,full,311,10,25,5,15,5,5,2722,0.37150127226463103,0.33630952380952384,0.0351917484551072
1006,full,311,10,25,5,15,10,10,2722,0.3994910941475827,0.3958333333333333,0.0036577608142494
1007,full,311,10,25,5,15,25,25,2722,0.5224766751484309,0.5208333333333334,0.0016433418150975099
1008,full,311,10,25,5,15,75,75,2722,0.7947413061916879,0.7946428571428571,9.844904883082872e-05
1009,full,311,10,25,10,1,sqrt,52 (sqrt),2722,0.9550466497031382,0.8392857142857143,0.11576093541742394
1010,full,311,10,25,10,1,2,2,2722,0.806615776081425,0.7083333333333334,0.09828244274809161
1011,full,311,10,25,10,1,5,5,2722,0.8456318914334181,0.7470238095238095,0.09860808190960857
1012,full,311,10,25,10,1,10,10,2722,0.8753180661577609,0.7529761904761905,0.1223418756815704
1013,full,311,10,25,10,1,25,25,2722,0.9236641221374046,0.8125,0.11116412213740456
1014,full,311,10,25,10,1,75,75,2722,0.9669211195928753,0.8601190476190477,0.10680207197382763
1015,full,311,10,25,10,5,sqrt,52 (sqrt),2722,0.8549618320610687,0.8630952380952381,-0.008133406034169455
1016,full,311,10,25,10,5,2,2,2722,0.3782866836301951,0.33630952380952384,0.04197715982067124
1017,full,311,10,25,10,5,5,5,2722,0.5759117896522477,0.5416666666666666,0.03424512298558102
1018,full,311,10,25,10,5,10,10,2722,0.720949957591179,0.7083333333333334,0.012616624257845599
1019,full,311,10,25,10,5,25,25,2722,0.8176420695504665,0.7738095238095238,0.04383254574094264
1020,full,311,10,25,10,5,75,75,2722,0.8693808312128923,0.8511904761904762,0.01819035502241617
1021,full,311,10,25,10,10,sqrt,52 (sqrt),2722,0.823579304495335,0.8214285714285714,0.0021507330667636104
1022,full,311,10,25,10,10,2,2,2722,0.3706530958439355,0.34523809523809523,0.025415000605840288
1023,full,311,10,25,10,10,5,5,2722,0.37150127226463103,0.33630952380952384,0.0351917484551072
1024,full,311,10,25,10,10,10,10,2722,0.4529262086513995,0.4226190476190476,0.03030716103235187
1025,full,311,10,25,10,10,25,25,2722,0.7362171331636981,0.6904761904761905,0.04574094268750761
1026,full,311,10,25,10,10,75,75,2722,0.8303647158608991,0.8273809523809523,0.002983763479946777
1027,full,311,10,25,10,15,sqrt,52 (sqrt),2722,0.7650551314673452,0.7857142857142857,-0.020659154246940536
1028,full,311,10,25,10,15,2,2,2722,0.3706530958439355,0.34523809523809523,0.025415000605840288
1029,full,311,10,25,10,15,5,5,2722,0.37150127226463103,0.33630952380952384,0.0351917484551072
1030,full,311,10,25,10,15,10,10,2722,0.3994910941475827,0.3958333333333333,0.0036577608142494
1031,full,311,10,25,10,15,25,25,2722,0.5224766751484309,0.5208333333333334,0.0016433418150975099
1032,full,311,10,25,10,15,75,75,2722,0.7947413061916879,0.7946428571428571,9.844904883082872e-05
1033,full,311,10,25,15,1,sqrt,52 (sqrt),2722,0.9618320610687023,0.8660714285714286,0.09576063249727373
1034,full,311,10,25,15,1,2,2,2722,0.8100084817642069,0.6904761904761905,0.11953229128801646
1035,full,311,10,25,15,1,5,5,2722,0.8413910093299406,0.7380952380952381,0.10329577123470246
1036,full,311,10,25,15,1,10,10,2722,0.8702290076335878,0.7797619047619048,0.09046710287168303
1037,full,311,10,25,15,1,25,25,2722,0.9253604749787956,0.8333333333333334,0.09202714164546222
1038,full,311,10,25,15,1,75,75,2722,0.9541984732824428,0.8541666666666666,0.10003180661577615
1039,full,311,10,25,15,5,sqrt,52 (sqrt),2722,0.8685326547921968,0.8571428571428571,0.011389797649339672
1040,full,311,10,25,15,5,2,2,2722,0.3782866836301951,0.33630952380952384,0.04197715982067124
1041,full,311,10,25,15,5,5,5,2722,0.5759117896522477,0.5416666666666666,0.03424512298558102
1042,full,311,10,25,15,5,10,10,2722,0.7217981340118744,0.7053571428571429,0.01644099115473152
1043,full,311,10,25,15,5,25,25,2722,0.8125530110262935,0.7589285714285714,0.05362443959772212
1044,full,311,10,25,15,5,75,75,2722,0.8770144189991518,0.8452380952380952,0.031776323761056546
1045,full,311,10,25,15,10,sqrt,52 (sqrt),2722,0.823579304495335,0.8214285714285714,0.0021507330667636104
1046,full,311,10,25,15,10,2,2,2722,0.3706530958439355,0.34523809523809523,0.025415000605840288
1047,full,311,10,25,15,10,5,5,2722,0.37150127226463103,0.33630952380952384,0.0351917484551072
1048,full,311,10,25,15,10,10,10,2722,0.4529262086513995,0.4226190476190476,0.03030716103235187
1049,full,311,10,25,15,10,25,25,2722,0.7362171331636981,0.6904761904761905,0.04574094268750761
1050,full,311,10,25,15,10,75,75,2722,0.8303647158608991,0.8273809523809523,0.002983763479946777
1051,full,311,10,25,15,15,sqrt,52 (sqrt),2722,0.7650551314673452,0.7857142857142857,-0.020659154246940536
1052,full,311,10,25,15,15,2,2,2722,0.3706530958439355,0.34523809523809523,0.025415000605840288
1053,full,311,10,25,15,15,5,5,2722,0.37150127226463103,0.33630952380952384,0.0351917484551072
1054,full,311,10,25,15,15,10,10,2722,0.3994910941475827,0.3958333333333333,0.0036577608142494
1055,full,311,10,25,15,15,25,25,2722,0.5224766751484309,0.5208333333333334,0.0016433418150975099
1056,full,311,10,25,15,15,75,75,2722,0.7947413061916879,0.7946428571428571,9.844904883082872e-05
1057,full,311,10,none,2,1,sqrt,52 (sqrt),2722,0.9770992366412213,0.8601190476190477,0.11698018902217366
1058,full,311,10,none,2,1,2,2,2722,0.9754028837998303,0.7648809523809523,0.21052193141887798
1059,full,311,10,none,2,1,5,5,2722,0.9762510602205259,0.8095238095238095,0.16672725069671634
1060,full,311,10,none,2,1,10,10,2722,0.9779474130619169,0.7916666666666666,0.18628074639525027
1061,full,311,10,none,2,1,25,25,2722,0.9762510602205259,0.8244047619047619,0.15184629831576402
1062,full,311,10,none,2,1,75,75,2722,0.9728583545377438,0.8630952380952381,0.10976311644250569
1063,full,311,10,none,2,5,sqrt,52 (sqrt),2722,0.8549618320610687,0.8630952380952381,-0.008133406034169455
1064,full,311,10,none,2,5,2,2,2722,0.3782866836301951,0.33630952380952384,0.04197715982067124
1065,full,311,10,none,2,5,5,5,2722,0.5759117896522477,0.5416666666666666,0.03424512298558102
1066,full,311,10,none,2,5,10,10,2722,0.720949957591179,0.7083333333333334,0.012616624257845599
1067,full,311,10,none,2,5,25,25,2722,0.818490245971162,0.7797619047619048,0.03872834120925728
1068,full,311,10,none,2,5,75,75,2722,0.8693808312128923,0.8511904761904762,0.01819035502241617
1069,full,311,10,none,2,10,sqrt,52 (sqrt),2722,0.823579304495335,0.8214285714285714,0.0021507330667636104
1070,full,311,10,none,2,10,2,2,2722,0.3706530958439355,0.34523809523809523,0.025415000605840288
1071,full,311,10,none,2,10,5,5,2722,0.37150127226463103,0.33630952380952384,0.0351917484551072
1072,full,311,10,none,2,10,10,10,2722,0.4529262086513995,0.4226190476190476,0.03030716103235187
1073,full,311,10,none,2,10,25,25,2722,0.7362171331636981,0.6904761904761905,0.04574094268750761
1074,full,311,10,none,2,10,75,75,2722,0.8303647158608991,0.8273809523809523,0.002983763479946777
1075,full,311,10,none,2,15,sqrt,52 (sqrt),2722,0.7650551314673452,0.7857142857142857,-0.020659154246940536
1076,full,311,10,none,2,15,2,2,2722,0.3706530958439355,0.34523809523809523,0.025415000605840288
1077,full,311,10,none,2,15,5,5,2722,0.37150127226463103,0.33630952380952384,0.0351917484551072
1078,full,311,10,none,2,15,10,10,2722,0.3994910941475827,0.3958333333333333,0.0036577608142494
1079,full,311,10,none,2,15,25,25,2722,0.5224766751484309,0.5208333333333334,0.0016433418150975099
1080,full,311,10,none,2,15,75,75,2722,0.7947413061916879,0.7946428571428571,9.844904883082872e-05
1081,full,311,10,none,5,1,sqrt,52 (sqrt),2722,0.9669211195928753,0.8720238095238095,0.09489731006906577
1082,full,311,10,none,5,1,2,2,2722,0.9711620016963528,0.7976190476190477,0.17354295407730513
1083,full,311,10,none,5,1,5,5,2722,0.9711620016963528,0.8125,0.1586620016963528
1084,full,311,10,none,5,1,10,10,2722,0.9686174724342663,0.8035714285714286,0.16504604386283772
1085,full,311,10,none,5,1,25,25,2722,0.9728583545377438,0.8422619047619048,0.13059644977583906
1086,full,311,10,none,5,1,75,75,2722,0.9669211195928753,0.8720238095238095,0.09489731006906577
1087,full,311,10,none,5,5,sqrt,52 (sqrt),2722,0.8549618320610687,0.8630952380952381,-0.008133406034169455
1088,full,311,10,none,5,5,2,2,2722,0.3782866836301951,0.33630952380952384,0.04197715982067124
1089,full,311,10,none,5,5,5,5,2722,0.5759117896522477,0.5416666666666666,0.03424512298558102
1090,full,311,10,none,5,5,10,10,2722,0.720949957591179,0.7083333333333334,0.012616624257845599
1091,full,311,10,none,5,5,25,25,2722,0.818490245971162,0.7797619047619048,0.03872834120925728
1092,full,311,10,none,5,5,75,75,2722,0.8693808312128923,0.8511904761904762,0.01819035502241617
1093,full,311,10,none,5,10,sqrt,52 (sqrt),2722,0.823579304495335,0.8214285714285714,0.0021507330667636104
1094,full,311,10,none,5,10,2,2,2722,0.3706530958439355,0.34523809523809523,0.025415000605840288
1095,full,311,10,none,5,10,5,5,2722,0.37150127226463103,0.33630952380952384,0.0351917484551072
1096,full,311,10,none,5,10,10,10,2722,0.4529262086513995,0.4226190476190476,0.03030716103235187
1097,full,311,10,none,5,10,25,25,2722,0.7362171331636981,0.6904761904761905,0.04574094268750761
1098,full,311,10,none,5,10,75,75,2722,0.8303647158608991,0.8273809523809523,0.002983763479946777
1099,full,311,10,none,5,15,sqrt,52 (sqrt),2722,0.7650551314673452,0.7857142857142857,-0.020659154246940536
1100,full,311,10,none,5,15,2,2,2722,0.3706530958439355,0.34523809523809523,0.025415000605840288
1101,full,311,10,none,5,15,5,5,2722,0.37150127226463103,0.33630952380952384,0.0351917484551072
1102,full,311,10,none,5,15,10,10,2722,0.3994910941475827,0.3958333333333333,0.0036577608142494
1103,full,311,10,none,5,15,25,25,2722,0.5224766751484309,0.5208333333333334,0.0016433418150975099
1104,full,311,10,none,5,15,75,75,2722,0.7947413061916879,0.7946428571428571,9.844904883082872e-05
1105,full,311,10,none,10,1,sqrt,52 (sqrt),2722,0.9609838846480068,0.8630952380952381,0.09788864655276863
1106,full,311,10,none,10,1,2,2,2722,0.9694656488549618,0.7767857142857143,0.19267993456924748
1107,full,311,10,none,10,1,5,5,2722,0.9677692960135709,0.8125,0.15526929601357087
1108,full,311,10,none,10,1,10,10,2722,0.9592875318066157,0.8005952380952381,0.1586922937113776
1109,full,311,10,none,10,1,25,25,2722,0.9601357082273113,0.8303571428571429,0.1297785653701684
1110,full,311,10,none,10,1,75,75,2722,0.9643765903307888,0.8571428571428571,0.10723373318793172
1111,full,311,10,none,10,5,sqrt,52 (sqrt),2722,0.8549618320610687,0.8630952380952381,-0.008133406034169455
1112,full,311,10,none,10,5,2,2,2722,0.3782866836301951,0.33630952380952384,0.04197715982067124
1113,full,311,10,none,10,5,5,5,2722,0.5759117896522477,0.5416666666666666,0.03424512298558102
1114,full,311,10,none,10,5,10,10,2722,0.720949957591179,0.7083333333333334,0.012616624257845599
1115,full,311,10,none,10,5,25,25,2722,0.818490245971162,0.7797619047619048,0.03872834120925728
1116,full,311,10,none,10,5,75,75,2722,0.8693808312128923,0.8511904761904762,0.01819035502241617
1117,full,311,10,none,10,10,sqrt,52 (sqrt),2722,0.823579304495335,0.8214285714285714,0.0021507330667636104
1118,full,311,10,none,10,10,2,2,2722,0.3706530958439355,0.34523809523809523,0.025415000605840288
1119,full,311,10,none,10,10,5,5,2722,0.37150127226463103,0.33630952380952384,0.0351917484551072
1120,full,311,10,none,10,10,10,10,2722,0.4529262086513995,0.4226190476190476,0.03030716103235187
1121,full,311,10,none,10,10,25,25,2722,0.7362171331636981,0.6904761904761905,0.04574094268750761
1122,full,311,10,none,10,10,75,75,2722,0.8303647158608991,0.8273809523809523,0.002983763479946777
1123,full,311,10,none,10,15,sqrt,52 (sqrt),2722,0.7650551314673452,0.7857142857142857,-0.020659154246940536
1124,full,311,10,none,10,15,2,2,2722,0.3706530958439355,0.34523809523809523,0.025415000605840288
1125,full,311,10,none,10,15,5,5,2722,0.37150127226463103,0.33630952380952384,0.0351917484551072
1126,full,311,10,none,10,15,10,10,2722,0.3994910941475827,0.3958333333333333,0.0036577608142494
1127,full,311,10,none,10,15,25,25,2722,0.5224766751484309,0.5208333333333334,0.0016433418150975099
1128,full,311,10,none,10,15,75,75,2722,0.7947413061916879,0.7946428571428571,9.844904883082872e-05
1129,full,311,10,none,15,1,sqrt,52 (sqrt),2722,0.9643765903307888,0.875,0.08937659033078882
1130,full,311,10,none,15,1,2,2,2722,0.9601357082273113,0.7589285714285714,0.20120713679873992
1131,full,311,10,none,15,1,5,5,2722,0.9643765903307888,0.8125,0.15187659033078882
1132,full,311,10,none,15,1,10,10,2722,0.9533502968617472,0.8214285714285714,0.13192172543317582
1133,full,311,10,none,15,1,25,25,2722,0.9618320610687023,0.8363095238095238,0.1255225372591785
1134,full,311,10,none,15,1,75,75,2722,0.9592875318066157,0.8601190476190477,0.09916848418756807
1135,full,311,10,none,15,5,sqrt,52 (sqrt),2722,0.8685326547921968,0.8571428571428571,0.011389797649339672
1136,full,311,10,none,15,5,2,2,2722,0.3782866836301951,0.33630952380952384,0.04197715982067124
1137,full,311,10,none,15,5,5,5,2722,0.5759117896522477,0.5416666666666666,0.03424512298558102
1138,full,311,10,none,15,5,10,10,2722,0.7217981340118744,0.7053571428571429,0.01644099115473152
1139,full,311,10,none,15,5,25,25,2722,0.8125530110262935,0.7589285714285714,0.05362443959772212
1140,full,311,10,none,15,5,75,75,2722,0.8770144189991518,0.8452380952380952,0.031776323761056546
1141,full,311,10,none,15,10,sqrt,52 (sqrt),2722,0.823579304495335,0.8214285714285714,0.0021507330667636104
1142,full,311,10,none,15,10,2,2,2722,0.3706530958439355,0.34523809523809523,0.025415000605840288
1143,full,311,10,none,15,10,5,5,2722,0.37150127226463103,0.33630952380952384,0.0351917484551072
1144,full,311,10,none,15,10,10,10,2722,0.4529262086513995,0.4226190476190476,0.03030716103235187
1145,full,311,10,none,15,10,25,25,2722,0.7362171331636981,0.6904761904761905,0.04574094268750761
1146,full,311,10,none,15,10,75,75,2722,0.8303647158608991,0.8273809523809523,0.002983763479946777
1147,full,311,10,none,15,15,sqrt,52 (sqrt),2722,0.7650551314673452,0.7857142857142857,-0.020659154246940536
1148,full,311,10,none,15,15,2,2,2722,0.3706530958439355,0.34523809523809523,0.025415000605840288
1149,full,311,10,none,15,15,5,5,2722,0.37150127226463103,0.33630952380952384,0.0351917484551072
1150,full,311,10,none,15,15,10,10,2722,0.3994910941475827,0.3958333333333333,0.0036577608142494
1151,full,311,10,none,15,15,25,25,2722,0.5224766751484309,0.5208333333333334,0.0016433418150975099
1152,full,311,10,none,15,15,75,75,2722,0.7947413061916879,0.7946428571428571,9.844904883082872e-05
1153,full,311,25,3,2,1,sqrt,52 (sqrt),2722,0.8541136556403732,0.8214285714285714,0.03268508421180183
1154,full,311,25,3,2,1,2,2,2722,0.6242578456318915,0.5654761904761905,0.058781655155700996
1155,full,311,25,3,2,1,5,5,2722,0.5597964376590331,0.49702380952380953,0.06277262813522355
1156,full,311,25,3,2,1,10,10,2722,0.6217133163698049,0.6369047619047619,-0.015191445534956993
1157,full,311,25,3,2,1,25,25,2722,0.7633587786259542,0.7113095238095238,0.05204925481643041
1158,full,311,25,3,2,1,75,75,2722,0.8413910093299406,0.8214285714285714,0.0199624379013692
1159,full,311,25,3,2,5,sqrt,52 (sqrt),2722,0.8498727735368957,0.8214285714285714,0.028444202108324323
1160,full,311,25,3,2,5,2,2,2722,0.3477523324851569,0.3273809523809524,0.02037138010420453
1161,full,311,25,3,2,5,5,5,2722,0.48261238337574214,0.44345238095238093,0.039160002423361207
1162,full,311,25,3,2,5,10,10,2722,0.5852417302798982,0.5803571428571429,0.0048845874227553265
1163,full,311,25,3,2,5,25,25,2722,0.7574215436810857,0.7113095238095238,0.04611201987156188
1164,full,311,25,3,2,5,75,75,2722,0.8405428329092451,0.8273809523809523,0.013161880528292813
1165,full,311,25,3,2,10,sqrt,52 (sqrt),2722,0.8278201865988125,0.8214285714285714,0.006391615170241116
1166,full,311,25,3,2,10,2,2,2722,0.3375742154368109,0.3273809523809524,0.010193263055858492
1167,full,311,25,3,2,10,5,5,2722,0.46225614927905007,0.4166666666666667,0.04558948261238338
1168,full,311,25,3,2,10,10,10,2722,0.5470737913486005,0.5238095238095238,0.023264267539076622
1169,full,311,25,3,2,10,25,25,2722,0.7446988973706531,0.7202380952380952,0.024460802132557857
1170,full,311,25,3,2,10,75,75,2722,0.8422391857506362,0.8125,0.029739185750636166
1171,full,311,25,3,2,15,sqrt,52 (sqrt),2722,0.804919423240034,0.8065476190476191,-0.0016281958075851088
1172,full,311,25,3,2,15,2,2,2722,0.3384223918575064,0.3392857142857143,-0.0008633224282079133
1173,full,311,25,3,2,15,5,5,2722,0.4444444444444444,0.4166666666666667,0.027777777777777735
1174,full,311,25,3,2,15,10,10,2722,0.47837150127226463,0.49107142857142855,-0.012699927299163916
1175,full,311,25,3,2,15,25,25,2722,0.7362171331636981,0.7202380952380952,0.015979037925602846
1176,full,311,25,3,2,15,75,75,2722,0.8269720101781171,0.8035714285714286,0.023400581606688453
1177,full,311,25,3,5,1,sqrt,52 (sqrt),2722,0.8532654792196777,0.8214285714285714,0.03183690779110626
1178,full,311,25,3,5,1,2,2,2722,0.620016963528414,0.5744047619047619,0.04561220162365209
1179,full,311,25,3,5,1,5,5,2722,0.5597964376590331,0.49702380952380953,0.06277262813522355
1180,full,311,25,3,5,1,10,10,2722,0.6191687871077184,0.6369047619047619,-0.017735974797043474
1181,full,311,25,3,5,1,25,25,2722,0.7633587786259542,0.7113095238095238,0.05204925481643041
1182,full,311,25,3,5,1,75,75,2722,0.8413910093299406,0.8214285714285714,0.0199624379013692
1183,full,311,25,3,5,5,sqrt,52 (sqrt),2722,0.8498727735368957,0.8214285714285714,0.028444202108324323
1184,full,311,25,3,5,5,2,2,2722,0.3477523324851569,0.3273809523809524,0.02037138010420453
1185,full,311,25,3,5,5,5,5,2722,0.48261238337574214,0.44345238095238093,0.039160002423361207
1186,full,311,25,3,5,5,10,10,2722,0.5852417302798982,0.5803571428571429,0.0048845874227553265
1187,full,311,25,3,5,5,25,25,2722,0.7574215436810857,0.7113095238095238,0.04611201987156188
1188,full,311,25,3,5,5,75,75,2722,0.8405428329092451,0.8273809523809523,0.013161880528292813
1189,full,311,25,3,5,10,sqrt,52 (sqrt),2722,0.8278201865988125,0.8214285714285714,0.006391615170241116
1190,full,311,25,3,5,10,2,2,2722,0.3375742154368109,0.3273809523809524,0.010193263055858492
1191,full,311,25,3,5,10,5,5,2722,0.46225614927905007,0.4166666666666667,0.04558948261238338
1192,full,311,25,3,5,10,10,10,2722,0.5470737913486005,0.5238095238095238,0.023264267539076622
1193,full,311,25,3,5,10,25,25,2722,0.7446988973706531,0.7202380952380952,0.024460802132557857
1194,full,311,25,3,5,10,75,75,2722,0.8422391857506362,0.8125,0.029739185750636166
1195,full,311,25,3,5,15,sqrt,52 (sqrt),2722,0.804919423240034,0.8065476190476191,-0.0016281958075851088
1196,full,311,25,3,5,15,2,2,2722,0.3384223918575064,0.3392857142857143,-0.0008633224282079133
1197,full,311,25,3,5,15,5,5,2722,0.4444444444444444,0.4166666666666667,0.027777777777777735
1198,full,311,25,3,5,15,10,10,2722,0.47837150127226463,0.49107142857142855,-0.012699927299163916
1199,full,311,25,3,5,15,25,25,2722,0.7362171331636981,0.7202380952380952,0.015979037925602846
1200,full,311,25,3,5,15,75,75,2722,0.8269720101781171,0.8035714285714286,0.023400581606688453
1201,full,311,25,3,10,1,sqrt,52 (sqrt),2722,0.8532654792196777,0.8244047619047619,0.028860717314915796
1202,full,311,25,3,10,1,2,2,2722,0.6174724342663274,0.5773809523809523,0.040091481885375035
1203,full,311,25,3,10,1,5,5,2722,0.556403731976251,0.49702380952380953,0.0593799224524415
1204,full,311,25,3,10,1,10,10,2722,0.6140797285835454,0.6369047619047619,-0.022825033321216437
1205,full,311,25,3,10,1,25,25,2722,0.7616624257845632,0.7113095238095238,0.05035290197503939
1206,full,311,25,3,10,1,75,75,2722,0.8413910093299406,0.8214285714285714,0.0199624379013692
1207,full,311,25,3,10,5,sqrt,52 (sqrt),2722,0.8498727735368957,0.8214285714285714,0.028444202108324323
1208,full,311,25,3,10,5,2,2,2722,0.3477523324851569,0.3273809523809524,0.02037138010420453
1209,full,311,25,3,10,5,5,5,2722,0.48261238337574214,0.44345238095238093,0.039160002423361207
1210,full,311,25,3,10,5,10,10,2722,0.5852417302798982,0.5803571428571429,0.0048845874227553265
1211,full,311,25,3,10,5,25,25,2722,0.7574215436810857,0.7113095238095238,0.04611201987156188
1212,full,311,25,3,10,5,75,75,2722,0.8405428329092451,0.8273809523809523,0.013161880528292813
1213,full,311,25,3,10,10,sqrt,52 (sqrt),2722,0.8278201865988125,0.8214285714285714,0.006391615170241116
1214,full,311,25,3,10,10,2,2,2722,0.3375742154368109,0.3273809523809524,0.010193263055858492
1215,full,311,25,3,10,10,5,5,2722,0.46225614927905007,0.4166666666666667,0.04558948261238338
1216,full,311,25,3,10,10,10,10,2722,0.5470737913486005,0.5238095238095238,0.023264267539076622
1217,full,311,25,3,10,10,25,25,2722,0.7446988973706531,0.7202380952380952,0.024460802132557857
1218,full,311,25,3,10,10,75,75,2722,0.8422391857506362,0.8125,0.029739185750636166
1219,full,311,25,3,10,15,sqrt,52 (sqrt),2722,0.804919423240034,0.8065476190476191,-0.0016281958075851088
1220,full,311,25,3,10,15,2,2,2722,0.3384223918575064,0.3392857142857143,-0.0008633224282079133
1221,full,311,25,3,10,15,5,5,2722,0.4444444444444444,0.4166666666666667,0.027777777777777735
1222,full,311,25,3,10,15,10,10,2722,0.47837150127226463,0.49107142857142855,-0.012699927299163916
1223,full,311,25,3,10,15,25,25,2722,0.7362171331636981,0.7202380952380952,0.015979037925602846
1224,full,311,25,3,10,15,75,75,2722,0.8269720101781171,0.8035714285714286,0.023400581606688453
1225,full,311,25,3,15,1,sqrt,52 (sqrt),2722,0.8532654792196777,0.8214285714285714,0.03183690779110626
1226,full,311,25,3,15,1,2,2,2722,0.6174724342663274,0.5773809523809523,0.040091481885375035
1227,full,311,25,3,15,1,5,5,2722,0.556403731976251,0.49702380952380953,0.0593799224524415
1228,full,311,25,3,15,1,10,10,2722,0.6132315521628499,0.6369047619047619,-0.023673209741912005
1229,full,311,25,3,15,1,25,25,2722,0.7616624257845632,0.7113095238095238,0.05035290197503939
1230,full,311,25,3,15,1,75,75,2722,0.8413910093299406,0.8214285714285714,0.0199624379013692
1231,full,311,25,3,15,5,sqrt,52 (sqrt),2722,0.8490245971162002,0.8214285714285714,0.027596025687628756
1232,full,311,25,3,15,5,2,2,2722,0.3477523324851569,0.3273809523809524,0.02037138010420453
1233,full,311,25,3,15,5,5,5,2722,0.47837150127226463,0.43452380952380953,0.0438476917484551
1234,full,311,25,3,15,5,10,10,2722,0.5852417302798982,0.5803571428571429,0.0048845874227553265
1235,full,311,25,3,15,5,25,25,2722,0.7574215436810857,0.7113095238095238,0.04611201987156188
1236,full,311,25,3,15,5,75,75,2722,0.8405428329092451,0.8273809523809523,0.013161880528292813
1237,full,311,25,3,15,10,sqrt,52 (sqrt),2722,0.8278201865988125,0.8214285714285714,0.006391615170241116
1238,full,311,25,3,15,10,2,2,2722,0.3375742154368109,0.3273809523809524,0.010193263055858492
1239,full,311,25,3,15,10,5,5,2722,0.46225614927905007,0.4166666666666667,0.04558948261238338
1240,full,311,25,3,15,10,10,10,2722,0.5470737913486005,0.5238095238095238,0.023264267539076622
1241,full,311,25,3,15,10,25,25,2722,0.7446988973706531,0.7202380952380952,0.024460802132557857
1242,full,311,25,3,15,10,75,75,2722,0.8422391857506362,0.8125,0.029739185750636166
1243,full,311,25,3,15,15,sqrt,52 (sqrt),2722,0.804919423240034,0.8065476190476191,-0.0016281958075851088
1244,full,311,25,3,15,15,2,2,2722,0.3384223918575064,0.3392857142857143,-0.0008633224282079133
1245,full,311,25,3,15,15,5,5,2722,0.4444444444444444,0.4166666666666667,0.027777777777777735
1246,full,311,25,3,15,15,10,10,2722,0.47837150127226463,0.49107142857142855,-0.012699927299163916
1247,full,311,25,3,15,15,25,25,2722,0.7362171331636981,0.7202380952380952,0.015979037925602846
1248,full,311,25,3,15,15,75,75,2722,0.8269720101781171,0.8035714285714286,0.023400581606688453
1249,full,311,25,5,2,1,sqrt,52 (sqrt),2722,0.8625954198473282,0.8422619047619048,0.02033351508542347
1250,full,311,25,5,2,1,2,2,2722,0.6556403731976251,0.5386904761904762,0.11694989700714897
1251,full,311,25,5,2,1,5,5,2722,0.7302798982188295,0.6666666666666666,0.06361323155216292
1252,full,311,25,5,2,1,10,10,2722,0.7285835453774385,0.6815476190476191,0.047035926329819455
1253,full,311,25,5,2,1,25,25,2722,0.8261238337574215,0.7648809523809523,0.06124288137646916
1254,full,311,25,5,2,1,75,75,2722,0.8761662425784563,0.8571428571428571,0.019023385435599227
1255,full,311,25,5,2,5,sqrt,52 (sqrt),2722,0.8490245971162002,0.8363095238095238,0.012715073306676317
1256,full,311,25,5,2,5,2,2,2722,0.3486005089058524,0.3273809523809524,0.02121955652490004
1257,full,311,25,5,2,5,5,5,2722,0.5063613231552163,0.44642857142857145,0.05993275172664486
1258,full,311,25,5,2,5,10,10,2722,0.6251060220525869,0.6130952380952381,0.01201078395734878
1259,full,311,25,5,2,5,25,25,2722,0.804919423240034,0.7589285714285714,0.04599085181146256
1260,full,311,25,5,2,5,75,75,2722,0.8668363019508057,0.8511904761904762,0.01564582576032958
1261,full,311,25,5,2,10,sqrt,52 (sqrt),2722,0.8515691263782866,0.8601190476190477,-0.008549921240761038
1262,full,311,25,5,2,10,2,2,2722,0.3375742154368109,0.3273809523809524,0.010193263055858492
1263,full,311,25,5,2,10,5,5,2722,0.46225614927905007,0.4166666666666667,0.04558948261238338
1264,full,311,25,5,2,10,10,10,2722,0.5589482612383376,0.5505952380952381,0.008353023143099492
1265,full,311,25,5,2,10,25,25,2722,0.7871077184054284,0.7589285714285714,0.028179146976856972
1266,full,311,25,5,2,10,75,75,2722,0.8634435962680237,0.8422619047619048,0.021181691506118927
1267,full,311,25,5,2,15,sqrt,52 (sqrt),2722,0.820186598812553,0.8214285714285714,-0.0012419726160184386
1268,full,311,25,5,2,15,2,2,2722,0.3384223918575064,0.3392857142857143,-0.0008633224282079133
1269,full,311,25,5,2,15,5,5,2722,0.4444444444444444,0.4166666666666667,0.027777777777777735
1270,full,311,25,5,2,15,10,10,2722,0.47837150127226463,0.49107142857142855,-0.012699927299163916
1271,full,311,25,5,2,15,25,25,2722,0.7565733672603902,0.7202380952380952,0.03633527202229492
1272,full,311,25,5,2,15,75,75,2722,0.8363019508057676,0.8273809523809523,0.008920998424815307
1273,full,311,25,5,5,1,sqrt,52 (sqrt),2722,0.8592027141645462,0.8392857142857143,0.019916999878831887
1274,full,311,25,5,5,1,2,2,2722,0.6463104325699746,0.5535714285714286,0.09273900399854595
1275,full,311,25,5,5,1,5,5,2722,0.7234944868532655,0.6666666666666666,0.05682782018659882
1276,full,311,25,5,5,1,10,10,2722,0.7234944868532655,0.6755952380952381,0.04789924875802731
1277,full,311,25,5,5,1,25,25,2722,0.823579304495335,0.7708333333333334,0.05274597116200164
1278,full,311,25,5,5,1,75,75,2722,0.8812553011026294,0.8482142857142857,0.0330410153883437
1279,full,311,25,5,5,5,sqrt,52 (sqrt),2722,0.8490245971162002,0.8363095238095238,0.012715073306676317
1280,full,311,25,5,5,5,2,2,2722,0.3486005089058524,0.3273809523809524,0.02121955652490004
1281,full,311,25,5,5,5,5,5,2722,0.5063613231552163,0.44642857142857145,0.05993275172664486
1282,full,311,25,5,5,5,10,10,2722,0.6251060220525869,0.6130952380952381,0.01201078395734878
1283,full,311,25,5,5,5,25,25,2722,0.804919423240034,0.7589285714285714,0.04599085181146256
1284,full,311,25,5,5,5,75,75,2722,0.8668363019508057,0.8511904761904762,0.01564582576032958
1285,full,311,25,5,5,10,sqrt,52 (sqrt),2722,0.8515691263782866,0.8601190476190477,-0.008549921240761038
1286,full,311,25,5,5,10,2,2,2722,0.3375742154368109,0.3273809523809524,0.010193263055858492
1287,full,311,25,5,5,10,5,5,2722,0.46225614927905007,0.4166666666666667,0.04558948261238338
1288,full,311,25,5,5,10,10,10,2722,0.5589482612383376,0.5505952380952381,0.008353023143099492
1289,full,311,25,5,5,10,25,25,2722,0.7871077184054284,0.7589285714285714,0.028179146976856972
1290,full,311,25,5,5,10,75,75,2722,0.8634435962680237,0.8422619047619048,0.021181691506118927
1291,full,311,25,5,5,15,sqrt,52 (sqrt),2722,0.820186598812553,0.8214285714285714,-0.0012419726160184386
1292,full,311,25,5,5,15,2,2,2722,0.3384223918575064,0.3392857142857143,-0.0008633224282079133
1293,full,311,25,5,5,15,5,5,2722,0.4444444444444444,0.4166666666666667,0.027777777777777735
1294,full,311,25,5,5,15,10,10,2722,0.47837150127226463,0.49107142857142855,-0.012699927299163916
1295,full,311,25,5,5,15,25,25,2722,0.7565733672603902,0.7202380952380952,0.03633527202229492
1296,full,311,25,5,5,15,75,75,2722,0.8363019508057676,0.8273809523809523,0.008920998424815307
1297,full,311,25,5,10,1,sqrt,52 (sqrt),2722,0.8608990670059372,0.8392857142857143,0.02161335272022291
1298,full,311,25,5,10,1,2,2,2722,0.640373197625106,0.5505952380952381,0.08977795952986789
1299,full,311,25,5,10,1,5,5,2722,0.719253604749788,0.6726190476190477,0.04663455713074027
1300,full,311,25,5,10,1,10,10,2722,0.7116200169635284,0.6845238095238095,0.027096207439718856
1301,full,311,25,5,10,1,25,25,2722,0.821882951653944,0.7767857142857143,0.04509723736822968
1302,full,311,25,5,10,1,75,75,2722,0.8812553011026294,0.8482142857142857,0.0330410153883437
1303,full,311,25,5,10,5,sqrt,52 (sqrt),2722,0.8490245971162002,0.8363095238095238,0.012715073306676317
1304,full,311,25,5,10,5,2,2,2722,0.3486005089058524,0.3273809523809524,0.02121955652490004
1305,full,311,25,5,10,5,5,5,2722,0.5063613231552163,0.44642857142857145,0.05993275172664486
1306,full,311,25,5,10,5,10,10,2722,0.6251060220525869,0.6130952380952381,0.01201078395734878
1307,full,311,25,5,10,5,25,25,2722,0.804919423240034,0.7589285714285714,0.04599085181146256
1308,full,311,25,5,10,5,75,75,2722,0.8668363019508057,0.8511904761904762,0.01564582576032958
1309,full,311,25,5,10,10,sqrt,52 (sqrt),2722,0.8515691263782866,0.8601190476190477,-0.008549921240761038
1310,full,311,25,5,10,10,2,2,2722,0.3375742154368109,0.3273809523809524,0.010193263055858492
1311,full,311,25,5,10,10,5,5,2722,0.46225614927905007,0.4166666666666667,0.04558948261238338
1312,full,311,25,5,10,10,10,10,2722,0.5589482612383376,0.5505952380952381,0.008353023143099492
1313,full,311,25,5,10,10,25,25,2722,0.7871077184054284,0.7589285714285714,0.028179146976856972
1314,full,311,25,5,10,10,75,75,2722,0.8634435962680237,0.8422619047619048,0.021181691506118927
1315,full,311,25,5,10,15,sqrt,52 (sqrt),2722,0.820186598812553,0.8214285714285714,-0.0012419726160184386
1316,full,311,25,5,10,15,2,2,2722,0.3384223918575064,0.3392857142857143,-0.0008633224282079133
1317,full,311,25,5,10,15,5,5,2722,0.4444444444444444,0.4166666666666667,0.027777777777777735
1318,full,311,25,5,10,15,10,10,2722,0.47837150127226463,0.49107142857142855,-0.012699927299163916
1319,full,311,25,5,10,15,25,25,2722,0.7565733672603902,0.7202380952380952,0.03633527202229492
1320,full,311,25,5,10,15,75,75,2722,0.8363019508057676,0.8273809523809523,0.008920998424815307
1321,full,311,25,5,15,1,sqrt,52 (sqrt),2722,0.8583545377438507,0.8303571428571429,0.027997394886707827
1322,full,311,25,5,15,1,2,2,2722,0.638676844783715,0.5535714285714286,0.0851054162122864
1323,full,311,25,5,15,1,5,5,2722,0.719253604749788,0.6726190476190477,0.04663455713074027
1324,full,311,25,5,15,1,10,10,2722,0.7150127226463104,0.6845238095238095,0.030488913122500905
1325,full,311,25,5,15,1,25,25,2722,0.8193384223918575,0.7767857142857143,0.0425527081061432
1326,full,311,25,5,15,1,75,75,2722,0.8736217133163698,0.8482142857142857,0.025407427602084143
1327,full,311,25,5,15,5,sqrt,52 (sqrt),2722,0.8490245971162002,0.8363095238095238,0.012715073306676317
1328,full,311,25,5,15,5,2,2,2722,0.3486005089058524,0.3273809523809524,0.02121955652490004
1329,full,311,25,5,15,5,5,5,2722,0.5055131467345207,0.44345238095238093,0.062060765782139815
1330,full,311,25,5,15,5,10,10,2722,0.6251060220525869,0.6160714285714286,0.009034593481158315
1331,full,311,25,5,15,5,25,25,2722,0.8074639525021204,0.7589285714285714,0.048535381073549044
1332,full,311,25,5,15,5,75,75,2722,0.8642917726887193,0.8511904761904762,0.013101296498243098
1333,full,311,25,5,15,10,sqrt,52 (sqrt),2722,0.8515691263782866,0.8601190476190477,-0.008549921240761038
1334,full,311,25,5,15,10,2,2,2722,0.3375742154368109,0.3273809523809524,0.010193263055858492
1335,full,311,25,5,15,10,5,5,2722,0.46225614927905007,0.4166666666666667,0.04558948261238338
1336,full,311,25,5,15,10,10,10,2722,0.5589482612383376,0.5505952380952381,0.008353023143099492
1337,full,311,25,5,15,10,25,25,2722,0.7871077184054284,0.7589285714285714,0.028179146976856972
1338,full,311,25,5,15,10,75,75,2722,0.8634435962680237,0.8422619047619048,0.021181691506118927
1339,full,311,25,5,15,15,sqrt,52 (sqrt),2722,0.820186598812553,0.8214285714285714,-0.0012419726160184386
1340,full,311,25,5,15,15,2,2,2722,0.3384223918575064,0.3392857142857143,-0.0008633224282079133
1341,full,311,25,5,15,15,5,5,2722,0.4444444444444444,0.4166666666666667,0.027777777777777735
1342,full,311,25,5,15,15,10,10,2722,0.47837150127226463,0.49107142857142855,-0.012699927299163916
1343,full,311,25,5,15,15,25,25,2722,0.7565733672603902,0.7202380952380952,0.03633527202229492
1344,full,311,25,5,15,15,75,75,2722,0.8363019508057676,0.8273809523809523,0.008920998424815307
1345,full,311,25,10,2,1,sqrt,52 (sqrt),2722,0.9279050042408821,0.8541666666666666,0.07373833757421544
1346,full,311,25,10,2,1,2,2,2722,0.7167090754877015,0.5059523809523809,0.21075669453532053
1347,full,311,25,10,2,1,5,5,2722,0.8532654792196777,0.6994047619047619,0.1538607173149158
1348,full,311,25,10,2,1,10,10,2722,0.8634435962680237,0.7708333333333334,0.09261026293469032
1349,full,311,25,10,2,1,25,25,2722,0.9050042408821035,0.8303571428571429,0.07464709802496061
1350,full,311,25,10,2,1,75,75,2722,0.916030534351145,0.8690476190476191,0.04698291530352594
1351,full,311,25,10,2,5,sqrt,52 (sqrt),2722,0.8931297709923665,0.8720238095238095,0.021105961468556922
1352,full,311,25,10,2,5,2,2,2722,0.3486005089058524,0.3273809523809524,0.02121955652490004
1353,full,311,25,10,2,5,5,5,2722,0.6327396098388465,0.5446428571428571,0.08809675269598938
1354,full,311,25,10,2,5,10,10,2722,0.7786259541984732,0.7648809523809523,0.013745001817520919
1355,full,311,25,10,2,5,25,25,2722,0.8659881255301103,0.8154761904761905,0.05051193505391982
1356,full,311,25,10,2,5,75,75,2722,0.8880407124681934,0.8720238095238095,0.01601690294438385
1357,full,311,25,10,2,10,sqrt,52 (sqrt),2722,0.8676844783715013,0.8571428571428571,0.010541621228644216
1358,full,311,25,10,2,10,2,2,2722,0.3375742154368109,0.3273809523809524,0.010193263055858492
1359,full,311,25,10,2,10,5,5,2722,0.46225614927905007,0.4166666666666667,0.04558948261238338
1360,full,311,25,10,2,10,10,10,2722,0.5657336726039016,0.5535714285714286,0.012162244032473013
1361,full,311,25,10,2,10,25,25,2722,0.8354537743850721,0.7886904761904762,0.046763298194595904
1362,full,311,25,10,2,10,75,75,2722,0.8736217133163698,0.8511904761904762,0.022431237125893677
1363,full,311,25,10,2,15,sqrt,52 (sqrt),2722,0.8286683630195081,0.8363095238095238,-0.007641160790015755
1364,full,311,25,10,2,15,2,2,2722,0.3384223918575064,0.3392857142857143,-0.0008633224282079133
1365,full,311,25,10,2,15,5,5,2722,0.4444444444444444,0.4166666666666667,0.027777777777777735
1366,full,311,25,10,2,15,10,10,2722,0.47837150127226463,0.49107142857142855,-0.012699927299163916
1367,full,311,25,10,2,15,25,25,2722,0.7582697201017812,0.7142857142857143,0.04398400581606687
1368,full,311,25,10,2,15,75,75,2722,0.8430873621713316,0.8363095238095238,0.006777838361807786
1369,full,311,25,10,5,1,sqrt,52 (sqrt),2722,0.9245122985581001,0.8571428571428571,0.06736944141524304
1370,full,311,25,10,5,1,2,2,2722,0.6955046649703138,0.5238095238095238,0.17169514116079
1371,full,311,25,10,5,1,5,5,2722,0.8456318914334181,0.7321428571428571,0.11348903429056101
1372,full,311,25,10,5,1,10,10,2722,0.8558100084817643,0.8125,0.04331000848176425
1373,full,311,25,10,5,1,25,25,2722,0.8939779474130619,0.8095238095238095,0.08445413788925238
1374,full,311,25,10,5,1,75,75,2722,0.9202714164546225,0.8660714285714286,0.05419998788319391
1375,full,311,25,10,5,5,sqrt,52 (sqrt),2722,0.8931297709923665,0.8720238095238095,0.021105961468556922
1376,full,311,25,10,5,5,2,2,2722,0.3486005089058524,0.3273809523809524,0.02121955652490004
1377,full,311,25,10,5,5,5,5,2722,0.6327396098388465,0.5446428571428571,0.08809675269598938
1378,full,311,25,10,5,5,10,10,2722,0.7786259541984732,0.7648809523809523,0.013745001817520919
1379,full,311,25,10,5,5,25,25,2722,0.8659881255301103,0.8154761904761905,0.05051193505391982
1380,full,311,25,10,5,5,75,75,2722,0.8880407124681934,0.8720238095238095,0.01601690294438385
1381,full,311,25,10,5,10,sqrt,52 (sqrt),2722,0.8676844783715013,0.8571428571428571,0.010541621228644216
1382,full,311,25,10,5,10,2,2,2722,0.3375742154368109,0.3273809523809524,0.010193263055858492
1383,full,311,25,10,5,10,5,5,2722,0.46225614927905007,0.4166666666666667,0.04558948261238338
1384,full,311,25,10,5,10,10,10,2722,0.5657336726039016,0.5535714285714286,0.012162244032473013
1385,full,311,25,10,5,10,25,25,2722,0.8354537743850721,0.7886904761904762,0.046763298194595904
1386,full,311,25,10,5,10,75,75,2722,0.8736217133163698,0.8511904761904762,0.022431237125893677
1387,full,311,25,10,5,15,sqrt,52 (sqrt),2722,0.8286683630195081,0.8363095238095238,-0.007641160790015755
1388,full,311,25,10,5,15,2,2,2722,0.3384223918575064,0.3392857142857143,-0.0008633224282079133
1389,full,311,25,10,5,15,5,5,2722,0.4444444444444444,0.4166666666666667,0.027777777777777735
1390,full,311,25,10,5,15,10,10,2722,0.47837150127226463,0.49107142857142855,-0.012699927299163916
1391,full,311,25,10,5,15,25,25,2722,0.7582697201017812,0.7142857142857143,0.04398400581606687
1392,full,311,25,10,5,15,75,75,2722,0.8430873621713316,0.8363095238095238,0.006777838361807786
1393,full,311,25,10,10,1,sqrt,52 (sqrt),2722,0.9253604749787956,0.8601190476190477,0.06524142735974792
1394,full,311,25,10,10,1,2,2,2722,0.6887192536047498,0.5238095238095238,0.164909729795226
1395,full,311,25,10,10,1,5,5,2722,0.8490245971162002,0.7440476190476191,0.10497697806858108
1396,full,311,25,10,10,1,10,10,2722,0.8524173027989822,0.8184523809523809,0.03396492184660127
1397,full,311,25,10,10,1,25,25,2722,0.8897370653095844,0.8273809523809523,0.06235611292863208
1398,full,311,25,10,10,1,75,75,2722,0.914334181509754,0.8630952380952381,0.05123894341451585
1399,full,311,25,10,10,5,sqrt,52 (sqrt),2722,0.8931297709923665,0.8720238095238095,0.021105961468556922
1400,full,311,25,10,10,5,2,2,2722,0.3486005089058524,0.3273809523809524,0.02121955652490004
1401,full,311,25,10,10,5,5,5,2722,0.6327396098388465,0.5446428571428571,0.08809675269598938
1402,full,311,25,10,10,5,10,10,2722,0.7786259541984732,0.7648809523809523,0.013745001817520919
1403,full,311,25,10,10,5,25,25,2722,0.8659881255301103,0.8154761904761905,0.05051193505391982
1404,full,311,25,10,10,5,75,75,2722,0.8880407124681934,0.8720238095238095,0.01601690294438385
1405,full,311,25,10,10,10,sqrt,52 (sqrt),2722,0.8676844783715013,0.8571428571428571,0.010541621228644216
1406,full,311,25,10,10,10,2,2,2722,0.3375742154368109,0.3273809523809524,0.010193263055858492
1407,full,311,25,10,10,10,5,5,2722,0.46225614927905007,0.4166666666666667,0.04558948261238338
1408,full,311,25,10,10,10,10,10,2722,0.5657336726039016,0.5535714285714286,0.012162244032473013
1409,full,311,25,10,10,10,25,25,2722,0.8354537743850721,0.7886904761904762,0.046763298194595904
1410,full,311,25,10,10,10,75,75,2722,0.8736217133163698,0.8511904761904762,0.022431237125893677
1411,full,311,25,10,10,15,sqrt,52 (sqrt),2722,0.8286683630195081,0.8363095238095238,-0.007641160790015755
1412,full,311,25,10,10,15,2,2,2722,0.3384223918575064,0.3392857142857143,-0.0008633224282079133
1413,full,311,25,10,10,15,5,5,2722,0.4444444444444444,0.4166666666666667,0.027777777777777735
1414,full,311,25,10,10,15,10,10,2722,0.47837150127226463,0.49107142857142855,-0.012699927299163916
1415,full,311,25,10,10,15,25,25,2722,0.7582697201017812,0.7142857142857143,0.04398400581606687
1416,full,311,25,10,10,15,75,75,2722,0.8430873621713316,0.8363095238095238,0.006777838361807786
1417,full,311,25,10,15,1,sqrt,52 (sqrt),2722,0.9083969465648855,0.8839285714285714,0.024468375136314058
1418,full,311,25,10,15,1,2,2,2722,0.6887192536047498,0.5238095238095238,0.164909729795226
1419,full,311,25,10,15,1,5,5,2722,0.8405428329092451,0.7380952380952381,0.102447594814007
1420,full,311,25,10,15,1,10,10,2722,0.8481764206955047,0.8125,0.035676420695504696
1421,full,311,25,10,15,1,25,25,2722,0.8812553011026294,0.8244047619047619,0.05685053919786753
1422,full,311,25,10,15,1,75,75,2722,0.9126378286683631,0.8690476190476191,0.043590209620744
1423,full,311,25,10,15,5,sqrt,52 (sqrt),2722,0.8854961832061069,0.8660714285714286,0.0194247546346783
1424,full,311,25,10,15,5,2,2,2722,0.3486005089058524,0.3273809523809524,0.02121955652490004
1425,full,311,25,10,15,5,5,5,2722,0.63019508057676,0.5446428571428571,0.0855522234339029
1426,full,311,25,10,15,5,10,10,2722,0.7760814249363868,0.7559523809523809,0.020129043984005834
1427,full,311,25,10,15,5,25,25,2722,0.8651399491094147,0.8125,0.05263994910941472
1428,full,311,25,10,15,5,75,75,2722,0.8871925360474979,0.8541666666666666,0.033025869380831296
1429,full,311,25,10,15,10,sqrt,52 (sqrt),2722,0.8676844783715013,0.8571428571428571,0.010541621228644216
1430,full,311,25,10,15,10,2,2,2722,0.3375742154368109,0.3273809523809524,0.010193263055858492
1431,full,311,25,10,15,10,5,5,2722,0.46225614927905007,0.4166666666666667,0.04558948261238338
1432,full,311,25,10,15,10,10,10,2722,0.5657336726039016,0.5535714285714286,0.012162244032473013
1433,full,311,25,10,15,10,25,25,2722,0.8354537743850721,0.7886904761904762,0.046763298194595904
1434,full,311,25,10,15,10,75,75,2722,0.8736217133163698,0.8511904761904762,0.022431237125893677
1435,full,311,25,10,15,15,sqrt,52 (sqrt),2722,0.8286683630195081,0.8363095238095238,-0.007641160790015755
1436,full,311,25,10,15,15,2,2,2722,0.3384223918575064,0.3392857142857143,-0.0008633224282079133
1437,full,311,25,10,15,15,5,5,2722,0.4444444444444444,0.4166666666666667,0.027777777777777735
1438,full,311,25,10,15,15,10,10,2722,0.47837150127226463,0.49107142857142855,-0.012699927299163916
1439,full,311,25,10,15,15,25,25,2722,0.7582697201017812,0.7142857142857143,0.04398400581606687
1440,full,311,25,10,15,15,75,75,2722,0.8430873621713316,0.8363095238095238,0.006777838361807786
1441,full,311,25,15,2,1,sqrt,52 (sqrt),2722,0.9567430025445293,0.875,0.08174300254452926
1442,full,311,25,15,2,1,2,2,2722,0.8693808312128923,0.6964285714285714,0.17295225978432094
1443,full,311,25,15,2,1,5,5,2722,0.8922815945716709,0.7321428571428571,0.1601387374288138
1444,full,311,25,15,2,1,10,10,2722,0.9016115351993215,0.8065476190476191,0.0950639161517024
1445,full,311,25,15,2,1,25,25,2722,0.9380831212892281,0.8422619047619048,0.09582121652732334
1446,full,311,25,15,2,1,75,75,2722,0.9533502968617472,0.875,0.07835029686174722
1447,full,311,25,15,2,5,sqrt,52 (sqrt),2722,0.8914334181509754,0.8809523809523809,0.0104810371985945
1448,full,311,25,15,2,5,2,2,2722,0.3486005089058524,0.3273809523809524,0.02121955652490004
1449,full,311,25,15,2,5,5,5,2722,0.6327396098388465,0.5446428571428571,0.08809675269598938
1450,full,311,25,15,2,5,10,10,2722,0.7854113655640373,0.7886904761904762,-0.0032791106264388192
1451,full,311,25,15,2,5,25,25,2722,0.8778625954198473,0.8244047619047619,0.053457833515085484
1452,full,311,25,15,2,5,75,75,2722,0.9024597116200169,0.8839285714285714,0.018531140191445528
1453,full,311,25,15,2,10,sqrt,52 (sqrt),2722,0.8702290076335878,0.8571428571428571,0.013086150490730697
1454,full,311,25,15,2,10,2,2,2722,0.3375742154368109,0.3273809523809524,0.010193263055858492
1455,full,311,25,15,2,10,5,5,2722,0.46225614927905007,0.4166666666666667,0.04558948261238338
1456,full,311,25,15,2,10,10,10,2722,0.5657336726039016,0.5535714285714286,0.012162244032473013
1457,full,311,25,15,2,10,25,25,2722,0.8354537743850721,0.7886904761904762,0.046763298194595904
1458,full,311,25,15,2,10,75,75,2722,0.8710771840542832,0.8452380952380952,0.025839088816188016
1459,full,311,25,15,2,15,sqrt,52 (sqrt),2722,0.8286683630195081,0.8363095238095238,-0.007641160790015755
1460,full,311,25,15,2,15,2,2,2722,0.3384223918575064,0.3392857142857143,-0.0008633224282079133
1461,full,311,25,15,2,15,5,5,2722,0.4444444444444444,0.4166666666666667,0.027777777777777735
1462,full,311,25,15,2,15,10,10,2722,0.47837150127226463,0.49107142857142855,-0.012699927299163916
1463,full,311,25,15,2,15,25,25,2722,0.7582697201017812,0.7142857142857143,0.04398400581606687
1464,full,311,25,15,2,15,75,75,2722,0.8439355385920272,0.8333333333333334,0.01060220525869382
1465,full,311,25,15,5,1,sqrt,52 (sqrt),2722,0.9465648854961832,0.8630952380952381,0.08346964740094509
1466,full,311,25,15,5,1,2,2,2722,0.8396946564885496,0.7321428571428571,0.10755179934569248
1467,full,311,25,15,5,1,5,5,2722,0.8821034775233249,0.7440476190476191,0.13805585847570578
1468,full,311,25,15,5,1,10,10,2722,0.8965224766751484,0.7976190476190477,0.09890342905610072
1469,full,311,25,15,5,1,25,25,2722,0.9236641221374046,0.8273809523809523,0.09628316975645224
1470,full,311,25,15,5,1,75,75,2722,0.9541984732824428,0.8779761904761905,0.07622228280625232
1471,full,311,25,15,5,5,sqrt,52 (sqrt),2722,0.8914334181509754,0.8809523809523809,0.0104810371985945
1472,full,311,25,15,5,5,2,2,2722,0.3486005089058524,0.3273809523809524,0.02121955652490004
1473,full,311,25,15,5,5,5,5,2722,0.6327396098388465,0.5446428571428571,0.08809675269598938
1474,full,311,25,15,5,5,10,10,2722,0.7854113655640373,0.7886904761904762,-0.0032791106264388192
1475,full,311,25,15,5,5,25,25,2722,0.8778625954198473,0.8244047619047619,0.053457833515085484
1476,full,311,25,15,5,5,75,75,2722,0.9024597116200169,0.8839285714285714,0.018531140191445528
1477,full,311,25,15,5,10,sqrt,52 (sqrt),2722,0.8702290076335878,0.8571428571428571,0.013086150490730697
1478,full,311,25,15,5,10,2,2,2722,0.3375742154368109,0.3273809523809524,0.010193263055858492
1479,full,311,25,15,5,10,5,5,2722,0.46225614927905007,0.4166666666666667,0.04558948261238338
1480,full,311,25,15,5,10,10,10,2722,0.5657336726039016,0.5535714285714286,0.012162244032473013
1481,full,311,25,15,5,10,25,25,2722,0.8354537743850721,0.7886904761904762,0.046763298194595904
1482,full,311,25,15,5,10,75,75,2722,0.8710771840542832,0.8452380952380952,0.025839088816188016
1483,full,311,25,15,5,15,sqrt,52 (sqrt),2722,0.8286683630195081,0.8363095238095238,-0.007641160790015755
1484,full,311,25,15,5,15,2,2,2722,0.3384223918575064,0.3392857142857143,-0.0008633224282079133
1485,full,311,25,15,5,15,5,5,2722,0.4444444444444444,0.4166666666666667,0.027777777777777735
1486,full,311,25,15,5,15,10,10,2722,0.47837150127226463,0.49107142857142855,-0.012699927299163916
1487,full,311,25,15,5,15,25,25,2722,0.7582697201017812,0.7142857142857143,0.04398400581606687
1488,full,311,25,15,5,15,75,75,2722,0.8439355385920272,0.8333333333333334,0.01060220525869382
1489,full,311,25,15,10,1,sqrt,52 (sqrt),2722,0.9508057675996607,0.8928571428571429,0.05794862474251783
1490,full,311,25,15,10,1,2,2,2722,0.8278201865988125,0.7053571428571429,0.12246304374166961
1491,full,311,25,15,10,1,5,5,2722,0.8710771840542832,0.7589285714285714,0.11214861262571185
1492,full,311,25,15,10,1,10,10,2722,0.9007633587786259,0.8184523809523809,0.08231097782624497
1493,full,311,25,15,10,1,25,25,2722,0.9168787107718406,0.8482142857142857,0.06866442505755488
1494,full,311,25,15,10,1,75,75,2722,0.9508057675996607,0.8690476190476191,0.08175814855204167
1495,full,311,25,15,10,5,sqrt,52 (sqrt),2722,0.8914334181509754,0.8809523809523809,0.0104810371985945
1496,full,311,25,15,10,5,2,2,2722,0.3486005089058524,0.3273809523809524,0.02121955652490004
1497,full,311,25,15,10,5,5,5,2722,0.6327396098388465,0.5446428571428571,0.08809675269598938
1498,full,311,25,15,10,5,10,10,2722,0.7854113655640373,0.7886904761904762,-0.0032791106264388192
1499,full,311,25,15,10,5,25,25,2722,0.8778625954198473,0.8244047619047619,0.053457833515085484
1500,full,311,25,15,10,5,75,75,2722,0.9024597116200169,0.8839285714285714,0.018531140191445528
1501,full,311,25,15,10,10,sqrt,52 (sqrt),2722,0.8702290076335878,0.8571428571428571,0.013086150490730697
1502,full,311,25,15,10,10,2,2,2722,0.3375742154368109,0.3273809523809524,0.010193263055858492
1503,full,311,25,15,10,10,5,5,2722,0.46225614927905007,0.4166666666666667,0.04558948261238338
1504,full,311,25,15,10,10,10,10,2722,0.5657336726039016,0.5535714285714286,0.012162244032473013
1505,full,311,25,15,10,10,25,25,2722,0.8354537743850721,0.7886904761904762,0.046763298194595904
1506,full,311,25,15,10,10,75,75,2722,0.8710771840542832,0.8452380952380952,0.025839088816188016
1507,full,311,25,15,10,15,sqrt,52 (sqrt),2722,0.8286683630195081,0.8363095238095238,-0.007641160790015755
1508,full,311,25,15,10,15,2,2,2722,0.3384223918575064,0.3392857142857143,-0.0008633224282079133
1509,full,311,25,15,10,15,5,5,2722,0.4444444444444444,0.4166666666666667,0.027777777777777735
1510,full,311,25,15,10,15,10,10,2722,0.47837150127226463,0.49107142857142855,-0.012699927299163916
1511,full,311,25,15,10,15,25,25,2722,0.7582697201017812,0.7142857142857143,0.04398400581606687
1512,full,311,25,15,10,15,75,75,2722,0.8439355385920272,0.8333333333333334,0.01060220525869382
1513,full,311,25,15,15,1,sqrt,52 (sqrt),2722,0.9448685326547922,0.8660714285714286,0.0787971040833636
1514,full,311,25,15,15,1,2,2,2722,0.825275657336726,0.7023809523809523,0.1228947049557737
1515,full,311,25,15,15,1,5,5,2722,0.8642917726887193,0.7678571428571429,0.09643462983157636
1516,full,311,25,15,15,1,10,10,2722,0.8948261238337574,0.8184523809523809,0.07637374288137644
1517,full,311,25,15,15,1,25,25,2722,0.9253604749787956,0.8541666666666666,0.07119380831212896
1518,full,311,25,15,15,1,75,75,2722,0.9440203562340967,0.875,0.06902035623409675
1519,full,311,25,15,15,5,sqrt,52 (sqrt),2722,0.8837998303647159,0.8720238095238095,0.011776020840906343
1520,full,311,25,15,15,5,2,2,2722,0.3486005089058524,0.3273809523809524,0.02121955652490004
1521,full,311,25,15,15,5,5,5,2722,0.63019508057676,0.5446428571428571,0.0855522234339029
1522,full,311,25,15,15,5,10,10,2722,0.7862595419847328,0.7827380952380952,0.0035214467466375687
1523,full,311,25,15,15,5,25,25,2722,0.8770144189991518,0.8244047619047619,0.05260965709438992
1524,full,311,25,15,15,5,75,75,2722,0.8948261238337574,0.8869047619047619,0.007921361928995507
1525,full,311,25,15,15,10,sqrt,52 (sqrt),2722,0.8702290076335878,0.8571428571428571,0.013086150490730697
1526,full,311,25,15,15,10,2,2,2722,0.3375742154368109,0.3273809523809524,0.010193263055858492
1527,full,311,25,15,15,10,5,5,2722,0.46225614927905007,0.4166666666666667,0.04558948261238338
1528,full,311,25,15,15,10,10,10,2722,0.5657336726039016,0.5535714285714286,0.012162244032473013
1529,full,311,25,15,15,10,25,25,2722,0.8354537743850721,0.7886904761904762,0.046763298194595904
1530,full,311,25,15,15,10,75,75,2722,0.8710771840542832,0.8452380952380952,0.025839088816188016
1531,full,311,25,15,15,15,sqrt,52 (sqrt),2722,0.8286683630195081,0.8363095238095238,-0.007641160790015755
1532,full,311,25,15,15,15,2,2,2722,0.3384223918575064,0.3392857142857143,-0.0008633224282079133
1533,full,311,25,15,15,15,5,5,2722,0.4444444444444444,0.4166666666666667,0.027777777777777735
1534,full,311,25,15,15,15,10,10,2722,0.47837150127226463,0.49107142857142855,-0.012699927299163916
1535,full,311,25,15,15,15,25,25,2722,0.7582697201017812,0.7142857142857143,0.04398400581606687
1536,full,311,25,15,15,15,75,75,2722,0.8439355385920272,0.8333333333333334,0.01060220525869382
1537,full,311,25,25,2,1,sqrt,52 (sqrt),2722,0.9779474130619169,0.875,0.1029474130619169
1538,full,311,25,25,2,1,2,2,2722,0.909245122985581,0.7142857142857143,0.19495940869986672
1539,full,311,25,25,2,1,5,5,2722,0.9270568278201866,0.8065476190476191,0.12050920877256754
1540,full,311,25,25,2,1,10,10,2722,0.9397794741306191,0.8303571428571429,0.10942233127347623
1541,full,311,25,25,2,1,25,25,2722,0.9694656488549618,0.8541666666666666,0.11529898218829515
1542,full,311,25,25,2,1,75,75,2722,0.9796437659033079,0.8839285714285714,0.09571519447473653
1543,full,311,25,25,2,5,sqrt,52 (sqrt),2722,0.8829516539440203,0.8839285714285714,-0.0009769174845510875
1544,full,311,25,25,2,5,2,2,2722,0.3486005089058524,0.3273809523809524,0.02121955652490004
1545,full,311,25,25,2,5,5,5,2722,0.6327396098388465,0.5446428571428571,0.08809675269598938
1546,full,311,25,25,2,5,10,10,2722,0.7837150127226463,0.7886904761904762,-0.004975463467829844
1547,full,311,25,25,2,5,25,25,2722,0.8702290076335878,0.8392857142857143,0.03094329334787349
1548,full,311,25,25,2,5,75,75,2722,0.9007633587786259,0.8690476190476191,0.03171573973100683
1549,full,311,25,25,2,10,sqrt,52 (sqrt),2722,0.8702290076335878,0.8571428571428571,0.013086150490730697
1550,full,311,25,25,2,10,2,2,2722,0.3375742154368109,0.3273809523809524,0.010193263055858492
1551,full,311,25,25,2,10,5,5,2722,0.46225614927905007,0.4166666666666667,0.04558948261238338
1552,full,311,25,25,2,10,10,10,2722,0.5657336726039016,0.5535714285714286,0.012162244032473013
1553,full,311,25,25,2,10,25,25,2722,0.8354537743850721,0.7886904761904762,0.046763298194595904
1554,full,311,25,25,2,10,75,75,2722,0.8710771840542832,0.8452380952380952,0.025839088816188016
1555,full,311,25,25,2,15,sqrt,52 (sqrt),2722,0.8286683630195081,0.8363095238095238,-0.007641160790015755
1556,full,311,25,25,2,15,2,2,2722,0.3384223918575064,0.3392857142857143,-0.0008633224282079133
1557,full,311,25,25,2,15,5,5,2722,0.4444444444444444,0.4166666666666667,0.027777777777777735
1558,full,311,25,25,2,15,10,10,2722,0.47837150127226463,0.49107142857142855,-0.012699927299163916
1559,full,311,25,25,2,15,25,25,2722,0.7582697201017812,0.7142857142857143,0.04398400581606687
1560,full,311,25,25,2,15,75,75,2722,0.8439355385920272,0.8333333333333334,0.01060220525869382
1561,full,311,25,25,5,1,sqrt,52 (sqrt),2722,0.9737065309584394,0.8809523809523809,0.09275415000605847
1562,full,311,25,25,5,1,2,2,2722,0.8871925360474979,0.7351190476190477,0.15207348842845025
1563,full,311,25,25,5,1,5,5,2722,0.9168787107718406,0.8214285714285714,0.09545013934326918
1564,full,311,25,25,5,1,10,10,2722,0.9270568278201866,0.8005952380952381,0.12646158972494848
1565,full,311,25,25,5,1,25,25,2722,0.9592875318066157,0.8482142857142857,0.11107324609233005
1566,full,311,25,25,5,1,75,75,2722,0.9770992366412213,0.8809523809523809,0.0961468556888404
1567,full,311,25,25,5,5,sqrt,52 (sqrt),2722,0.8829516539440203,0.8839285714285714,-0.0009769174845510875
1568,full,311,25,25,5,5,2,2,2722,0.3486005089058524,0.3273809523809524,0.02121955652490004
1569,full,311,25,25,5,5,5,5,2722,0.6327396098388465,0.5446428571428571,0.08809675269598938
1570,full,311,25,25,5,5,10,10,2722,0.7837150127226463,0.7886904761904762,-0.004975463467829844
1571,full,311,25,25,5,5,25,25,2722,0.8702290076335878,0.8392857142857143,0.03094329334787349
1572,full,311,25,25,5,5,75,75,2722,0.9007633587786259,0.8690476190476191,0.03171573973100683
1573,full,311,25,25,5,10,sqrt,52 (sqrt),2722,0.8702290076335878,0.8571428571428571,0.013086150490730697
1574,full,311,25,25,5,10,2,2,2722,0.3375742154368109,0.3273809523809524,0.010193263055858492
1575,full,311,25,25,5,10,5,5,2722,0.46225614927905007,0.4166666666666667,0.04558948261238338
1576,full,311,25,25,5,10,10,10,2722,0.5657336726039016,0.5535714285714286,0.012162244032473013
1577,full,311,25,25,5,10,25,25,2722,0.8354537743850721,0.7886904761904762,0.046763298194595904
1578,full,311,25,25,5,10,75,75,2722,0.8710771840542832,0.8452380952380952,0.025839088816188016
1579,full,311,25,25,5,15,sqrt,52 (sqrt),2722,0.8286683630195081,0.8363095238095238,-0.007641160790015755
1580,full,311,25,25,5,15,2,2,2722,0.3384223918575064,0.3392857142857143,-0.0008633224282079133
1581,full,311,25,25,5,15,5,5,2722,0.4444444444444444,0.4166666666666667,0.027777777777777735
1582,full,311,25,25,5,15,10,10,2722,0.47837150127226463,0.49107142857142855,-0.012699927299163916
1583,full,311,25,25,5,15,25,25,2722,0.7582697201017812,0.7142857142857143,0.04398400581606687
1584,full,311,25,25,5,15,75,75,2722,0.8439355385920272,0.8333333333333334,0.01060220525869382
1585,full,311,25,25,10,1,sqrt,52 (sqrt),2722,0.9711620016963528,0.8779761904761905,0.09318581122016234
1586,full,311,25,25,10,1,2,2,2722,0.8744698897370653,0.7321428571428571,0.1423270325942082
1587,full,311,25,25,10,1,5,5,2722,0.9067005937234945,0.8154761904761905,0.09122440324730408
1588,full,311,25,25,10,1,10,10,2722,0.9287531806615776,0.8095238095238095,0.1192293711377681
1589,full,311,25,25,10,1,25,25,2722,0.9541984732824428,0.875,0.07919847328244278
1590,full,311,25,25,10,1,75,75,2722,0.9754028837998303,0.8809523809523809,0.09445050284744938
1591,full,311,25,25,10,5,sqrt,52 (sqrt),2722,0.8829516539440203,0.8839285714285714,-0.0009769174845510875
1592,full,311,25,25,10,5,2,2,2722,0.3486005089058524,0.3273809523809524,0.02121955652490004
1593,full,311,25,25,10,5,5,5,2722,0.6327396098388465,0.5446428571428571,0.08809675269598938
1594,full,311,25,25,10,5,10,10,2722,0.7837150127226463,0.7886904761904762,-0.004975463467829844
1595,full,311,25,25,10,5,25,25,2722,0.8702290076335878,0.8392857142857143,0.03094329334787349
1596,full,311,25,25,10,5,75,75,2722,0.9007633587786259,0.8690476190476191,0.03171573973100683
1597,full,311,25,25,10,10,sqrt,52 (sqrt),2722,0.8702290076335878,0.8571428571428571,0.013086150490730697
1598,full,311,25,25,10,10,2,2,2722,0.3375742154368109,0.3273809523809524,0.010193263055858492
1599,full,311,25,25,10,10,5,5,2722,0.46225614927905007,0.4166666666666667,0.04558948261238338
1600,full,311,25,25,10,10,10,10,2722,0.5657336726039016,0.5535714285714286,0.012162244032473013
1601,full,311,25,25,10,10,25,25,2722,0.8354537743850721,0.7886904761904762,0.046763298194595904
1602,full,311,25,25,10,10,75,75,2722,0.8710771840542832,0.8452380952380952,0.025839088816188016
1603,full,311,25,25,10,15,sqrt,52 (sqrt),2722,0.8286683630195081,0.8363095238095238,-0.007641160790015755
1604,full,311,25,25,10,15,2,2,2722,0.3384223918575064,0.3392857142857143,-0.0008633224282079133
1605,full,311,25,25,10,15,5,5,2722,0.4444444444444444,0.4166666666666667,0.027777777777777735
1606,full,311,25,25,10,15,10,10,2722,0.47837150127226463,0.49107142857142855,-0.012699927299163916
1607,full,311,25,25,10,15,25,25,2722,0.7582697201017812,0.7142857142857143,0.04398400581606687
1608,full,311,25,25,10,15,75,75,2722,0.8439355385920272,0.8333333333333334,0.01060220525869382
1609,full,311,25,25,15,1,sqrt,52 (sqrt),2722,0.9669211195928753,0.8839285714285714,0.0829925481643039
1610,full,311,25,25,15,1,2,2,2722,0.8676844783715013,0.75,0.11768447837150131
1611,full,311,25,25,15,1,5,5,2722,0.909245122985581,0.8333333333333334,0.07591178965224765
1612,full,311,25,25,15,1,10,10,2722,0.9253604749787956,0.8184523809523809,0.10690809402641466
1613,full,311,25,25,15,1,25,25,2722,0.9465648854961832,0.8690476190476191,0.07751726644856416
1614,full,311,25,25,15,1,75,75,2722,0.9686174724342663,0.8809523809523809,0.0876650914818854
1615,full,311,25,25,15,5,sqrt,52 (sqrt),2722,0.8914334181509754,0.8809523809523809,0.0104810371985945
1616,full,311,25,25,15,5,2,2,2722,0.3486005089058524,0.3273809523809524,0.02121955652490004
1617,full,311,25,25,15,5,5,5,2722,0.63019508057676,0.5446428571428571,0.0855522234339029
1618,full,311,25,25,15,5,10,10,2722,0.7845631891433418,0.7827380952380952,0.0018250939052465442
1619,full,311,25,25,15,5,25,25,2722,0.8736217133163698,0.8363095238095238,0.037312189506846005
1620,full,311,25,25,15,5,75,75,2722,0.9007633587786259,0.8720238095238095,0.028739549254816366
1621,full,311,25,25,15,10,sqrt,52 (sqrt),2722,0.8702290076335878,0.8571428571428571,0.013086150490730697
1622,full,311,25,25,15,10,2,2,2722,0.3375742154368109,0.3273809523809524,0.010193263055858492
1623,full,311,25,25,15,10,5,5,2722,0.46225614927905007,0.4166666666666667,0.04558948261238338
1624,full,311,25,25,15,10,10,10,2722,0.5657336726039016,0.5535714285714286,0.012162244032473013
1625,full,311,25,25,15,10,25,25,2722,0.8354537743850721,0.7886904761904762,0.046763298194595904
1626,full,311,25,25,15,10,75,75,2722,0.8710771840542832,0.8452380952380952,0.025839088816188016
1627,full,311,25,25,15,15,sqrt,52 (sqrt),2722,0.8286683630195081,0.8363095238095238,-0.007641160790015755
1628,full,311,25,25,15,15,2,2,2722,0.3384223918575064,0.3392857142857143,-0.0008633224282079133
1629,full,311,25,25,15,15,5,5,2722,0.4444444444444444,0.4166666666666667,0.027777777777777735
1630,full,311,25,25,15,15,10,10,2722,0.47837150127226463,0.49107142857142855,-0.012699927299163916
1631,full,311,25,25,15,15,25,25,2722,0.7582697201017812,0.7142857142857143,0.04398400581606687
1632,full,311,25,25,15,15,75,75,2722,0.8439355385920272,0.8333333333333334,0.01060220525869382
1633,full,311,25,none,2,1,sqrt,52 (sqrt),2722,0.9787955894826124,0.8928571428571429,0.08593844662546946
1634,full,311,25,none,2,1,2,2,2722,0.9796437659033079,0.8363095238095238,0.1433342420937841
1635,full,311,25,none,2,1,5,5,2722,0.9796437659033079,0.8690476190476191,0.11059614685568886
1636,full,311,25,none,2,1,10,10,2722,0.9796437659033079,0.8690476190476191,0.11059614685568886
1637,full,311,25,none,2,1,25,25,2722,0.9796437659033079,0.8809523809523809,0.098691384950927
1638,full,311,25,none,2,1,75,75,2722,0.9787955894826124,0.8809523809523809,0.09784320853023143
1639,full,311,25,none,2,5,sqrt,52 (sqrt),2722,0.8829516539440203,0.8839285714285714,-0.0009769174845510875
1640,full,311,25,none,2,5,2,2,2722,0.3486005089058524,0.3273809523809524,0.02121955652490004
1641,full,311,25,none,2,5,5,5,2722,0.6327396098388465,0.5446428571428571,0.08809675269598938
1642,full,311,25,none,2,5,10,10,2722,0.7837150127226463,0.7886904761904762,-0.004975463467829844
1643,full,311,25,none,2,5,25,25,2722,0.8702290076335878,0.8392857142857143,0.03094329334787349
1644,full,311,25,none,2,5,75,75,2722,0.9007633587786259,0.8690476190476191,0.03171573973100683
1645,full,311,25,none,2,10,sqrt,52 (sqrt),2722,0.8702290076335878,0.8571428571428571,0.013086150490730697
1646,full,311,25,none,2,10,2,2,2722,0.3375742154368109,0.3273809523809524,0.010193263055858492
1647,full,311,25,none,2,10,5,5,2722,0.46225614927905007,0.4166666666666667,0.04558948261238338
1648,full,311,25,none,2,10,10,10,2722,0.5657336726039016,0.5535714285714286,0.012162244032473013
1649,full,311,25,none,2,10,25,25,2722,0.8354537743850721,0.7886904761904762,0.046763298194595904
1650,full,311,25,none,2,10,75,75,2722,0.8710771840542832,0.8452380952380952,0.025839088816188016
1651,full,311,25,none,2,15,sqrt,52 (sqrt),2722,0.8286683630195081,0.8363095238095238,-0.007641160790015755
1652,full,311,25,none,2,15,2,2,2722,0.3384223918575064,0.3392857142857143,-0.0008633224282079133
1653,full,311,25,none,2,15,5,5,2722,0.4444444444444444,0.4166666666666667,0.027777777777777735
1654,full,311,25,none,2,15,10,10,2722,0.47837150127226463,0.49107142857142855,-0.012699927299163916
1655,full,311,25,none,2,15,25,25,2722,0.7582697201017812,0.7142857142857143,0.04398400581606687
1656,full,311,25,none,2,15,75,75,2722,0.8439355385920272,0.8333333333333334,0.01060220525869382
1657,full,311,25,none,5,1,sqrt,52 (sqrt),2722,0.9787955894826124,0.8809523809523809,0.09784320853023143
1658,full,311,25,none,5,1,2,2,2722,0.9787955894826124,0.8660714285714286,0.11272416091118376
1659,full,311,25,none,5,1,5,5,2722,0.9770992366412213,0.8422619047619048,0.13483733187931657
1660,full,311,25,none,5,1,10,10,2722,0.9779474130619169,0.8630952380952381,0.11485217496667877
1661,full,311,25,none,5,1,25,25,2722,0.9779474130619169,0.8869047619047619,0.09104265115715504
1662,full,311,25,none,5,1,75,75,2722,0.9779474130619169,0.8809523809523809,0.09699503210953597
1663,full,311,25,none,5,5,sqrt,52 (sqrt),2722,0.8829516539440203,0.8839285714285714,-0.0009769174845510875
1664,full,311,25,none,5,5,2,2,2722,0.3486005089058524,0.3273809523809524,0.02121955652490004
1665,full,311,25,none,5,5,5,5,2722,0.6327396098388465,0.5446428571428571,0.08809675269598938
1666,full,311,25,none,5,5,10,10,2722,0.7837150127226463,0.7886904761904762,-0.004975463467829844
1667,full,311,25,none,5,5,25,25,2722,0.8702290076335878,0.8392857142857143,0.03094329334787349
1668,full,311,25,none,5,5,75,75,2722,0.9007633587786259,0.8690476190476191,0.03171573973100683
1669,full,311,25,none,5,10,sqrt,52 (sqrt),2722,0.8702290076335878,0.8571428571428571,0.013086150490730697
1670,full,311,25,none,5,10,2,2,2722,0.3375742154368109,0.3273809523809524,0.010193263055858492
1671,full,311,25,none,5,10,5,5,2722,0.46225614927905007,0.4166666666666667,0.04558948261238338
1672,full,311,25,none,5,10,10,10,2722,0.5657336726039016,0.5535714285714286,0.012162244032473013
1673,full,311,25,none,5,10,25,25,2722,0.8354537743850721,0.7886904761904762,0.046763298194595904
1674,full,311,25,none,5,10,75,75,2722,0.8710771840542832,0.8452380952380952,0.025839088816188016
1675,full,311,25,none,5,15,sqrt,52 (sqrt),2722,0.8286683630195081,0.8363095238095238,-0.007641160790015755
1676,full,311,25,none,5,15,2,2,2722,0.3384223918575064,0.3392857142857143,-0.0008633224282079133
1677,full,311,25,none,5,15,5,5,2722,0.4444444444444444,0.4166666666666667,0.027777777777777735
1678,full,311,25,none,5,15,10,10,2722,0.47837150127226463,0.49107142857142855,-0.012699927299163916
1679,full,311,25,none,5,15,25,25,2722,0.7582697201017812,0.7142857142857143,0.04398400581606687
1680,full,311,25,none,5,15,75,75,2722,0.8439355385920272,0.8333333333333334,0.01060220525869382
1681,full,311,25,none,10,1,sqrt,52 (sqrt),2722,0.9762510602205259,0.8869047619047619,0.08934629831576402
1682,full,311,25,none,10,1,2,2,2722,0.9745547073791349,0.8511904761904762,0.12336423118865869
1683,full,311,25,none,10,1,5,5,2722,0.9779474130619169,0.8779761904761905,0.09997122258572644
1684,full,311,25,none,10,1,10,10,2722,0.9762510602205259,0.8511904761904762,0.12506058403004972
1685,full,311,25,none,10,1,25,25,2722,0.9762510602205259,0.8541666666666666,0.12208439355385925
1686,full,311,25,none,10,1,75,75,2722,0.9745547073791349,0.8630952380952381,0.11145946928389672
1687,full,311,25,none,10,5,sqrt,52 (sqrt),2722,0.8829516539440203,0.8839285714285714,-0.0009769174845510875
1688,full,311,25,none,10,5,2,2,2722,0.3486005089058524,0.3273809523809524,0.02121955652490004
1689,full,311,25,none,10,5,5,5,2722,0.6327396098388465,0.5446428571428571,0.08809675269598938
1690,full,311,25,none,10,5,10,10,2722,0.7837150127226463,0.7886904761904762,-0.004975463467829844
1691,full,311,25,none,10,5,25,25,2722,0.8702290076335878,0.8392857142857143,0.03094329334787349
1692,full,311,25,none,10,5,75,75,2722,0.9007633587786259,0.8690476190476191,0.03171573973100683
1693,full,311,25,none,10,10,sqrt,52 (sqrt),2722,0.8702290076335878,0.8571428571428571,0.013086150490730697
1694,full,311,25,none,10,10,2,2,2722,0.3375742154368109,0.3273809523809524,0.010193263055858492
1695,full,311,25,none,10,10,5,5,2722,0.46225614927905007,0.4166666666666667,0.04558948261238338
1696,full,311,25,none,10,10,10,10,2722,0.5657336726039016,0.5535714285714286,0.012162244032473013
1697,full,311,25,none,10,10,25,25,2722,0.8354537743850721,0.7886904761904762,0.046763298194595904
1698,full,311,25,none,10,10,75,75,2722,0.8710771840542832,0.8452380952380952,0.025839088816188016
1699,full,311,25,none,10,15,sqrt,52 (sqrt),2722,0.8286683630195081,0.8363095238095238,-0.007641160790015755
1700,full,311,25,none,10,15,2,2,2722,0.3384223918575064,0.3392857142857143,-0.0008633224282079133
1701,full,311,25,none,10,15,5,5,2722,0.4444444444444444,0.4166666666666667,0.027777777777777735
1702,full,311,25,none,10,15,10,10,2722,0.47837150127226463,0.49107142857142855,-0.012699927299163916
1703,full,311,25,none,10,15,25,25,2722,0.7582697201017812,0.7142857142857143,0.04398400581606687
1704,full,311,25,none,10,15,75,75,2722,0.8439355385920272,0.8333333333333334,0.01060220525869382
1705,full,311,25,none,15,1,sqrt,52 (sqrt),2722,0.9720101781170484,0.8839285714285714,0.08808160668847698
1706,full,311,25,none,15,1,2,2,2722,0.9754028837998303,0.8452380952380952,0.13016478856173508
1707,full,311,25,none,15,1,5,5,2722,0.9745547073791349,0.875,0.09955470737913485
1708,full,311,25,none,15,1,10,10,2722,0.9669211195928753,0.8511904761904762,0.11573064340239914
1709,full,311,25,none,15,1,25,25,2722,0.9728583545377438,0.8630952380952381,0.10976311644250569
1710,full,311,25,none,15,1,75,75,2722,0.9711620016963528,0.8720238095238095,0.09913819217254327
1711,full,311,25,none,15,5,sqrt,52 (sqrt),2722,0.8914334181509754,0.8809523809523809,0.0104810371985945
1712,full,311,25,none,15,5,2,2,2722,0.3486005089058524,0.3273809523809524,0.02121955652490004
1713,full,311,25,none,15,5,5,5,2722,0.63019508057676,0.5446428571428571,0.0855522234339029
1714,full,311,25,none,15,5,10,10,2722,0.7845631891433418,0.7827380952380952,0.0018250939052465442
1715,full,311,25,none,15,5,25,25,2722,0.8744698897370653,0.8363095238095238,0.03816036592754146
1716,full,311,25,none,15,5,75,75,2722,0.9007633587786259,0.8720238095238095,0.028739549254816366
1717,full,311,25,none,15,10,sqrt,52 (sqrt),2722,0.8702290076335878,0.8571428571428571,0.013086150490730697
1718,full,311,25,none,15,10,2,2,2722,0.3375742154368109,0.3273809523809524,0.010193263055858492
1719,full,311,25,none,15,10,5,5,2722,0.46225614927905007,0.4166666666666667,0.04558948261238338
1720,full,311,25,none,15,10,10,10,2722,0.5657336726039016,0.5535714285714286,0.012162244032473013
1721,full,311,25,none,15,10,25,25,2722,0.8354537743850721,0.7886904761904762,0.046763298194595904
1722,full,311,25,none,15,10,75,75,2722,0.8710771840542832,0.8452380952380952,0.025839088816188016
1723,full,311,25,none,15,15,sqrt,52 (sqrt),2722,0.8286683630195081,0.8363095238095238,-0.007641160790015755
1724,full,311,25,none,15,15,2,2,2722,0.3384223918575064,0.3392857142857143,-0.0008633224282079133
1725,full,311,25,none,15,15,5,5,2722,0.4444444444444444,0.4166666666666667,0.027777777777777735
1726,full,311,25,none,15,15,10,10,2722,0.47837150127226463,0.49107142857142855,-0.012699927299163916
1727,full,311,25,none,15,15,25,25,2722,0.7582697201017812,0.7142857142857143,0.04398400581606687
1728,full,311,25,none,15,15,75,75,2722,0.8439355385920272,0.8333333333333334,0.01060220525869382
1729,full,311,50,3,2,1,sqrt,52 (sqrt),2722,0.8676844783715013,0.8452380952380952,0.022446383133406078
1730,full,311,50,3,2,1,2,2,2722,0.6904156064461408,0.5982142857142857,0.09220132073185505
1731,full,311,50,3,2,1,5,5,2722,0.8032230703986429,0.7410714285714286,0.06215164182721433
1732,full,311,50,3,2,1,10,10,2722,0.8100084817642069,0.7648809523809523,0.045127529383254594
1733,full,311,50,3,2,1,25,25,2722,0.8490245971162002,0.8154761904761905,0.03354840664000969
1734,full,311,50,3,2,1,75,75,2722,0.8634435962680237,0.8452380952380952,0.01820550102992846
1735,full,311,50,3,2,5,sqrt,52 (sqrt),2722,0.8583545377438507,0.8452380952380952,0.013116442505755499
1736,full,311,50,3,2,5,2,2,2722,0.36980491942324,0.34523809523809523,0.024566824185144776
1737,full,311,50,3,2,5,5,5,2722,0.6242578456318915,0.5684523809523809,0.05580546467951053
1738,full,311,50,3,2,5,10,10,2722,0.7854113655640373,0.7529761904761905,0.03243517508784688
1739,full,311,50,3,2,5,25,25,2722,0.8430873621713316,0.8184523809523809,0.02463498121895069
1740,full,311,50,3,2,5,75,75,2722,0.8549618320610687,0.8452380952380952,0.00972373682297345
1741,full,311,50,3,2,10,sqrt,52 (sqrt),2722,0.8515691263782866,0.8392857142857143,0.012283412092572332
1742,full,311,50,3,2,10,2,2,2722,0.3384223918575064,0.3273809523809524,0.011041439476554005
1743,full,311,50,3,2,10,5,5,2722,0.6132315521628499,0.5535714285714286,0.059660123591421255
1744,full,311,50,3,2,10,10,10,2722,0.7116200169635284,0.6696428571428571,0.041977159820671295
1745,full,311,50,3,2,10,25,25,2722,0.8346055979643766,0.8125,0.02210559796437661
1746,full,311,50,3,2,10,75,75,2722,0.8464800678541137,0.8244047619047619,0.02207530594935181
1747,full,311,50,3,2,15,sqrt,52 (sqrt),2722,0.8422391857506362,0.8363095238095238,0.00592966194111233
1748,full,311,50,3,2,15,2,2,2722,0.3384223918575064,0.3392857142857143,-0.0008633224282079133
1749,full,311,50,3,2,15,5,5,2722,0.4944868532654792,0.4494047619047619,0.04508209136071728
1750,full,311,50,3,2,15,10,10,2722,0.631891433418151,0.6160714285714286,0.015820004846722413
1751,full,311,50,3,2,15,25,25,2722,0.8083121289228159,0.7738095238095238,0.03450260511329206
1752,full,311,50,3,2,15,75,75,2722,0.8405428329092451,0.8244047619047619,0.01613807100448328
1753,full,311,50,3,5,1,sqrt,52 (sqrt),2722,0.8676844783715013,0.8452380952380952,0.022446383133406078
1754,full,311,50,3,5,1,2,2,2722,0.6887192536047498,0.6011904761904762,0.08752877741427367
1755,full,311,50,3,5,1,5,5,2722,0.8015267175572519,0.7410714285714286,0.06045528898582331
1756,full,311,50,3,5,1,10,10,2722,0.8100084817642069,0.7648809523809523,0.045127529383254594
1757,full,311,50,3,5,1,25,25,2722,0.8490245971162002,0.8154761904761905,0.03354840664000969
1758,full,311,50,3,5,1,75,75,2722,0.8634435962680237,0.8422619047619048,0.021181691506118927
1759,full,311,50,3,5,5,sqrt,52 (sqrt),2722,0.8583545377438507,0.8452380952380952,0.013116442505755499
1760,full,311,50,3,5,5,2,2,2722,0.36980491942324,0.34523809523809523,0.024566824185144776
1761,full,311,50,3,5,5,5,5,2722,0.6242578456318915,0.5684523809523809,0.05580546467951053
1762,full,311,50,3,5,5,10,10,2722,0.7854113655640373,0.7529761904761905,0.03243517508784688
1763,full,311,50,3,5,5,25,25,2722,0.8430873621713316,0.8184523809523809,0.02463498121895069
1764,full,311,50,3,5,5,75,75,2722,0.8549618320610687,0.8452380952380952,0.00972373682297345
1765,full,311,50,3,5,10,sqrt,52 (sqrt),2722,0.8515691263782866,0.8392857142857143,0.012283412092572332
1766,full,311,50,3,5,10,2,2,2722,0.3384223918575064,0.3273809523809524,0.011041439476554005
1767,full,311,50,3,5,10,5,5,2722,0.6132315521628499,0.5535714285714286,0.059660123591421255
1768,full,311,50,3,5,10,10,10,2722,0.7116200169635284,0.6696428571428571,0.041977159820671295
1769,full,311,50,3,5,10,25,25,2722,0.8346055979643766,0.8125,0.02210559796437661
1770,full,311,50,3,5,10,75,75,2722,0.8464800678541137,0.8244047619047619,0.02207530594935181
1771,full,311,50,3,5,15,sqrt,52 (sqrt),2722,0.8422391857506362,0.8363095238095238,0.00592966194111233
1772,full,311,50,3,5,15,2,2,2722,0.3384223918575064,0.3392857142857143,-0.0008633224282079133
1773,full,311,50,3,5,15,5,5,2722,0.4944868532654792,0.4494047619047619,0.04508209136071728
1774,full,311,50,3,5,15,10,10,2722,0.631891433418151,0.6160714285714286,0.015820004846722413
1775,full,311,50,3,5,15,25,25,2722,0.8083121289228159,0.7738095238095238,0.03450260511329206
1776,full,311,50,3,5,15,75,75,2722,0.8405428329092451,0.8244047619047619,0.01613807100448328
1777,full,311,50,3,10,1,sqrt,52 (sqrt),2722,0.8676844783715013,0.8452380952380952,0.022446383133406078
1778,full,311,50,3,10,1,2,2,2722,0.6870229007633588,0.6071428571428571,0.07988004362050172
1779,full,311,50,3,10,1,5,5,2722,0.7998303647158609,0.7321428571428571,0.06768750757300379
1780,full,311,50,3,10,1,10,10,2722,0.7955894826123834,0.75,0.04558948261238338
1781,full,311,50,3,10,1,25,25,2722,0.8481764206955047,0.8184523809523809,0.029724039743123765
1782,full,311,50,3,10,1,75,75,2722,0.8651399491094147,0.8452380952380952,0.019901853871319486
1783,full,311,50,3,10,5,sqrt,52 (sqrt),2722,0.8583545377438507,0.8452380952380952,0.013116442505755499
1784,full,311,50,3,10,5,2,2,2722,0.36980491942324,0.34523809523809523,0.024566824185144776
1785,full,311,50,3,10,5,5,5,2722,0.6242578456318915,0.5684523809523809,0.05580546467951053
1786,full,311,50,3,10,5,10,10,2722,0.7854113655640373,0.7529761904761905,0.03243517508784688
1787,full,311,50,3,10,5,25,25,2722,0.8430873621713316,0.8184523809523809,0.02463498121895069
1788,full,311,50,3,10,5,75,75,2722,0.8549618320610687,0.8452380952380952,0.00972373682297345
1789,full,311,50,3,10,10,sqrt,52 (sqrt),2722,0.8515691263782866,0.8392857142857143,0.012283412092572332
1790,full,311,50,3,10,10,2,2,2722,0.3384223918575064,0.3273809523809524,0.011041439476554005
1791,full,311,50,3,10,10,5,5,2722,0.6132315521628499,0.5535714285714286,0.059660123591421255
1792,full,311,50,3,10,10,10,10,2722,0.7116200169635284,0.6696428571428571,0.041977159820671295
1793,full,311,50,3,10,10,25,25,2722,0.8346055979643766,0.8125,0.02210559796437661
1794,full,311,50,3,10,10,75,75,2722,0.8464800678541137,0.8244047619047619,0.02207530594935181
1795,full,311,50,3,10,15,sqrt,52 (sqrt),2722,0.8422391857506362,0.8363095238095238,0.00592966194111233
1796,full,311,50,3,10,15,2,2,2722,0.3384223918575064,0.3392857142857143,-0.0008633224282079133
1797,full,311,50,3,10,15,5,5,2722,0.4944868532654792,0.4494047619047619,0.04508209136071728
1798,full,311,50,3,10,15,10,10,2722,0.631891433418151,0.6160714285714286,0.015820004846722413
1799,full,311,50,3,10,15,25,25,2722,0.8083121289228159,0.7738095238095238,0.03450260511329206
1800,full,311,50,3,10,15,75,75,2722,0.8405428329092451,0.8244047619047619,0.01613807100448328
1801,full,311,50,3,15,1,sqrt,52 (sqrt),2722,0.8676844783715013,0.8452380952380952,0.022446383133406078
1802,full,311,50,3,15,1,2,2,2722,0.6870229007633588,0.6071428571428571,0.07988004362050172
1803,full,311,50,3,15,1,5,5,2722,0.7964376590330788,0.7321428571428571,0.06429480189022174
1804,full,311,50,3,15,1,10,10,2722,0.7921967769296013,0.75,0.04219677692960133
1805,full,311,50,3,15,1,25,25,2722,0.8481764206955047,0.8154761904761905,0.03270023021931423
1806,full,311,50,3,15,1,75,75,2722,0.8608990670059372,0.8422619047619048,0.018637162244032446
1807,full,311,50,3,15,5,sqrt,52 (sqrt),2722,0.8600508905852418,0.8422619047619048,0.01778898582333699
1808,full,311,50,3,15,5,2,2,2722,0.36980491942324,0.34523809523809523,0.024566824185144776
1809,full,311,50,3,15,5,5,5,2722,0.6242578456318915,0.5625,0.06175784563189146
1810,full,311,50,3,15,5,10,10,2722,0.7854113655640373,0.7559523809523809,0.029458984611656414
1811,full,311,50,3,15,5,25,25,2722,0.8430873621713316,0.8184523809523809,0.02463498121895069
1812,full,311,50,3,15,5,75,75,2722,0.8532654792196777,0.8511904761904762,0.0020750030292014943
1813,full,311,50,3,15,10,sqrt,52 (sqrt),2722,0.8515691263782866,0.8392857142857143,0.012283412092572332
1814,full,311,50,3,15,10,2,2,2722,0.3384223918575064,0.3273809523809524,0.011041439476554005
1815,full,311,50,3,15,10,5,5,2722,0.6132315521628499,0.5535714285714286,0.059660123591421255
1816,full,311,50,3,15,10,10,10,2722,0.7116200169635284,0.6696428571428571,0.041977159820671295
1817,full,311,50,3,15,10,25,25,2722,0.8346055979643766,0.8125,0.02210559796437661
1818,full,311,50,3,15,10,75,75,2722,0.8464800678541137,0.8244047619047619,0.02207530594935181
1819,full,311,50,3,15,15,sqrt,52 (sqrt),2722,0.8422391857506362,0.8363095238095238,0.00592966194111233
1820,full,311,50,3,15,15,2,2,2722,0.3384223918575064,0.3392857142857143,-0.0008633224282079133
1821,full,311,50,3,15,15,5,5,2722,0.4944868532654792,0.4494047619047619,0.04508209136071728
1822,full,311,50,3,15,15,10,10,2722,0.631891433418151,0.6160714285714286,0.015820004846722413
1823,full,311,50,3,15,15,25,25,2722,0.8083121289228159,0.7738095238095238,0.03450260511329206
1824,full,311,50,3,15,15,75,75,2722,0.8405428329092451,0.8244047619047619,0.01613807100448328
1825,full,311,50,5,2,1,sqrt,52 (sqrt),2722,0.8829516539440203,0.8690476190476191,0.01390403489640124
1826,full,311,50,5,2,1,2,2,2722,0.7430025445292621,0.5922619047619048,0.1507406397673573
1827,full,311,50,5,2,1,5,5,2722,0.8312128922815946,0.7946428571428571,0.03657003513873747
1828,full,311,50,5,2,1,10,10,2722,0.8447837150127226,0.7708333333333334,0.07395038167938928
1829,full,311,50,5,2,1,25,25,2722,0.8795589482612384,0.8125,0.06705894826123837
1830,full,311,50,5,2,1,75,75,2722,0.8888888888888888,0.8511904761904762,0.037698412698412676
1831,full,311,50,5,2,5,sqrt,52 (sqrt),2722,0.8761662425784563,0.8511904761904762,0.02497576638798016
1832,full,311,50,5,2,5,2,2,2722,0.36980491942324,0.34523809523809523,0.024566824185144776
1833,full,311,50,5,2,5,5,5,2722,0.64715860899067,0.6011904761904762,0.04596813280019385
1834,full,311,50,5,2,5,10,10,2722,0.8074639525021204,0.7946428571428571,0.012821095359263346
1835,full,311,50,5,2,5,25,25,2722,0.8507209499575912,0.8154761904761905,0.03524475948140071
1836,full,311,50,5,2,5,75,75,2722,0.8736217133163698,0.8422619047619048,0.031359808554465074
1837,full,311,50,5,2,10,sqrt,52 (sqrt),2722,0.8634435962680237,0.8541666666666666,0.009276929601357065
1838,full,311,50,5,2,10,2,2,2722,0.3384223918575064,0.3273809523809524,0.011041439476554005
1839,full,311,50,5,2,10,5,5,2722,0.6132315521628499,0.5535714285714286,0.059660123591421255
1840,full,311,50,5,2,10,10,10,2722,0.726039016115352,0.6815476190476191,0.044491397067732974
1841,full,311,50,5,2,10,25,25,2722,0.8473282442748091,0.8363095238095238,0.011018720465285292
1842,full,311,50,5,2,10,75,75,2722,0.8566581849024597,0.8392857142857143,0.017372470616745406
1843,full,311,50,5,2,15,sqrt,52 (sqrt),2722,0.8329092451229856,0.8333333333333334,-0.0004240882103477839
1844,full,311,50,5,2,15,2,2,2722,0.3384223918575064,0.3392857142857143,-0.0008633224282079133
1845,full,311,50,5,2,15,5,5,2722,0.4944868532654792,0.4494047619047619,0.04508209136071728
1846,full,311,50,5,2,15,10,10,2722,0.631891433418151,0.6160714285714286,0.015820004846722413
1847,full,311,50,5,2,15,25,25,2722,0.8083121289228159,0.8095238095238095,-0.0012116806009936365
1848,full,311,50,5,2,15,75,75,2722,0.8490245971162002,0.8392857142857143,0.009738882830485851
1849,full,311,50,5,5,1,sqrt,52 (sqrt),2722,0.8880407124681934,0.8571428571428571,0.030897855325336288
1850,full,311,50,5,5,1,2,2,2722,0.7302798982188295,0.6041666666666666,0.12611323155216292
1851,full,311,50,5,5,1,5,5,2722,0.8286683630195081,0.7827380952380952,0.04593026778141285
1852,full,311,50,5,5,1,10,10,2722,0.8405428329092451,0.7827380952380952,0.05780473767114991
1853,full,311,50,5,5,1,25,25,2722,0.8795589482612384,0.8184523809523809,0.06110656730885744
1854,full,311,50,5,5,1,75,75,2722,0.8871925360474979,0.8541666666666666,0.033025869380831296
1855,full,311,50,5,5,5,sqrt,52 (sqrt),2722,0.8761662425784563,0.8511904761904762,0.02497576638798016
1856,full,311,50,5,5,5,2,2,2722,0.36980491942324,0.34523809523809523,0.024566824185144776
1857,full,311,50,5,5,5,5,5,2722,0.64715860899067,0.6011904761904762,0.04596813280019385
1858,full,311,50,5,5,5,10,10,2722,0.8074639525021204,0.7946428571428571,0.012821095359263346
1859,full,311,50,5,5,5,25,25,2722,0.8507209499575912,0.8154761904761905,0.03524475948140071
1860,full,311,50,5,5,5,75,75,2722,0.8736217133163698,0.8422619047619048,0.031359808554465074
1861,full,311,50,5,5,10,sqrt,52 (sqrt),2722,0.8634435962680237,0.8541666666666666,0.009276929601357065
1862,full,311,50,5,5,10,2,2,2722,0.3384223918575064,0.3273809523809524,0.011041439476554005
1863,full,311,50,5,5,10,5,5,2722,0.6132315521628499,0.5535714285714286,0.059660123591421255
1864,full,311,50,5,5,10,10,10,2722,0.726039016115352,0.6815476190476191,0.044491397067732974
1865,full,311,50,5,5,10,25,25,2722,0.8473282442748091,0.8363095238095238,0.011018720465285292
1866,full,311,50,5,5,10,75,75,2722,0.8566581849024597,0.8392857142857143,0.017372470616745406
1867,full,311,50,5,5,15,sqrt,52 (sqrt),2722,0.8329092451229856,0.8333333333333334,-0.0004240882103477839
1868,full,311,50,5,5,15,2,2,2722,0.3384223918575064,0.3392857142857143,-0.0008633224282079133
1869,full,311,50,5,5,15,5,5,2722,0.4944868532654792,0.4494047619047619,0.04508209136071728
1870,full,311,50,5,5,15,10,10,2722,0.631891433418151,0.6160714285714286,0.015820004846722413
1871,full,311,50,5,5,15,25,25,2722,0.8083121289228159,0.8095238095238095,-0.0012116806009936365
1872,full,311,50,5,5,15,75,75,2722,0.8490245971162002,0.8392857142857143,0.009738882830485851
1873,full,311,50,5,10,1,sqrt,52 (sqrt),2722,0.8871925360474979,0.8601190476190477,0.027073488428450254
1874,full,311,50,5,10,1,2,2,2722,0.7251908396946565,0.6130952380952381,0.11209560159941834
1875,full,311,50,5,10,1,5,5,2722,0.825275657336726,0.7767857142857143,0.04848994305101173
1876,full,311,50,5,10,1,10,10,2722,0.8413910093299406,0.7976190476190477,0.043771961710892926
1877,full,311,50,5,10,1,25,25,2722,0.8778625954198473,0.8154761904761905,0.06238640494365688
1878,full,311,50,5,10,1,75,75,2722,0.8837998303647159,0.8601190476190477,0.023680782745668205
1879,full,311,50,5,10,5,sqrt,52 (sqrt),2722,0.8761662425784563,0.8511904761904762,0.02497576638798016
1880,full,311,50,5,10,5,2,2,2722,0.36980491942324,0.34523809523809523,0.024566824185144776
1881,full,311,50,5,10,5,5,5,2722,0.64715860899067,0.6011904761904762,0.04596813280019385
1882,full,311,50,5,10,5,10,10,2722,0.8074639525021204,0.7946428571428571,0.012821095359263346
1883,full,311,50,5,10,5,25,25,2722,0.8507209499575912,0.8154761904761905,0.03524475948140071
1884,full,311,50,5,10,5,75,75,2722,0.8736217133163698,0.8422619047619048,0.031359808554465074
1885,full,311,50,5,10,10,sqrt,52 (sqrt),2722,0.8634435962680237,0.8541666666666666,0.009276929601357065
1886,full,311,50,5,10,10,2,2,2722,0.3384223918575064,0.3273809523809524,0.011041439476554005
1887,full,311,50,5,10,10,5,5,2722,0.6132315521628499,0.5535714285714286,0.059660123591421255
1888,full,311,50,5,10,10,10,10,2722,0.726039016115352,0.6815476190476191,0.044491397067732974
1889,full,311,50,5,10,10,25,25,2722,0.8473282442748091,0.8363095238095238,0.011018720465285292
1890,full,311,50,5,10,10,75,75,2722,0.8566581849024597,0.8392857142857143,0.017372470616745406
1891,full,311,50,5,10,15,sqrt,52 (sqrt),2722,0.8329092451229856,0.8333333333333334,-0.0004240882103477839
1892,full,311,50,5,10,15,2,2,2722,0.3384223918575064,0.3392857142857143,-0.0008633224282079133
1893,full,311,50,5,10,15,5,5,2722,0.4944868532654792,0.4494047619047619,0.04508209136071728
1894,full,311,50,5,10,15,10,10,2722,0.631891433418151,0.6160714285714286,0.015820004846722413
1895,full,311,50,5,10,15,25,25,2722,0.8083121289228159,0.8095238095238095,-0.0012116806009936365
1896,full,311,50,5,10,15,75,75,2722,0.8490245971162002,0.8392857142857143,0.009738882830485851
1897,full,311,50,5,15,1,sqrt,52 (sqrt),2722,0.8846480067854113,0.8541666666666666,0.030481340118744704
1898,full,311,50,5,15,1,2,2,2722,0.7268871925360475,0.6101190476190477,0.11676814491699983
1899,full,311,50,5,15,1,5,5,2722,0.823579304495335,0.7738095238095238,0.04976978068581117
1900,full,311,50,5,15,1,10,10,2722,0.8447837150127226,0.7886904761904762,0.05609323882224648
1901,full,311,50,5,15,1,25,25,2722,0.8761662425784563,0.8184523809523809,0.05771386162607539
1902,full,311,50,5,15,1,75,75,2722,0.8888888888888888,0.8541666666666666,0.03472222222222221
1903,full,311,50,5,15,5,sqrt,52 (sqrt),2722,0.8736217133163698,0.8541666666666666,0.01945504664970321
1904,full,311,50,5,15,5,2,2,2722,0.36980491942324,0.34523809523809523,0.024566824185144776
1905,full,311,50,5,15,5,5,5,2722,0.6463104325699746,0.5982142857142857,0.04809614685568886
1906,full,311,50,5,15,5,10,10,2722,0.806615776081425,0.7946428571428571,0.01197291893856789
1907,full,311,50,5,15,5,25,25,2722,0.8498727735368957,0.8125,0.03737277353689572
1908,full,311,50,5,15,5,75,75,2722,0.8753180661577609,0.8392857142857143,0.036032351872046564
1909,full,311,50,5,15,10,sqrt,52 (sqrt),2722,0.8634435962680237,0.8541666666666666,0.009276929601357065
1910,full,311,50,5,15,10,2,2,2722,0.3384223918575064,0.3273809523809524,0.011041439476554005
1911,full,311,50,5,15,10,5,5,2722,0.6132315521628499,0.5535714285714286,0.059660123591421255
1912,full,311,50,5,15,10,10,10,2722,0.726039016115352,0.6815476190476191,0.044491397067732974
1913,full,311,50,5,15,10,25,25,2722,0.8473282442748091,0.8363095238095238,0.011018720465285292
1914,full,311,50,5,15,10,75,75,2722,0.8566581849024597,0.8392857142857143,0.017372470616745406
1915,full,311,50,5,15,15,sqrt,52 (sqrt),2722,0.8329092451229856,0.8333333333333334,-0.0004240882103477839
1916,full,311,50,5,15,15,2,2,2722,0.3384223918575064,0.3392857142857143,-0.0008633224282079133
1917,full,311,50,5,15,15,5,5,2722,0.4944868532654792,0.4494047619047619,0.04508209136071728
1918,full,311,50,5,15,15,10,10,2722,0.631891433418151,0.6160714285714286,0.015820004846722413
1919,full,311,50,5,15,15,25,25,2722,0.8083121289228159,0.8095238095238095,-0.0012116806009936365
1920,full,311,50,5,15,15,75,75,2722,0.8490245971162002,0.8392857142857143,0.009738882830485851
1921,full,311,50,10,2,1,sqrt,52 (sqrt),2722,0.9321458863443596,0.8720238095238095,0.06012207682055004
1922,full,311,50,10,2,1,2,2,2722,0.8608990670059372,0.6934523809523809,0.16744668605355628
1923,full,311,50,10,2,1,5,5,2722,0.9100932994062765,0.7797619047619048,0.1303313946443717
1924,full,311,50,10,2,1,10,10,2722,0.914334181509754,0.8392857142857143,0.07504846722403968
1925,full,311,50,10,2,1,25,25,2722,0.9211195928753181,0.8571428571428571,0.06397673573246099
1926,full,311,50,10,2,1,75,75,2722,0.9338422391857506,0.8839285714285714,0.0499136677571792
1927,full,311,50,10,2,5,sqrt,52 (sqrt),2722,0.8863443596268024,0.8809523809523809,0.005391978674421427
1928,full,311,50,10,2,5,2,2,2722,0.36980491942324,0.34523809523809523,0.024566824185144776
1929,full,311,50,10,2,5,5,5,2722,0.726039016115352,0.6547619047619048,0.07127711135344728
1930,full,311,50,10,2,5,10,10,2722,0.8693808312128923,0.8482142857142857,0.021166545498606637
1931,full,311,50,10,2,5,25,25,2722,0.8812553011026294,0.8541666666666666,0.027088634435962766
1932,full,311,50,10,2,5,75,75,2722,0.8880407124681934,0.8660714285714286,0.02196928389676478
1933,full,311,50,10,2,10,sqrt,52 (sqrt),2722,0.8778625954198473,0.8660714285714286,0.011791166848418744
1934,full,311,50,10,2,10,2,2,2722,0.3384223918575064,0.3273809523809524,0.011041439476554005
1935,full,311,50,10,2,10,5,5,2722,0.6132315521628499,0.5535714285714286,0.059660123591421255
1936,full,311,50,10,2,10,10,10,2722,0.7472434266327396,0.6785714285714286,0.06867199806131097
1937,full,311,50,10,2,10,25,25,2722,0.8558100084817643,0.8303571428571429,0.025452865624621346
1938,full,311,50,10,2,10,75,75,2722,0.8795589482612384,0.8601190476190477,0.0194399006421907
1939,full,311,50,10,2,15,sqrt,52 (sqrt),2722,0.8464800678541137,0.8482142857142857,-0.001734217860172027
1940,full,311,50,10,2,15,2,2,2722,0.3384223918575064,0.3392857142857143,-0.0008633224282079133
1941,full,311,50,10,2,15,5,5,2722,0.4944868532654792,0.4494047619047619,0.04508209136071728
1942,full,311,50,10,2,15,10,10,2722,0.631891433418151,0.6160714285714286,0.015820004846722413
1943,full,311,50,10,2,15,25,25,2722,0.8006785411365565,0.7916666666666666,0.009011874469889825
1944,full,311,50,10,2,15,75,75,2722,0.8575063613231552,0.8452380952380952,0.012268266085059931
1945,full,311,50,10,5,1,sqrt,52 (sqrt),2722,0.9304495335029687,0.8720238095238095,0.05842572397915913
1946,full,311,50,10,5,1,2,2,2722,0.8363019508057676,0.7053571428571429,0.13094480794862473
1947,full,311,50,10,5,1,5,5,2722,0.8965224766751484,0.8095238095238095,0.08699866715133886
1948,full,311,50,10,5,1,10,10,2722,0.9067005937234945,0.8422619047619048,0.06443868896158977
1949,full,311,50,10,5,1,25,25,2722,0.914334181509754,0.8571428571428571,0.05719132436689689
1950,full,311,50,10,5,1,75,75,2722,0.9245122985581001,0.8690476190476191,0.05546467951048106
1951,full,311,50,10,5,5,sqrt,52 (sqrt),2722,0.8863443596268024,0.8809523809523809,0.005391978674421427
1952,full,311,50,10,5,5,2,2,2722,0.36980491942324,0.34523809523809523,0.024566824185144776
1953,full,311,50,10,5,5,5,5,2722,0.726039016115352,0.6547619047619048,0.07127711135344728
1954,full,311,50,10,5,5,10,10,2722,0.8693808312128923,0.8482142857142857,0.021166545498606637
1955,full,311,50,10,5,5,25,25,2722,0.8812553011026294,0.8541666666666666,0.027088634435962766
1956,full,311,50,10,5,5,75,75,2722,0.8880407124681934,0.8660714285714286,0.02196928389676478
1957,full,311,50,10,5,10,sqrt,52 (sqrt),2722,0.8778625954198473,0.8660714285714286,0.011791166848418744
1958,full,311,50,10,5,10,2,2,2722,0.3384223918575064,0.3273809523809524,0.011041439476554005
1959,full,311,50,10,5,10,5,5,2722,0.6132315521628499,0.5535714285714286,0.059660123591421255
1960,full,311,50,10,5,10,10,10,2722,0.7472434266327396,0.6785714285714286,0.06867199806131097
1961,full,311,50,10,5,10,25,25,2722,0.8558100084817643,0.8303571428571429,0.025452865624621346
1962,full,311,50,10,5,10,75,75,2722,0.8795589482612384,0.8601190476190477,0.0194399006421907
1963,full,311,50,10,5,15,sqrt,52 (sqrt),2722,0.8464800678541137,0.8482142857142857,-0.001734217860172027
1964,full,311,50,10,5,15,2,2,2722,0.3384223918575064,0.3392857142857143,-0.0008633224282079133
1965,full,311,50,10,5,15,5,5,2722,0.4944868532654792,0.4494047619047619,0.04508209136071728
1966,full,311,50,10,5,15,10,10,2722,0.631891433418151,0.6160714285714286,0.015820004846722413
1967,full,311,50,10,5,15,25,25,2722,0.8006785411365565,0.7916666666666666,0.009011874469889825
1968,full,311,50,10,5,15,75,75,2722,0.8575063613231552,0.8452380952380952,0.012268266085059931
1969,full,311,50,10,10,1,sqrt,52 (sqrt),2722,0.9219677692960135,0.8869047619047619,0.03506300739125168
1970,full,311,50,10,10,1,2,2,2722,0.8303647158608991,0.7172619047619048,0.11310281109899434
1971,full,311,50,10,10,1,5,5,2722,0.8897370653095844,0.8154761904761905,0.07426087483339394
1972,full,311,50,10,10,1,10,10,2722,0.8956743002544529,0.8363095238095238,0.0593647764449291
1973,full,311,50,10,10,1,25,25,2722,0.914334181509754,0.8571428571428571,0.05719132436689689
1974,full,311,50,10,10,1,75,75,2722,0.9253604749787956,0.8720238095238095,0.053336665454986054
1975,full,311,50,10,10,5,sqrt,52 (sqrt),2722,0.8863443596268024,0.8809523809523809,0.005391978674421427
1976,full,311,50,10,10,5,2,2,2722,0.36980491942324,0.34523809523809523,0.024566824185144776
1977,full,311,50,10,10,5,5,5,2722,0.726039016115352,0.6547619047619048,0.07127711135344728
1978,full,311,50,10,10,5,10,10,2722,0.8693808312128923,0.8482142857142857,0.021166545498606637
1979,full,311,50,10,10,5,25,25,2722,0.8812553011026294,0.8541666666666666,0.027088634435962766
1980,full,311,50,10,10,5,75,75,2722,0.8880407124681934,0.8660714285714286,0.02196928389676478
1981,full,311,50,10,10,10,sqrt,52 (sqrt),2722,0.8778625954198473,0.8660714285714286,0.011791166848418744
1982,full,311,50,10,10,10,2,2,2722,0.3384223918575064,0.3273809523809524,0.011041439476554005
1983,full,311,50,10,10,10,5,5,2722,0.6132315521628499,0.5535714285714286,0.059660123591421255
1984,full,311,50,10,10,10,10,10,2722,0.7472434266327396,0.6785714285714286,0.06867199806131097
1985,full,311,50,10,10,10,25,25,2722,0.8558100084817643,0.8303571428571429,0.025452865624621346
1986,full,311,50,10,10,10,75,75,2722,0.8795589482612384,0.8601190476190477,0.0194399006421907
1987,full,311,50,10,10,15,sqrt,52 (sqrt),2722,0.8464800678541137,0.8482142857142857,-0.001734217860172027
1988,full,311,50,10,10,15,2,2,2722,0.3384223918575064,0.3392857142857143,-0.0008633224282079133
1989,full,311,50,10,10,15,5,5,2722,0.4944868532654792,0.4494047619047619,0.04508209136071728
1990,full,311,50,10,10,15,10,10,2722,0.631891433418151,0.6160714285714286,0.015820004846722413
1991,full,311,50,10,10,15,25,25,2722,0.8006785411365565,0.7916666666666666,0.009011874469889825
1992,full,311,50,10,10,15,75,75,2722,0.8575063613231552,0.8452380952380952,0.012268266085059931
1993,full,311,50,10,15,1,sqrt,52 (sqrt),2722,0.9219677692960135,0.8839285714285714,0.03803919786744214
1994,full,311,50,10,15,1,2,2,2722,0.8303647158608991,0.7113095238095238,0.11905519205137527
1995,full,311,50,10,15,1,5,5,2722,0.8821034775233249,0.8065476190476191,0.07555585847570578
1996,full,311,50,10,15,1,10,10,2722,0.8982188295165394,0.8333333333333334,0.06488549618320605
1997,full,311,50,10,15,1,25,25,2722,0.9117896522476675,0.8511904761904762,0.06059917605719134
1998,full,311,50,10,15,1,75,75,2722,0.9270568278201866,0.8809523809523809,0.04610444686780568
1999,full,311,50,10,15,5,sqrt,52 (sqrt),2722,0.8888888888888888,0.8601190476190477,0.028769841269841168
2000,full,311,50,10,15,5,2,2,2722,0.36980491942324,0.34523809523809523,0.024566824185144776
2001,full,311,50,10,15,5,5,5,2722,0.7268871925360475,0.6488095238095238,0.07807766872652366
2002,full,311,50,10,15,5,10,10,2722,0.8693808312128923,0.8482142857142857,0.021166545498606637
2003,full,311,50,10,15,5,25,25,2722,0.8795589482612384,0.8482142857142857,0.03134466254695267
2004,full,311,50,10,15,5,75,75,2722,0.8931297709923665,0.8720238095238095,0.021105961468556922
2005,full,311,50,10,15,10,sqrt,52 (sqrt),2722,0.8778625954198473,0.8660714285714286,0.011791166848418744
2006,full,311,50,10,15,10,2,2,2722,0.3384223918575064,0.3273809523809524,0.011041439476554005
2007,full,311,50,10,15,10,5,5,2722,0.6132315521628499,0.5535714285714286,0.059660123591421255
2008,full,311,50,10,15,10,10,10,2722,0.7472434266327396,0.6785714285714286,0.06867199806131097
2009,full,311,50,10,15,10,25,25,2722,0.8558100084817643,0.8303571428571429,0.025452865624621346
2010,full,311,50,10,15,10,75,75,2722,0.8795589482612384,0.8601190476190477,0.0194399006421907
2011,full,311,50,10,15,15,sqrt,52 (sqrt),2722,0.8464800678541137,0.8482142857142857,-0.001734217860172027
2012,full,311,50,10,15,15,2,2,2722,0.3384223918575064,0.3392857142857143,-0.0008633224282079133
2013,full,311,50,10,15,15,5,5,2722,0.4944868532654792,0.4494047619047619,0.04508209136071728
2014,full,311,50,10,15,15,10,10,2722,0.631891433418151,0.6160714285714286,0.015820004846722413
2015,full,311,50,10,15,15,25,25,2722,0.8006785411365565,0.7916666666666666,0.009011874469889825
2016,full,311,50,10,15,15,75,75,2722,0.8575063613231552,0.8452380952380952,0.012268266085059931
2017,full,311,50,15,2,1,sqrt,52 (sqrt),2722,0.9609838846480068,0.8869047619047619,0.07407912274324491
2018,full,311,50,15,2,1,2,2,2722,0.909245122985581,0.7767857142857143,0.13245940869986672
2019,full,311,50,15,2,1,5,5,2722,0.9270568278201866,0.8214285714285714,0.10562825639161522
2020,full,311,50,15,2,1,10,10,2722,0.9312977099236641,0.8303571428571429,0.10094056706652121
2021,full,311,50,15,2,1,25,25,2722,0.9491094147582697,0.8690476190476191,0.08006179571065064
2022,full,311,50,15,2,1,75,75,2722,0.9694656488549618,0.8869047619047619,0.08256088695019992
2023,full,311,50,15,2,5,sqrt,52 (sqrt),2722,0.899067005937235,0.8869047619047619,0.012162244032473124
2024,full,311,50,15,2,5,2,2,2722,0.36980491942324,0.34523809523809523,0.024566824185144776
2025,full,311,50,15,2,5,5,5,2722,0.726039016115352,0.6547619047619048,0.07127711135344728
2026,full,311,50,15,2,5,10,10,2722,0.8651399491094147,0.8422619047619048,0.02287804434750995
2027,full,311,50,15,2,5,25,25,2722,0.8905852417302799,0.8541666666666666,0.036418575063613234
2028,full,311,50,15,2,5,75,75,2722,0.90754877014419,0.8869047619047619,0.020644008239428135
2029,full,311,50,15,2,10,sqrt,52 (sqrt),2722,0.8770144189991518,0.8630952380952381,0.013919180903913642
2030,full,311,50,15,2,10,2,2,2722,0.3384223918575064,0.3273809523809524,0.011041439476554005
2031,full,311,50,15,2,10,5,5,2722,0.6132315521628499,0.5535714285714286,0.059660123591421255
2032,full,311,50,15,2,10,10,10,2722,0.7472434266327396,0.6785714285714286,0.06867199806131097
2033,full,311,50,15,2,10,25,25,2722,0.8558100084817643,0.8303571428571429,0.025452865624621346
2034,full,311,50,15,2,10,75,75,2722,0.8795589482612384,0.8601190476190477,0.0194399006421907
2035,full,311,50,15,2,15,sqrt,52 (sqrt),2722,0.8464800678541137,0.8482142857142857,-0.001734217860172027
2036,full,311,50,15,2,15,2,2,2722,0.3384223918575064,0.3392857142857143,-0.0008633224282079133
2037,full,311,50,15,2,15,5,5,2722,0.4944868532654792,0.4494047619047619,0.04508209136071728
2038,full,311,50,15,2,15,10,10,2722,0.631891433418151,0.6160714285714286,0.015820004846722413
2039,full,311,50,15,2,15,25,25,2722,0.8006785411365565,0.7916666666666666,0.009011874469889825
2040,full,311,50,15,2,15,75,75,2722,0.8558100084817643,0.8422619047619048,0.013548103719859483
2041,full,311,50,15,5,1,sqrt,52 (sqrt),2722,0.9541984732824428,0.8720238095238095,0.08217466375863325
2042,full,311,50,15,5,1,2,2,2722,0.8948261238337574,0.7857142857142857,0.10911183811947167
2043,full,311,50,15,5,1,5,5,2722,0.9185750636132316,0.8333333333333334,0.08524173027989823
2044,full,311,50,15,5,1,10,10,2722,0.9236641221374046,0.8333333333333334,0.0903307888040712
2045,full,311,50,15,5,1,25,25,2722,0.9414758269720102,0.875,0.06647582697201015
2046,full,311,50,15,5,1,75,75,2722,0.9592875318066157,0.8869047619047619,0.07238276990185388
2047,full,311,50,15,5,5,sqrt,52 (sqrt),2722,0.899067005937235,0.8869047619047619,0.012162244032473124
2048,full,311,50,15,5,5,2,2,2722,0.36980491942324,0.34523809523809523,0.024566824185144776
2049,full,311,50,15,5,5,5,5,2722,0.726039016115352,0.6547619047619048,0.07127711135344728
2050,full,311,50,15,5,5,10,10,2722,0.8651399491094147,0.8422619047619048,0.02287804434750995
2051,full,311,50,15,5,5,25,25,2722,0.8905852417302799,0.8541666666666666,0.036418575063613234
2052,full,311,50,15,5,5,75,75,2722,0.90754877014419,0.8869047619047619,0.020644008239428135
2053,full,311,50,15,5,10,sqrt,52 (sqrt),2722,0.8770144189991518,0.8630952380952381,0.013919180903913642
2054,full,311,50,15,5,10,2,2,2722,0.3384223918575064,0.3273809523809524,0.011041439476554005
2055,full,311,50,15,5,10,5,5,2722,0.6132315521628499,0.5535714285714286,0.059660123591421255
2056,full,311,50,15,5,10,10,10,2722,0.7472434266327396,0.6785714285714286,0.06867199806131097
2057,full,311,50,15,5,10,25,25,2722,0.8558100084817643,0.8303571428571429,0.025452865624621346
2058,full,311,50,15,5,10,75,75,2722,0.8795589482612384,0.8601190476190477,0.0194399006421907
2059,full,311,50,15,5,15,sqrt,52 (sqrt),2722,0.8464800678541137,0.8482142857142857,-0.001734217860172027
2060,full,311,50,15,5,15,2,2,2722,0.3384223918575064,0.3392857142857143,-0.0008633224282079133
2061,full,311,50,15,5,15,5,5,2722,0.4944868532654792,0.4494047619047619,0.04508209136071728
2062,full,311,50,15,5,15,10,10,2722,0.631891433418151,0.6160714285714286,0.015820004846722413
2063,full,311,50,15,5,15,25,25,2722,0.8006785411365565,0.7916666666666666,0.009011874469889825
2064,full,311,50,15,5,15,75,75,2722,0.8558100084817643,0.8422619047619048,0.013548103719859483
2065,full,311,50,15,10,1,sqrt,52 (sqrt),2722,0.9558948261238338,0.8928571428571429,0.0630376832666909
2066,full,311,50,15,10,1,2,2,2722,0.8804071246819338,0.7946428571428571,0.08576426753907673
2067,full,311,50,15,10,1,5,5,2722,0.9151823579304496,0.8422619047619048,0.07292045316854479
2068,full,311,50,15,10,1,10,10,2722,0.916030534351145,0.8392857142857143,0.07674482006543071
2069,full,311,50,15,10,1,25,25,2722,0.9296013570822731,0.875,0.054601357082273094
2070,full,311,50,15,10,1,75,75,2722,0.9584393553859203,0.8779761904761905,0.08046316490972982
2071,full,311,50,15,10,5,sqrt,52 (sqrt),2722,0.899067005937235,0.8869047619047619,0.012162244032473124
2072,full,311,50,15,10,5,2,2,2722,0.36980491942324,0.34523809523809523,0.024566824185144776
2073,full,311,50,15,10,5,5,5,2722,0.726039016115352,0.6547619047619048,0.07127711135344728
2074,full,311,50,15,10,5,10,10,2722,0.8651399491094147,0.8422619047619048,0.02287804434750995
2075,full,311,50,15,10,5,25,25,2722,0.8905852417302799,0.8541666666666666,0.036418575063613234
2076,full,311,50,15,10,5,75,75,2722,0.90754877014419,0.8869047619047619,0.020644008239428135
2077,full,311,50,15,10,10,sqrt,52 (sqrt),2722,0.8770144189991518,0.8630952380952381,0.013919180903913642
2078,full,311,50,15,10,10,2,2,2722,0.3384223918575064,0.3273809523809524,0.011041439476554005
2079,full,311,50,15,10,10,5,5,2722,0.6132315521628499,0.5535714285714286,0.059660123591421255
2080,full,311,50,15,10,10,10,10,2722,0.7472434266327396,0.6785714285714286,0.06867199806131097
2081,full,311,50,15,10,10,25,25,2722,0.8558100084817643,0.8303571428571429,0.025452865624621346
2082,full,311,50,15,10,10,75,75,2722,0.8795589482612384,0.8601190476190477,0.0194399006421907
2083,full,311,50,15,10,15,sqrt,52 (sqrt),2722,0.8464800678541137,0.8482142857142857,-0.001734217860172027
2084,full,311,50,15,10,15,2,2,2722,0.3384223918575064,0.3392857142857143,-0.0008633224282079133
2085,full,311,50,15,10,15,5,5,2722,0.4944868532654792,0.4494047619047619,0.04508209136071728
2086,full,311,50,15,10,15,10,10,2722,0.631891433418151,0.6160714285714286,0.015820004846722413
2087,full,311,50,15,10,15,25,25,2722,0.8006785411365565,0.7916666666666666,0.009011874469889825
2088,full,311,50,15,10,15,75,75,2722,0.8558100084817643,0.8422619047619048,0.013548103719859483
2089,full,311,50,15,15,1,sqrt,52 (sqrt),2722,0.9525021204410518,0.8720238095238095,0.08047831091724222
2090,full,311,50,15,15,1,2,2,2722,0.8804071246819338,0.7767857142857143,0.10362141039621953
2091,full,311,50,15,15,1,5,5,2722,0.9083969465648855,0.8392857142857143,0.06911123227917115
2092,full,311,50,15,15,1,10,10,2722,0.9202714164546225,0.8720238095238095,0.04824760693081298
2093,full,311,50,15,15,1,25,25,2722,0.9329940627650551,0.8690476190476191,0.06394644371743607
2094,full,311,50,15,15,1,75,75,2722,0.9541984732824428,0.8898809523809523,0.06431752090149045
2095,full,311,50,15,15,5,sqrt,52 (sqrt),2722,0.8982188295165394,0.8541666666666666,0.04405216284987279
2096,full,311,50,15,15,5,2,2,2722,0.36980491942324,0.34523809523809523,0.024566824185144776
2097,full,311,50,15,15,5,5,5,2722,0.7268871925360475,0.6488095238095238,0.07807766872652366
2098,full,311,50,15,15,5,10,10,2722,0.8651399491094147,0.8422619047619048,0.02287804434750995
2099,full,311,50,15,15,5,25,25,2722,0.8871925360474979,0.8452380952380952,0.04195444080940269
2100,full,311,50,15,15,5,75,75,2722,0.90754877014419,0.8809523809523809,0.026596389191809067
2101,full,311,50,15,15,10,sqrt,52 (sqrt),2722,0.8770144189991518,0.8630952380952381,0.013919180903913642
2102,full,311,50,15,15,10,2,2,2722,0.3384223918575064,0.3273809523809524,0.011041439476554005
2103,full,311,50,15,15,10,5,5,2722,0.6132315521628499,0.5535714285714286,0.059660123591421255
2104,full,311,50,15,15,10,10,10,2722,0.7472434266327396,0.6785714285714286,0.06867199806131097
2105,full,311,50,15,15,10,25,25,2722,0.8558100084817643,0.8303571428571429,0.025452865624621346
2106,full,311,50,15,15,10,75,75,2722,0.8795589482612384,0.8601190476190477,0.0194399006421907
2107,full,311,50,15,15,15,sqrt,52 (sqrt),2722,0.8464800678541137,0.8482142857142857,-0.001734217860172027
2108,full,311,50,15,15,15,2,2,2722,0.3384223918575064,0.3392857142857143,-0.0008633224282079133
2109,full,311,50,15,15,15,5,5,2722,0.4944868532654792,0.4494047619047619,0.04508209136071728
2110,full,311,50,15,15,15,10,10,2722,0.631891433418151,0.6160714285714286,0.015820004846722413
2111,full,311,50,15,15,15,25,25,2722,0.8006785411365565,0.7916666666666666,0.009011874469889825
2112,full,311,50,15,15,15,75,75,2722,0.8558100084817643,0.8422619047619048,0.013548103719859483
2113,full,311,50,25,2,1,sqrt,52 (sqrt),2722,0.9796437659033079,0.8720238095238095,0.1076199563794984
2114,full,311,50,25,2,1,2,2,2722,0.9380831212892281,0.7708333333333334,0.16724978795589474
2115,full,311,50,25,2,1,5,5,2722,0.9550466497031382,0.8363095238095238,0.1187371258936144
2116,full,311,50,25,2,1,10,10,2722,0.9550466497031382,0.8303571428571429,0.12468950684599533
2117,full,311,50,25,2,1,25,25,2722,0.9728583545377438,0.8690476190476191,0.10381073549012476
2118,full,311,50,25,2,1,75,75,2722,0.9796437659033079,0.8898809523809523,0.0897628135223556
2119,full,311,50,25,2,5,sqrt,52 (sqrt),2722,0.8922815945716709,0.8809523809523809,0.011329213619289957
2120,full,311,50,25,2,5,2,2,2722,0.36980491942324,0.34523809523809523,0.024566824185144776
2121,full,311,50,25,2,5,5,5,2722,0.726039016115352,0.6547619047619048,0.07127711135344728
2122,full,311,50,25,2,5,10,10,2722,0.8651399491094147,0.8422619047619048,0.02287804434750995
2123,full,311,50,25,2,5,25,25,2722,0.8821034775233249,0.8482142857142857,0.033889191809039154
2124,full,311,50,25,2,5,75,75,2722,0.905852417302799,0.8869047619047619,0.01894765539803711
2125,full,311,50,25,2,10,sqrt,52 (sqrt),2722,0.8770144189991518,0.8660714285714286,0.010942990427723176
2126,full,311,50,25,2,10,2,2,2722,0.3384223918575064,0.3273809523809524,0.011041439476554005
2127,full,311,50,25,2,10,5,5,2722,0.6132315521628499,0.5535714285714286,0.059660123591421255
2128,full,311,50,25,2,10,10,10,2722,0.7472434266327396,0.6785714285714286,0.06867199806131097
2129,full,311,50,25,2,10,25,25,2722,0.8558100084817643,0.8303571428571429,0.025452865624621346
2130,full,311,50,25,2,10,75,75,2722,0.8795589482612384,0.8601190476190477,0.0194399006421907
2131,full,311,50,25,2,15,sqrt,52 (sqrt),2722,0.8464800678541137,0.8482142857142857,-0.001734217860172027
2132,full,311,50,25,2,15,2,2,2722,0.3384223918575064,0.3392857142857143,-0.0008633224282079133
2133,full,311,50,25,2,15,5,5,2722,0.4944868532654792,0.4494047619047619,0.04508209136071728
2134,full,311,50,25,2,15,10,10,2722,0.631891433418151,0.6160714285714286,0.015820004846722413
2135,full,311,50,25,2,15,25,25,2722,0.8006785411365565,0.7916666666666666,0.009011874469889825
2136,full,311,50,25,2,15,75,75,2722,0.8558100084817643,0.8422619047619048,0.013548103719859483
2137,full,311,50,25,5,1,sqrt,52 (sqrt),2722,0.9754028837998303,0.875,0.10040288379983031
2138,full,311,50,25,5,1,2,2,2722,0.926208651399491,0.7827380952380952,0.1434705561613958
2139,full,311,50,25,5,1,5,5,2722,0.9380831212892281,0.8452380952380952,0.09284502605113287
2140,full,311,50,25,5,1,10,10,2722,0.9499575911789653,0.8511904761904762,0.09876711498848911
2141,full,311,50,25,5,1,25,25,2722,0.9652247667514843,0.875,0.09022476675148428
2142,full,311,50,25,5,1,75,75,2722,0.9787955894826124,0.8928571428571429,0.08593844662546946
2143,full,311,50,25,5,5,sqrt,52 (sqrt),2722,0.8922815945716709,0.8809523809523809,0.011329213619289957
2144,full,311,50,25,5,5,2,2,2722,0.36980491942324,0.34523809523809523,0.024566824185144776
2145,full,311,50,25,5,5,5,5,2722,0.726039016115352,0.6547619047619048,0.07127711135344728
2146,full,311,50,25,5,5,10,10,2722,0.8651399491094147,0.8422619047619048,0.02287804434750995
2147,full,311,50,25,5,5,25,25,2722,0.8821034775233249,0.8482142857142857,0.033889191809039154
2148,full,311,50,25,5,5,75,75,2722,0.905852417302799,0.8869047619047619,0.01894765539803711
2149,full,311,50,25,5,10,sqrt,52 (sqrt),2722,0.8770144189991518,0.8660714285714286,0.010942990427723176
2150,full,311,50,25,5,10,2,2,2722,0.3384223918575064,0.3273809523809524,0.011041439476554005
2151,full,311,50,25,5,10,5,5,2722,0.6132315521628499,0.5535714285714286,0.059660123591421255
2152,full,311,50,25,5,10,10,10,2722,0.7472434266327396,0.6785714285714286,0.06867199806131097
2153,full,311,50,25,5,10,25,25,2722,0.8558100084817643,0.8303571428571429,0.025452865624621346
2154,full,311,50,25,5,10,75,75,2722,0.8795589482612384,0.8601190476190477,0.0194399006421907
2155,full,311,50,25,5,15,sqrt,52 (sqrt),2722,0.8464800678541137,0.8482142857142857,-0.001734217860172027
2156,full,311,50,25,5,15,2,2,2722,0.3384223918575064,0.3392857142857143,-0.0008633224282079133
2157,full,311,50,25,5,15,5,5,2722,0.4944868532654792,0.4494047619047619,0.04508209136071728
2158,full,311,50,25,5,15,10,10,2722,0.631891433418151,0.6160714285714286,0.015820004846722413
2159,full,311,50,25,5,15,25,25,2722,0.8006785411365565,0.7916666666666666,0.009011874469889825
2160,full,311,50,25,5,15,75,75,2722,0.8558100084817643,0.8422619047619048,0.013548103719859483
2161,full,311,50,25,10,1,sqrt,52 (sqrt),2722,0.9737065309584394,0.875,0.0987065309584394
2162,full,311,50,25,10,1,2,2,2722,0.9202714164546225,0.8065476190476191,0.11372379740700345
2163,full,311,50,25,10,1,5,5,2722,0.9312977099236641,0.8422619047619048,0.08903580516175935
2164,full,311,50,25,10,1,10,10,2722,0.9499575911789653,0.8511904761904762,0.09876711498848911
2165,full,311,50,25,10,1,25,25,2722,0.9626802374893978,0.8869047619047619,0.07577547558463593
2166,full,311,50,25,10,1,75,75,2722,0.9754028837998303,0.8958333333333334,0.07956955046649694
2167,full,311,50,25,10,5,sqrt,52 (sqrt),2722,0.8922815945716709,0.8809523809523809,0.011329213619289957
2168,full,311,50,25,10,5,2,2,2722,0.36980491942324,0.34523809523809523,0.024566824185144776
2169,full,311,50,25,10,5,5,5,2722,0.726039016115352,0.6547619047619048,0.07127711135344728
2170,full,311,50,25,10,5,10,10,2722,0.8651399491094147,0.8422619047619048,0.02287804434750995
2171,full,311,50,25,10,5,25,25,2722,0.8821034775233249,0.8482142857142857,0.033889191809039154
2172,full,311,50,25,10,5,75,75,2722,0.905852417302799,0.8869047619047619,0.01894765539803711
2173,full,311,50,25,10,10,sqrt,52 (sqrt),2722,0.8770144189991518,0.8660714285714286,0.010942990427723176
2174,full,311,50,25,10,10,2,2,2722,0.3384223918575064,0.3273809523809524,0.011041439476554005
2175,full,311,50,25,10,10,5,5,2722,0.6132315521628499,0.5535714285714286,0.059660123591421255
2176,full,311,50,25,10,10,10,10,2722,0.7472434266327396,0.6785714285714286,0.06867199806131097
2177,full,311,50,25,10,10,25,25,2722,0.8558100084817643,0.8303571428571429,0.025452865624621346
2178,full,311,50,25,10,10,75,75,2722,0.8795589482612384,0.8601190476190477,0.0194399006421907
2179,full,311,50,25,10,15,sqrt,52 (sqrt),2722,0.8464800678541137,0.8482142857142857,-0.001734217860172027
2180,full,311,50,25,10,15,2,2,2722,0.3384223918575064,0.3392857142857143,-0.0008633224282079133
2181,full,311,50,25,10,15,5,5,2722,0.4944868532654792,0.4494047619047619,0.04508209136071728
2182,full,311,50,25,10,15,10,10,2722,0.631891433418151,0.6160714285714286,0.015820004846722413
2183,full,311,50,25,10,15,25,25,2722,0.8006785411365565,0.7916666666666666,0.009011874469889825
2184,full,311,50,25,10,15,75,75,2722,0.8558100084817643,0.8422619047619048,0.013548103719859483
2185,full,311,50,25,15,1,sqrt,52 (sqrt),2722,0.9694656488549618,0.8869047619047619,0.08256088695019992
2186,full,311,50,25,15,1,2,2,2722,0.917726887192536,0.8065476190476191,0.11117926814491697
2187,full,311,50,25,15,1,5,5,2722,0.9279050042408821,0.8601190476190477,0.0677859566218344
2188,full,311,50,25,15,1,10,10,2722,0.9448685326547922,0.8601190476190477,0.08474948503574453
2189,full,311,50,25,15,1,25,25,2722,0.9601357082273113,0.8958333333333334,0.06430237489397794
2190,full,311,50,25,15,1,75,75,2722,0.9728583545377438,0.875,0.09785835453774383
2191,full,311,50,25,15,5,sqrt,52 (sqrt),2722,0.8956743002544529,0.8630952380952381,0.0325790621592148
2192,full,311,50,25,15,5,2,2,2722,0.36980491942324,0.34523809523809523,0.024566824185144776
2193,full,311,50,25,15,5,5,5,2722,0.7268871925360475,0.6488095238095238,0.07807766872652366
2194,full,311,50,25,15,5,10,10,2722,0.8651399491094147,0.8422619047619048,0.02287804434750995
2195,full,311,50,25,15,5,25,25,2722,0.8829516539440203,0.8541666666666666,0.02878498727735368
2196,full,311,50,25,15,5,75,75,2722,0.90754877014419,0.8869047619047619,0.020644008239428135
2197,full,311,50,25,15,10,sqrt,52 (sqrt),2722,0.8770144189991518,0.8660714285714286,0.010942990427723176
2198,full,311,50,25,15,10,2,2,2722,0.3384223918575064,0.3273809523809524,0.011041439476554005
2199,full,311,50,25,15,10,5,5,2722,0.6132315521628499,0.5535714285714286,0.059660123591421255
2200,full,311,50,25,15,10,10,10,2722,0.7472434266327396,0.6785714285714286,0.06867199806131097
2201,full,311,50,25,15,10,25,25,2722,0.8558100084817643,0.8303571428571429,0.025452865624621346
2202,full,311,50,25,15,10,75,75,2722,0.8795589482612384,0.8601190476190477,0.0194399006421907
2203,full,311,50,25,15,15,sqrt,52 (sqrt),2722,0.8464800678541137,0.8482142857142857,-0.001734217860172027
2204,full,311,50,25,15,15,2,2,2722,0.3384223918575064,0.3392857142857143,-0.0008633224282079133
2205,full,311,50,25,15,15,5,5,2722,0.4944868532654792,0.4494047619047619,0.04508209136071728
2206,full,311,50,25,15,15,10,10,2722,0.631891433418151,0.6160714285714286,0.015820004846722413
2207,full,311,50,25,15,15,25,25,2722,0.8006785411365565,0.7916666666666666,0.009011874469889825
2208,full,311,50,25,15,15,75,75,2722,0.8558100084817643,0.8422619047619048,0.013548103719859483
2209,full,311,50,none,2,1,sqrt,52 (sqrt),2722,0.9796437659033079,0.9017857142857143,0.07785805161759363
2210,full,311,50,none,2,1,2,2,2722,0.9796437659033079,0.8601190476190477,0.11952471828426026
2211,full,311,50,none,2,1,5,5,2722,0.9796437659033079,0.8898809523809523,0.0897628135223556
2212,full,311,50,none,2,1,10,10,2722,0.9796437659033079,0.8720238095238095,0.1076199563794984
2213,full,311,50,none,2,1,25,25,2722,0.9796437659033079,0.8928571428571429,0.08678662304616502
2214,full,311,50,none,2,1,75,75,2722,0.9796437659033079,0.8928571428571429,0.08678662304616502
2215,full,311,50,none,2,5,sqrt,52 (sqrt),2722,0.8922815945716709,0.8809523809523809,0.011329213619289957
2216,full,311,50,none,2,5,2,2,2722,0.36980491942324,0.34523809523809523,0.024566824185144776
2217,full,311,50,none,2,5,5,5,2722,0.726039016115352,0.6547619047619048,0.07127711135344728
2218,full,311,50,none,2,5,10,10,2722,0.8651399491094147,0.8422619047619048,0.02287804434750995
2219,full,311,50,none,2,5,25,25,2722,0.8821034775233249,0.8541666666666666,0.027936810856658223
2220,full,311,50,none,2,5,75,75,2722,0.905852417302799,0.8869047619047619,0.01894765539803711
2221,full,311,50,none,2,10,sqrt,52 (sqrt),2722,0.8770144189991518,0.8660714285714286,0.010942990427723176
2222,full,311,50,none,2,10,2,2,2722,0.3384223918575064,0.3273809523809524,0.011041439476554005
2223,full,311,50,none,2,10,5,5,2722,0.6132315521628499,0.5535714285714286,0.059660123591421255
2224,full,311,50,none,2,10,10,10,2722,0.7472434266327396,0.6785714285714286,0.06867199806131097
2225,full,311,50,none,2,10,25,25,2722,0.8558100084817643,0.8303571428571429,0.025452865624621346
2226,full,311,50,none,2,10,75,75,2722,0.8795589482612384,0.8601190476190477,0.0194399006421907
2227,full,311,50,none,2,15,sqrt,52 (sqrt),2722,0.8464800678541137,0.8482142857142857,-0.001734217860172027
2228,full,311,50,none,2,15,2,2,2722,0.3384223918575064,0.3392857142857143,-0.0008633224282079133
2229,full,311,50,none,2,15,5,5,2722,0.4944868532654792,0.4494047619047619,0.04508209136071728
2230,full,311,50,none,2,15,10,10,2722,0.631891433418151,0.6160714285714286,0.015820004846722413
2231,full,311,50,none,2,15,25,25,2722,0.8006785411365565,0.7916666666666666,0.009011874469889825
2232,full,311,50,none,2,15,75,75,2722,0.8558100084817643,0.8422619047619048,0.013548103719859483
2233,full,311,50,none,5,1,sqrt,52 (sqrt),2722,0.9796437659033079,0.875,0.10464376590330793
2234,full,311,50,none,5,1,2,2,2722,0.9796437659033079,0.8898809523809523,0.0897628135223556
2235,full,311,50,none,5,1,5,5,2722,0.9796437659033079,0.8779761904761905,0.10166757542711746
2236,full,311,50,none,5,1,10,10,2722,0.9796437659033079,0.875,0.10464376590330793
2237,full,311,50,none,5,1,25,25,2722,0.9796437659033079,0.8928571428571429,0.08678662304616502
2238,full,311,50,none,5,1,75,75,2722,0.9796437659033079,0.8898809523809523,0.0897628135223556
2239,full,311,50,none,5,5,sqrt,52 (sqrt),2722,0.8922815945716709,0.8809523809523809,0.011329213619289957
2240,full,311,50,none,5,5,2,2,2722,0.36980491942324,0.34523809523809523,0.024566824185144776
2241,full,311,50,none,5,5,5,5,2722,0.726039016115352,0.6547619047619048,0.07127711135344728
2242,full,311,50,none,5,5,10,10,2722,0.8651399491094147,0.8422619047619048,0.02287804434750995
2243,full,311,50,none,5,5,25,25,2722,0.8821034775233249,0.8541666666666666,0.027936810856658223
2244,full,311,50,none,5,5,75,75,2722,0.905852417302799,0.8869047619047619,0.01894765539803711
2245,full,311,50,none,5,10,sqrt,52 (sqrt),2722,0.8770144189991518,0.8660714285714286,0.010942990427723176
2246,full,311,50,none,5,10,2,2,2722,0.3384223918575064,0.3273809523809524,0.011041439476554005
2247,full,311,50,none,5,10,5,5,2722,0.6132315521628499,0.5535714285714286,0.059660123591421255
2248,full,311,50,none,5,10,10,10,2722,0.7472434266327396,0.6785714285714286,0.06867199806131097
2249,full,311,50,none,5,10,25,25,2722,0.8558100084817643,0.8303571428571429,0.025452865624621346
2250,full,311,50,none,5,10,75,75,2722,0.8795589482612384,0.8601190476190477,0.0194399006421907
2251,full,311,50,none,5,15,sqrt,52 (sqrt),2722,0.8464800678541137,0.8482142857142857,-0.001734217860172027
2252,full,311,50,none,5,15,2,2,2722,0.3384223918575064,0.3392857142857143,-0.0008633224282079133
2253,full,311,50,none,5,15,5,5,2722,0.4944868532654792,0.4494047619047619,0.04508209136071728
2254,full,311,50,none,5,15,10,10,2722,0.631891433418151,0.6160714285714286,0.015820004846722413
2255,full,311,50,none,5,15,25,25,2722,0.8006785411365565,0.7916666666666666,0.009011874469889825
2256,full,311,50,none,5,15,75,75,2722,0.8558100084817643,0.8422619047619048,0.013548103719859483
2257,full,311,50,none,10,1,sqrt,52 (sqrt),2722,0.9779474130619169,0.8928571428571429,0.085090270204774
2258,full,311,50,none,10,1,2,2,2722,0.9787955894826124,0.8720238095238095,0.10677177995880283
2259,full,311,50,none,10,1,5,5,2722,0.9796437659033079,0.8928571428571429,0.08678662304616502
2260,full,311,50,none,10,1,10,10,2722,0.9787955894826124,0.8660714285714286,0.11272416091118376
2261,full,311,50,none,10,1,25,25,2722,0.9779474130619169,0.8898809523809523,0.08806646068096458
2262,full,311,50,none,10,1,75,75,2722,0.9796437659033079,0.8869047619047619,0.09273900399854607
2263,full,311,50,none,10,5,sqrt,52 (sqrt),2722,0.8922815945716709,0.8809523809523809,0.011329213619289957
2264,full,311,50,none,10,5,2,2,2722,0.36980491942324,0.34523809523809523,0.024566824185144776
2265,full,311,50,none,10,5,5,5,2722,0.726039016115352,0.6547619047619048,0.07127711135344728
2266,full,311,50,none,10,5,10,10,2722,0.8651399491094147,0.8422619047619048,0.02287804434750995
2267,full,311,50,none,10,5,25,25,2722,0.8821034775233249,0.8541666666666666,0.027936810856658223
2268,full,311,50,none,10,5,75,75,2722,0.905852417302799,0.8869047619047619,0.01894765539803711
2269,full,311,50,none,10,10,sqrt,52 (sqrt),2722,0.8770144189991518,0.8660714285714286,0.010942990427723176
2270,full,311,50,none,10,10,2,2,2722,0.3384223918575064,0.3273809523809524,0.011041439476554005
2271,full,311,50,none,10,10,5,5,2722,0.6132315521628499,0.5535714285714286,0.059660123591421255
2272,full,311,50,none,10,10,10,10,2722,0.7472434266327396,0.6785714285714286,0.06867199806131097
2273,full,311,50,none,10,10,25,25,2722,0.8558100084817643,0.8303571428571429,0.025452865624621346
2274,full,311,50,none,10,10,75,75,2722,0.8795589482612384,0.8601190476190477,0.0194399006421907
2275,full,311,50,none,10,15,sqrt,52 (sqrt),2722,0.8464800678541137,0.8482142857142857,-0.001734217860172027
2276,full,311,50,none,10,15,2,2,2722,0.3384223918575064,0.3392857142857143,-0.0008633224282079133
2277,full,311,50,none,10,15,5,5,2722,0.4944868532654792,0.4494047619047619,0.04508209136071728
2278,full,311,50,none,10,15,10,10,2722,0.631891433418151,0.6160714285714286,0.015820004846722413
2279,full,311,50,none,10,15,25,25,2722,0.8006785411365565,0.7916666666666666,0.009011874469889825
2280,full,311,50,none,10,15,75,75,2722,0.8558100084817643,0.8422619047619048,0.013548103719859483
2281,full,311,50,none,15,1,sqrt,52 (sqrt),2722,0.9762510602205259,0.8898809523809523,0.08637010783957355
2282,full,311,50,none,15,1,2,2,2722,0.9770992366412213,0.8630952380952381,0.1140039985459832
2283,full,311,50,none,15,1,5,5,2722,0.9770992366412213,0.8779761904761905,0.09912304616503087
2284,full,311,50,none,15,1,10,10,2722,0.9754028837998303,0.875,0.10040288379983031
2285,full,311,50,none,15,1,25,25,2722,0.9770992366412213,0.8839285714285714,0.09317066521264994
2286,full,311,50,none,15,1,75,75,2722,0.9762510602205259,0.8869047619047619,0.08934629831576402
2287,full,311,50,none,15,5,sqrt,52 (sqrt),2722,0.8956743002544529,0.8630952380952381,0.0325790621592148
2288,full,311,50,none,15,5,2,2,2722,0.36980491942324,0.34523809523809523,0.024566824185144776
2289,full,311,50,none,15,5,5,5,2722,0.7268871925360475,0.6488095238095238,0.07807766872652366
2290,full,311,50,none,15,5,10,10,2722,0.8651399491094147,0.8422619047619048,0.02287804434750995
2291,full,311,50,none,15,5,25,25,2722,0.8829516539440203,0.8541666666666666,0.02878498727735368
2292,full,311,50,none,15,5,75,75,2722,0.90754877014419,0.8869047619047619,0.020644008239428135
2293,full,311,50,none,15,10,sqrt,52 (sqrt),2722,0.8770144189991518,0.8660714285714286,0.010942990427723176
2294,full,311,50,none,15,10,2,2,2722,0.3384223918575064,0.3273809523809524,0.011041439476554005
2295,full,311,50,none,15,10,5,5,2722,0.6132315521628499,0.5535714285714286,0.059660123591421255
2296,full,311,50,none,15,10,10,10,2722,0.7472434266327396,0.6785714285714286,0.06867199806131097
2297,full,311,50,none,15,10,25,25,2722,0.8558100084817643,0.8303571428571429,0.025452865624621346
2298,full,311,50,none,15,10,75,75,2722,0.8795589482612384,0.8601190476190477,0.0194399006421907
2299,full,311,50,none,15,15,sqrt,52 (sqrt),2722,0.8464800678541137,0.8482142857142857,-0.001734217860172027
2300,full,311,50,none,15,15,2,2,2722,0.3384223918575064,0.3392857142857143,-0.0008633224282079133
2301,full,311,50,none,15,15,5,5,2722,0.4944868532654792,0.4494047619047619,0.04508209136071728
2302,full,311,50,none,15,15,10,10,2722,0.631891433418151,0.6160714285714286,0.015820004846722413
2303,full,311,50,none,15,15,25,25,2722,0.8006785411365565,0.7916666666666666,0.009011874469889825
2304,full,311,50,none,15,15,75,75,2722,0.8558100084817643,0.8422619047619048,0.013548103719859483
2305,full,311,100,3,2,1,sqrt,52 (sqrt),2722,0.8608990670059372,0.8511904761904762,0.009708590815461049
2306,full,311,100,3,2,1,2,2,2722,0.7845631891433418,0.6547619047619048,0.129801284381437
2307,full,311,100,3,2,1,5,5,2722,0.8854961832061069,0.8065476190476191,0.07894856415848783
2308,full,311,100,3,2,1,10,10,2722,0.8880407124681934,0.8511904761904762,0.03685023627771722
2309,full,311,100,3,2,1,25,25,2722,0.8447837150127226,0.8214285714285714,0.02335514358415125
2310,full,311,100,3,2,1,75,75,2722,0.8710771840542832,0.8541666666666666,0.01691051738761662
2311,full,311,100,3,2,5,sqrt,52 (sqrt),2722,0.8524173027989822,0.8482142857142857,0.004203017084696503
2312,full,311,100,3,2,5,2,2,2722,0.5258693808312129,0.4851190476190476,0.04075033321216531
2313,full,311,100,3,2,5,5,5,2722,0.8057675996607294,0.7559523809523809,0.049815218708348485
2314,full,311,100,3,2,5,10,10,2722,0.8532654792196777,0.8541666666666666,-0.0009011874469889714
2315,full,311,100,3,2,5,25,25,2722,0.8439355385920272,0.8244047619047619,0.019530776687265328
2316,full,311,100,3,2,5,75,75,2722,0.8625954198473282,0.8571428571428571,0.005452562704471142
2317,full,311,100,3,2,10,sqrt,52 (sqrt),2722,0.8346055979643766,0.8452380952380952,-0.010632497273718622
2318,full,311,100,3,2,10,2,2,2722,0.4919423240033927,0.47023809523809523,0.021704228765297484
2319,full,311,100,3,2,10,5,5,2722,0.7633587786259542,0.7113095238095238,0.05204925481643041
2320,full,311,100,3,2,10,10,10,2722,0.820186598812553,0.7916666666666666,0.02851993214588633
2321,full,311,100,3,2,10,25,25,2722,0.8379983036471587,0.8005952380952381,0.03740306555192052
2322,full,311,100,3,2,10,75,75,2722,0.8617472434266328,0.8422619047619048,0.019485338664728014
2323,full,311,100,3,2,15,sqrt,52 (sqrt),2722,0.8320610687022901,0.8303571428571429,0.001703925845147225
2324,full,311,100,3,2,15,2,2,2722,0.4868532654792197,0.4523809523809524,0.034472313098267315
2325,full,311,100,3,2,15,5,5,2722,0.6980491942324003,0.6488095238095238,0.04923967042287647
2326,full,311,100,3,2,15,10,10,2722,0.81509754028838,0.7529761904761905,0.06212134981218953
2327,full,311,100,3,2,15,25,25,2722,0.8261238337574215,0.8065476190476191,0.01957621470980242
2328,full,311,100,3,2,15,75,75,2722,0.8481764206955047,0.8363095238095238,0.01186689688598086
2329,full,311,100,3,5,1,sqrt,52 (sqrt),2722,0.8608990670059372,0.8511904761904762,0.009708590815461049
2330,full,311,100,3,5,1,2,2,2722,0.7760814249363868,0.6517857142857143,0.12429571065067246
2331,full,311,100,3,5,1,5,5,2722,0.8846480067854113,0.8065476190476191,0.07810038773779227
2332,full,311,100,3,5,1,10,10,2722,0.8871925360474979,0.8511904761904762,0.03600205985702176
2333,full,311,100,3,5,1,25,25,2722,0.8447837150127226,0.8214285714285714,0.02335514358415125
2334,full,311,100,3,5,1,75,75,2722,0.8710771840542832,0.8541666666666666,0.01691051738761662
2335,full,311,100,3,5,5,sqrt,52 (sqrt),2722,0.8524173027989822,0.8482142857142857,0.004203017084696503
2336,full,311,100,3,5,5,2,2,2722,0.5258693808312129,0.4851190476190476,0.04075033321216531
2337,full,311,100,3,5,5,5,5,2722,0.8057675996607294,0.7559523809523809,0.049815218708348485
2338,full,311,100,3,5,5,10,10,2722,0.8532654792196777,0.8541666666666666,-0.0009011874469889714
2339,full,311,100,3,5,5,25,25,2722,0.8439355385920272,0.8244047619047619,0.019530776687265328
2340,full,311,100,3,5,5,75,75,2722,0.8625954198473282,0.8571428571428571,0.005452562704471142
2341,full,311,100,3,5,10,sqrt,52 (sqrt),2722,0.8346055979643766,0.8452380952380952,-0.010632497273718622
2342,full,311,100,3,5,10,2,2,2722,0.4919423240033927,0.47023809523809523,0.021704228765297484
2343,full,311,100,3,5,10,5,5,2722,0.7633587786259542,0.7113095238095238,0.05204925481643041
2344,full,311,100,3,5,10,10,10,2722,0.820186598812553,0.7916666666666666,0.02851993214588633
2345,full,311,100,3,5,10,25,25,2722,0.8379983036471587,0.8005952380952381,0.03740306555192052
2346,full,311,100,3,5,10,75,75,2722,0.8617472434266328,0.8422619047619048,0.019485338664728014
2347,full,311,100,3,5,15,sqrt,52 (sqrt),2722,0.8320610687022901,0.8303571428571429,0.001703925845147225
2348,full,311,100,3,5,15,2,2,2722,0.4868532654792197,0.4523809523809524,0.034472313098267315
2349,full,311,100,3,5,15,5,5,2722,0.6980491942324003,0.6488095238095238,0.04923967042287647
2350,full,311,100,3,5,15,10,10,2722,0.81509754028838,0.7529761904761905,0.06212134981218953
2351,full,311,100,3,5,15,25,25,2722,0.8261238337574215,0.8065476190476191,0.01957621470980242
2352,full,311,100,3,5,15,75,75,2722,0.8481764206955047,0.8363095238095238,0.01186689688598086
2353,full,311,100,3,10,1,sqrt,52 (sqrt),2722,0.8592027141645462,0.8511904761904762,0.008012237974070024
2354,full,311,100,3,10,1,2,2,2722,0.7735368956743003,0.6547619047619048,0.11877499091239552
2355,full,311,100,3,10,1,5,5,2722,0.8812553011026294,0.8095238095238095,0.07173149157881986
2356,full,311,100,3,10,1,10,10,2722,0.8829516539440203,0.8392857142857143,0.04366593965830601
2357,full,311,100,3,10,1,25,25,2722,0.8439355385920272,0.8214285714285714,0.022506967163455793
2358,full,311,100,3,10,1,75,75,2722,0.8702290076335878,0.8541666666666666,0.016062340966921163
2359,full,311,100,3,10,5,sqrt,52 (sqrt),2722,0.8524173027989822,0.8482142857142857,0.004203017084696503
2360,full,311,100,3,10,5,2,2,2722,0.5258693808312129,0.4851190476190476,0.04075033321216531
2361,full,311,100,3,10,5,5,5,2722,0.8057675996607294,0.7559523809523809,0.049815218708348485
2362,full,311,100,3,10,5,10,10,2722,0.8532654792196777,0.8541666666666666,-0.0009011874469889714
2363,full,311,100,3,10,5,25,25,2722,0.8439355385920272,0.8244047619047619,0.019530776687265328
2364,full,311,100,3,10,5,75,75,2722,0.8625954198473282,0.8571428571428571,0.005452562704471142
2365,full,311,100,3,10,10,sqrt,52 (sqrt),2722,0.8346055979643766,0.8452380952380952,-0.010632497273718622
2366,full,311,100,3,10,10,2,2,2722,0.4919423240033927,0.47023809523809523,0.021704228765297484
2367,full,311,100,3,10,10,5,5,2722,0.7633587786259542,0.7113095238095238,0.05204925481643041
2368,full,311,100,3,10,10,10,10,2722,0.820186598812553,0.7916666666666666,0.02851993214588633
2369,full,311,100,3,10,10,25,25,2722,0.8379983036471587,0.8005952380952381,0.03740306555192052
2370,full,311,100,3,10,10,75,75,2722,0.8617472434266328,0.8422619047619048,0.019485338664728014
2371,full,311,100,3,10,15,sqrt,52 (sqrt),2722,0.8320610687022901,0.8303571428571429,0.001703925845147225
2372,full,311,100,3,10,15,2,2,2722,0.4868532654792197,0.4523809523809524,0.034472313098267315
2373,full,311,100,3,10,15,5,5,2722,0.6980491942324003,0.6488095238095238,0.04923967042287647
2374,full,311,100,3,10,15,10,10,2722,0.81509754028838,0.7529761904761905,0.06212134981218953
2375,full,311,100,3,10,15,25,25,2722,0.8261238337574215,0.8065476190476191,0.01957621470980242
2376,full,311,100,3,10,15,75,75,2722,0.8481764206955047,0.8363095238095238,0.01186689688598086
2377,full,311,100,3,15,1,sqrt,52 (sqrt),2722,0.8558100084817643,0.8541666666666666,0.001643341815097621
2378,full,311,100,3,15,1,2,2,2722,0.7735368956743003,0.6517857142857143,0.12175118138858598
2379,full,311,100,3,15,1,5,5,2722,0.8787107718405428,0.8125,0.0662107718405428
2380,full,311,100,3,15,1,10,10,2722,0.8812553011026294,0.8363095238095238,0.04494577729310556
2381,full,311,100,3,15,1,25,25,2722,0.8430873621713316,0.8244047619047619,0.01868260026656976
2382,full,311,100,3,15,1,75,75,2722,0.8685326547921968,0.8511904761904762,0.017342178601720604
2383,full,311,100,3,15,5,sqrt,52 (sqrt),2722,0.8532654792196777,0.8541666666666666,-0.0009011874469889714
2384,full,311,100,3,15,5,2,2,2722,0.5258693808312129,0.4851190476190476,0.04075033321216531
2385,full,311,100,3,15,5,5,5,2722,0.8057675996607294,0.7559523809523809,0.049815218708348485
2386,full,311,100,3,15,5,10,10,2722,0.8524173027989822,0.8541666666666666,-0.001749363867684428
2387,full,311,100,3,15,5,25,25,2722,0.8439355385920272,0.8244047619047619,0.019530776687265328
2388,full,311,100,3,15,5,75,75,2722,0.8608990670059372,0.8541666666666666,0.006732400339270583
2389,full,311,100,3,15,10,sqrt,52 (sqrt),2722,0.8346055979643766,0.8452380952380952,-0.010632497273718622
2390,full,311,100,3,15,10,2,2,2722,0.4919423240033927,0.47023809523809523,0.021704228765297484
2391,full,311,100,3,15,10,5,5,2722,0.7633587786259542,0.7113095238095238,0.05204925481643041
2392,full,311,100,3,15,10,10,10,2722,0.820186598812553,0.7916666666666666,0.02851993214588633
2393,full,311,100,3,15,10,25,25,2722,0.8379983036471587,0.8005952380952381,0.03740306555192052
2394,full,311,100,3,15,10,75,75,2722,0.8617472434266328,0.8422619047619048,0.019485338664728014
2395,full,311,100,3,15,15,sqrt,52 (sqrt),2722,0.8320610687022901,0.8303571428571429,0.001703925845147225
2396,full,311,100,3,15,15,2,2,2722,0.4868532654792197,0.4523809523809524,0.034472313098267315
2397,full,311,100,3,15,15,5,5,2722,0.6980491942324003,0.6488095238095238,0.04923967042287647
2398,full,311,100,3,15,15,10,10,2722,0.81509754028838,0.7529761904761905,0.06212134981218953
2399,full,311,100,3,15,15,25,25,2722,0.8261238337574215,0.8065476190476191,0.01957621470980242
2400,full,311,100,3,15,15,75,75,2722,0.8481764206955047,0.8363095238095238,0.01186689688598086
2401,full,311,100,5,2,1,sqrt,52 (sqrt),2722,0.8854961832061069,0.8601190476190477,0.02537713558705923
2402,full,311,100,5,2,1,2,2,2722,0.8227311280746396,0.6904761904761905,0.13225493759844908
2403,full,311,100,5,2,1,5,5,2722,0.8939779474130619,0.8363095238095238,0.05766842360353808
2404,full,311,100,5,2,1,10,10,2722,0.8956743002544529,0.8571428571428571,0.03853144311159584
2405,full,311,100,5,2,1,25,25,2722,0.8922815945716709,0.8392857142857143,0.05299588028595659
2406,full,311,100,5,2,1,75,75,2722,0.8914334181509754,0.8720238095238095,0.019409608627165897
2407,full,311,100,5,2,5,sqrt,52 (sqrt),2722,0.8676844783715013,0.8511904761904762,0.016494002181025147
2408,full,311,100,5,2,5,2,2,2722,0.5250212044105174,0.4851190476190476,0.039902156791469745
2409,full,311,100,5,2,5,5,5,2722,0.816793893129771,0.7827380952380952,0.03405579789167579
2410,full,311,100,5,2,5,10,10,2722,0.8727735368956743,0.8630952380952381,0.009678298800436136
2411,full,311,100,5,2,5,25,25,2722,0.8617472434266328,0.8392857142857143,0.02246152914091848
2412,full,311,100,5,2,5,75,75,2722,0.8719253604749788,0.8541666666666666,0.017758693808312187
2413,full,311,100,5,2,10,sqrt,52 (sqrt),2722,0.8668363019508057,0.8630952380952381,0.0037410638555676057
2414,full,311,100,5,2,10,2,2,2722,0.4919423240033927,0.47023809523809523,0.021704228765297484
2415,full,311,100,5,2,10,5,5,2722,0.7659033078880407,0.7083333333333334,0.05756997455470736
2416,full,311,100,5,2,10,10,10,2722,0.8346055979643766,0.8065476190476191,0.028057978916757542
2417,full,311,100,5,2,10,25,25,2722,0.8447837150127226,0.8065476190476191,0.03823609596510358
2418,full,311,100,5,2,10,75,75,2722,0.8608990670059372,0.8422619047619048,0.018637162244032446
2419,full,311,100,5,2,15,sqrt,52 (sqrt),2722,0.8430873621713316,0.8422619047619048,0.0008254574094268552
2420,full,311,100,5,2,15,2,2,2722,0.4868532654792197,0.4523809523809524,0.034472313098267315
2421,full,311,100,5,2,15,5,5,2722,0.6980491942324003,0.6517857142857143,0.046263479946686004
2422,full,311,100,5,2,15,10,10,2722,0.8125530110262935,0.75,0.06255301102629351
2423,full,311,100,5,2,15,25,25,2722,0.8363019508057676,0.8184523809523809,0.017849569853386704
2424,full,311,100,5,2,15,75,75,2722,0.8498727735368957,0.8422619047619048,0.007610868774990953
2425,full,311,100,5,5,1,sqrt,52 (sqrt),2722,0.8846480067854113,0.8511904761904762,0.03345753059493517
2426,full,311,100,5,5,1,2,2,2722,0.81509754028838,0.6904761904761905,0.12462134981218953
2427,full,311,100,5,5,1,5,5,2722,0.8880407124681934,0.8273809523809523,0.060659760087241055
2428,full,311,100,5,5,1,10,10,2722,0.8956743002544529,0.8571428571428571,0.03853144311159584
2429,full,311,100,5,5,1,25,25,2722,0.8905852417302799,0.8422619047619048,0.0483233369683751
2430,full,311,100,5,5,1,75,75,2722,0.8897370653095844,0.8720238095238095,0.017713255785774873
2431,full,311,100,5,5,5,sqrt,52 (sqrt),2722,0.8676844783715013,0.8511904761904762,0.016494002181025147
2432,full,311,100,5,5,5,2,2,2722,0.5250212044105174,0.4851190476190476,0.039902156791469745
2433,full,311,100,5,5,5,5,5,2722,0.816793893129771,0.7827380952380952,0.03405579789167579
2434,full,311,100,5,5,5,10,10,2722,0.8727735368956743,0.8630952380952381,0.009678298800436136
2435,full,311,100,5,5,5,25,25,2722,0.8617472434266328,0.8392857142857143,0.02246152914091848
2436,full,311,100,5,5,5,75,75,2722,0.8719253604749788,0.8541666666666666,0.017758693808312187
2437,full,311,100,5,5,10,sqrt,52 (sqrt),2722,0.8668363019508057,0.8630952380952381,0.0037410638555676057
2438,full,311,100,5,5,10,2,2,2722,0.4919423240033927,0.47023809523809523,0.021704228765297484
2439,full,311,100,5,5,10,5,5,2722,0.7659033078880407,0.7083333333333334,0.05756997455470736
2440,full,311,100,5,5,10,10,10,2722,0.8346055979643766,0.8065476190476191,0.028057978916757542
2441,full,311,100,5,5,10,25,25,2722,0.8447837150127226,0.8065476190476191,0.03823609596510358
2442,full,311,100,5,5,10,75,75,2722,0.8608990670059372,0.8422619047619048,0.018637162244032446
2443,full,311,100,5,5,15,sqrt,52 (sqrt),2722,0.8430873621713316,0.8422619047619048,0.0008254574094268552
2444,full,311,100,5,5,15,2,2,2722,0.4868532654792197,0.4523809523809524,0.034472313098267315
2445,full,311,100,5,5,15,5,5,2722,0.6980491942324003,0.6517857142857143,0.046263479946686004
2446,full,311,100,5,5,15,10,10,2722,0.8125530110262935,0.75,0.06255301102629351
2447,full,311,100,5,5,15,25,25,2722,0.8363019508057676,0.8184523809523809,0.017849569853386704
2448,full,311,100,5,5,15,75,75,2722,0.8498727735368957,0.8422619047619048,0.007610868774990953
2449,full,311,100,5,10,1,sqrt,52 (sqrt),2722,0.8846480067854113,0.8541666666666666,0.030481340118744704
2450,full,311,100,5,10,1,2,2,2722,0.8091603053435115,0.6934523809523809,0.11570792439113053
2451,full,311,100,5,10,1,5,5,2722,0.8871925360474979,0.8333333333333334,0.053859202714164556
2452,full,311,100,5,10,1,10,10,2722,0.8931297709923665,0.8571428571428571,0.03598691384950936
2453,full,311,100,5,10,1,25,25,2722,0.8854961832061069,0.8452380952380952,0.04025808796801167
2454,full,311,100,5,10,1,75,75,2722,0.8897370653095844,0.8690476190476191,0.02068944626196534
2455,full,311,100,5,10,5,sqrt,52 (sqrt),2722,0.8676844783715013,0.8511904761904762,0.016494002181025147
2456,full,311,100,5,10,5,2,2,2722,0.5250212044105174,0.4851190476190476,0.039902156791469745
2457,full,311,100,5,10,5,5,5,2722,0.816793893129771,0.7827380952380952,0.03405579789167579
2458,full,311,100,5,10,5,10,10,2722,0.8727735368956743,0.8630952380952381,0.009678298800436136
2459,full,311,100,5,10,5,25,25,2722,0.8617472434266328,0.8392857142857143,0.02246152914091848
2460,full,311,100,5,10,5,75,75,2722,0.8719253604749788,0.8541666666666666,0.017758693808312187
2461,full,311,100,5,10,10,sqrt,52 (sqrt),2722,0.8668363019508057,0.8630952380952381,0.0037410638555676057
2462,full,311,100,5,10,10,2,2,2722,0.4919423240033927,0.47023809523809523,0.021704228765297484
2463,full,311,100,5,10,10,5,5,2722,0.7659033078880407,0.7083333333333334,0.05756997455470736
2464,full,311,100,5,10,10,10,10,2722,0.8346055979643766,0.8065476190476191,0.028057978916757542
2465,full,311,100,5,10,10,25,25,2722,0.8447837150127226,0.8065476190476191,0.03823609596510358
2466,full,311,100,5,10,10,75,75,2722,0.8608990670059372,0.8422619047619048,0.018637162244032446
2467,full,311,100,5,10,15,sqrt,52 (sqrt),2722,0.8430873621713316,0.8422619047619048,0.0008254574094268552
2468,full,311,100,5,10,15,2,2,2722,0.4868532654792197,0.4523809523809524,0.034472313098267315
2469,full,311,100,5,10,15,5,5,2722,0.6980491942324003,0.6517857142857143,0.046263479946686004
2470,full,311,100,5,10,15,10,10,2722,0.8125530110262935,0.75,0.06255301102629351
2471,full,311,100,5,10,15,25,25,2722,0.8363019508057676,0.8184523809523809,0.017849569853386704
2472,full,311,100,5,10,15,75,75,2722,0.8498727735368957,0.8422619047619048,0.007610868774990953
2473,full,311,100,5,15,1,sqrt,52 (sqrt),2722,0.8812553011026294,0.8601190476190477,0.021136253483581724
2474,full,311,100,5,15,1,2,2,2722,0.8083121289228159,0.6934523809523809,0.11485974797043497
2475,full,311,100,5,15,1,5,5,2722,0.8821034775233249,0.8333333333333334,0.04877014418999148
2476,full,311,100,5,15,1,10,10,2722,0.8956743002544529,0.8482142857142857,0.04746001454016724
2477,full,311,100,5,15,1,25,25,2722,0.8837998303647159,0.8363095238095238,0.04749030655519204
2478,full,311,100,5,15,1,75,75,2722,0.8897370653095844,0.8601190476190477,0.029618017690536735
2479,full,311,100,5,15,5,sqrt,52 (sqrt),2722,0.8727735368956743,0.8541666666666666,0.018606870229007644
2480,full,311,100,5,15,5,2,2,2722,0.5250212044105174,0.4851190476190476,0.039902156791469745
2481,full,311,100,5,15,5,5,5,2722,0.8176420695504665,0.7827380952380952,0.034903974312371244
2482,full,311,100,5,15,5,10,10,2722,0.8727735368956743,0.8630952380952381,0.009678298800436136
2483,full,311,100,5,15,5,25,25,2722,0.8600508905852418,0.8392857142857143,0.020765176299527455
2484,full,311,100,5,15,5,75,75,2722,0.8693808312128923,0.8482142857142857,0.021166545498606637
2485,full,311,100,5,15,10,sqrt,52 (sqrt),2722,0.8668363019508057,0.8630952380952381,0.0037410638555676057
2486,full,311,100,5,15,10,2,2,2722,0.4919423240033927,0.47023809523809523,0.021704228765297484
2487,full,311,100,5,15,10,5,5,2722,0.7659033078880407,0.7083333333333334,0.05756997455470736
2488,full,311,100,5,15,10,10,10,2722,0.8346055979643766,0.8065476190476191,0.028057978916757542
2489,full,311,100,5,15,10,25,25,2722,0.8447837150127226,0.8065476190476191,0.03823609596510358
2490,full,311,100,5,15,10,75,75,2722,0.8608990670059372,0.8422619047619048,0.018637162244032446
2491,full,311,100,5,15,15,sqrt,52 (sqrt),2722,0.8430873621713316,0.8422619047619048,0.0008254574094268552
2492,full,311,100,5,15,15,2,2,2722,0.4868532654792197,0.4523809523809524,0.034472313098267315
2493,full,311,100,5,15,15,5,5,2722,0.6980491942324003,0.6517857142857143,0.046263479946686004
2494,full,311,100,5,15,15,10,10,2722,0.8125530110262935,0.75,0.06255301102629351
2495,full,311,100,5,15,15,25,25,2722,0.8363019508057676,0.8184523809523809,0.017849569853386704
2496,full,311,100,5,15,15,75,75,2722,0.8498727735368957,0.8422619047619048,0.007610868774990953
2497,full,311,100,10,2,1,sqrt,52 (sqrt),2722,0.9329940627650551,0.8720238095238095,0.06097025324124561
2498,full,311,100,10,2,1,2,2,2722,0.909245122985581,0.7589285714285714,0.15031655155700963
2499,full,311,100,10,2,1,5,5,2722,0.9321458863443596,0.8333333333333334,0.0988125530110262
2500,full,311,100,10,2,1,10,10,2722,0.9287531806615776,0.8482142857142857,0.08053889494729194
2501,full,311,100,10,2,1,25,25,2722,0.9202714164546225,0.8422619047619048,0.07800951169271775
2502,full,311,100,10,2,1,75,75,2722,0.9321458863443596,0.8958333333333334,0.036312553011026205
2503,full,311,100,10,2,5,sqrt,52 (sqrt),2722,0.8897370653095844,0.8809523809523809,0.008784684357203476
2504,full,311,100,10,2,5,2,2,2722,0.5250212044105174,0.4851190476190476,0.039902156791469745
2505,full,311,100,10,2,5,5,5,2722,0.8430873621713316,0.8065476190476191,0.036539743123712554
2506,full,311,100,10,2,5,10,10,2722,0.8804071246819338,0.8660714285714286,0.014335696110505225
2507,full,311,100,10,2,5,25,25,2722,0.8854961832061069,0.8482142857142857,0.0372818974918212
2508,full,311,100,10,2,5,75,75,2722,0.899067005937235,0.8809523809523809,0.018114624984854055
2509,full,311,100,10,2,10,sqrt,52 (sqrt),2722,0.8770144189991518,0.8630952380952381,0.013919180903913642
2510,full,311,100,10,2,10,2,2,2722,0.4919423240033927,0.47023809523809523,0.021704228765297484
2511,full,311,100,10,2,10,5,5,2722,0.7701441899915182,0.7083333333333334,0.061810856658184865
2512,full,311,100,10,2,10,10,10,2722,0.8354537743850721,0.8065476190476191,0.028906155337453
2513,full,311,100,10,2,10,25,25,2722,0.8532654792196777,0.8363095238095238,0.016955955410153822
2514,full,311,100,10,2,10,75,75,2722,0.8863443596268024,0.8660714285714286,0.020272931055373755
2515,full,311,100,10,2,15,sqrt,52 (sqrt),2722,0.8507209499575912,0.8541666666666666,-0.0034457167090754526
2516,full,311,100,10,2,15,2,2,2722,0.4868532654792197,0.4523809523809524,0.034472313098267315
2517,full,311,100,10,2,15,5,5,2722,0.7005937234944869,0.6488095238095238,0.05178419968496306
2518,full,311,100,10,2,15,10,10,2722,0.8074639525021204,0.7410714285714286,0.06639252393069184
2519,full,311,100,10,2,15,25,25,2722,0.8388464800678541,0.8273809523809523,0.011465527686901789
2520,full,311,100,10,2,15,75,75,2722,0.8583545377438507,0.8541666666666666,0.004187871077184102
2521,full,311,100,10,5,1,sqrt,52 (sqrt),2722,0.9253604749787956,0.8630952380952381,0.06226523688355745
2522,full,311,100,10,5,1,2,2,2722,0.8948261238337574,0.7619047619047619,0.1329213619289955
2523,full,311,100,10,5,1,5,5,2722,0.9151823579304496,0.8363095238095238,0.07887283412092572
2524,full,311,100,10,5,1,10,10,2722,0.9211195928753181,0.8630952380952381,0.058024354780079945
2525,full,311,100,10,5,1,25,25,2722,0.9236641221374046,0.8630952380952381,0.060568884042166427
2526,full,311,100,10,5,1,75,75,2722,0.9321458863443596,0.8839285714285714,0.04821731491578818
2527,full,311,100,10,5,5,sqrt,52 (sqrt),2722,0.8897370653095844,0.8809523809523809,0.008784684357203476
2528,full,311,100,10,5,5,2,2,2722,0.5250212044105174,0.4851190476190476,0.039902156791469745
2529,full,311,100,10,5,5,5,5,2722,0.8430873621713316,0.8065476190476191,0.036539743123712554
2530,full,311,100,10,5,5,10,10,2722,0.8804071246819338,0.8660714285714286,0.014335696110505225
2531,full,311,100,10,5,5,25,25,2722,0.8854961832061069,0.8482142857142857,0.0372818974918212
2532,full,311,100,10,5,5,75,75,2722,0.899067005937235,0.8809523809523809,0.018114624984854055
2533,full,311,100,10,5,10,sqrt,52 (sqrt),2722,0.8770144189991518,0.8630952380952381,0.013919180903913642
2534,full,311,100,10,5,10,2,2,2722,0.4919423240033927,0.47023809523809523,0.021704228765297484
2535,full,311,100,10,5,10,5,5,2722,0.7701441899915182,0.7083333333333334,0.061810856658184865
2536,full,311,100,10,5,10,10,10,2722,0.8354537743850721,0.8065476190476191,0.028906155337453
2537,full,311,100,10,5,10,25,25,2722,0.8532654792196777,0.8363095238095238,0.016955955410153822
2538,full,311,100,10,5,10,75,75,2722,0.8863443596268024,0.8660714285714286,0.020272931055373755
2539,full,311,100,10,5,15,sqrt,52 (sqrt),2722,0.8507209499575912,0.8541666666666666,-0.0034457167090754526
2540,full,311,100,10,5,15,2,2,2722,0.4868532654792197,0.4523809523809524,0.034472313098267315
2541,full,311,100,10,5,15,5,5,2722,0.7005937234944869,0.6488095238095238,0.05178419968496306
2542,full,311,100,10,5,15,10,10,2722,0.8074639525021204,0.7410714285714286,0.06639252393069184
2543,full,311,100,10,5,15,25,25,2722,0.8388464800678541,0.8273809523809523,0.011465527686901789
2544,full,311,100,10,5,15,75,75,2722,0.8583545377438507,0.8541666666666666,0.004187871077184102
2545,full,311,100,10,10,1,sqrt,52 (sqrt),2722,0.9228159457167091,0.875,0.04781594571670911
2546,full,311,100,10,10,1,2,2,2722,0.8922815945716709,0.7648809523809523,0.12740064219071856
2547,full,311,100,10,10,1,5,5,2722,0.9083969465648855,0.8452380952380952,0.06315885132679022
2548,full,311,100,10,10,1,10,10,2722,0.9168787107718406,0.8630952380952381,0.05378347267660244
2549,full,311,100,10,10,1,25,25,2722,0.9194232400339271,0.8511904761904762,0.0682327638434509
2550,full,311,100,10,10,1,75,75,2722,0.9304495335029687,0.8898809523809523,0.040568581122016334
2551,full,311,100,10,10,5,sqrt,52 (sqrt),2722,0.8897370653095844,0.8809523809523809,0.008784684357203476
2552,full,311,100,10,10,5,2,2,2722,0.5250212044105174,0.4851190476190476,0.039902156791469745
2553,full,311,100,10,10,5,5,5,2722,0.8430873621713316,0.8065476190476191,0.036539743123712554
2554,full,311,100,10,10,5,10,10,2722,0.8804071246819338,0.8660714285714286,0.014335696110505225
2555,full,311,100,10,10,5,25,25,2722,0.8854961832061069,0.8482142857142857,0.0372818974918212
2556,full,311,100,10,10,5,75,75,2722,0.899067005937235,0.8809523809523809,0.018114624984854055
2557,full,311,100,10,10,10,sqrt,52 (sqrt),2722,0.8770144189991518,0.8630952380952381,0.013919180903913642
2558,full,311,100,10,10,10,2,2,2722,0.4919423240033927,0.47023809523809523,0.021704228765297484
2559,full,311,100,10,10,10,5,5,2722,0.7701441899915182,0.7083333333333334,0.061810856658184865
2560,full,311,100,10,10,10,10,10,2722,0.8354537743850721,0.8065476190476191,0.028906155337453
2561,full,311,100,10,10,10,25,25,2722,0.8532654792196777,0.8363095238095238,0.016955955410153822
2562,full,311,100,10,10,10,75,75,2722,0.8863443596268024,0.8660714285714286,0.020272931055373755
2563,full,311,100,10,10,15,sqrt,52 (sqrt),2722,0.8507209499575912,0.8541666666666666,-0.0034457167090754526
2564,full,311,100,10,10,15,2,2,2722,0.4868532654792197,0.4523809523809524,0.034472313098267315
2565,full,311,100,10,10,15,5,5,2722,0.7005937234944869,0.6488095238095238,0.05178419968496306
2566,full,311,100,10,10,15,10,10,2722,0.8074639525021204,0.7410714285714286,0.06639252393069184
2567,full,311,100,10,10,15,25,25,2722,0.8388464800678541,0.8273809523809523,0.011465527686901789
2568,full,311,100,10,10,15,75,75,2722,0.8583545377438507,0.8541666666666666,0.004187871077184102
2569,full,311,100,10,15,1,sqrt,52 (sqrt),2722,0.9219677692960135,0.8869047619047619,0.03506300739125168
2570,full,311,100,10,15,1,2,2,2722,0.8914334181509754,0.7648809523809523,0.1265524657700231
2571,full,311,100,10,15,1,5,5,2722,0.8999151823579304,0.8303571428571429,0.06955803950078754
2572,full,311,100,10,15,1,10,10,2722,0.9151823579304496,0.8630952380952381,0.052087119835211415
2573,full,311,100,10,15,1,25,25,2722,0.9117896522476675,0.8601190476190477,0.05167060462861983
2574,full,311,100,10,15,1,75,75,2722,0.9312977099236641,0.8869047619047619,0.044392948018902256
2575,full,311,100,10,15,5,sqrt,52 (sqrt),2722,0.8837998303647159,0.875,0.008799830364715877
2576,full,311,100,10,15,5,2,2,2722,0.5250212044105174,0.4851190476190476,0.039902156791469745
2577,full,311,100,10,15,5,5,5,2722,0.8422391857506362,0.8065476190476191,0.0356915667030171
2578,full,311,100,10,15,5,10,10,2722,0.8804071246819338,0.8660714285714286,0.014335696110505225
2579,full,311,100,10,15,5,25,25,2722,0.8854961832061069,0.8571428571428571,0.028353326063249806
2580,full,311,100,10,15,5,75,75,2722,0.8999151823579304,0.8839285714285714,0.015986610929359046
2581,full,311,100,10,15,10,sqrt,52 (sqrt),2722,0.8770144189991518,0.8630952380952381,0.013919180903913642
2582,full,311,100,10,15,10,2,2,2722,0.4919423240033927,0.47023809523809523,0.021704228765297484
2583,full,311,100,10,15,10,5,5,2722,0.7701441899915182,0.7083333333333334,0.061810856658184865
2584,full,311,100,10,15,10,10,10,2722,0.8354537743850721,0.8065476190476191,0.028906155337453
2585,full,311,100,10,15,10,25,25,2722,0.8532654792196777,0.8363095238095238,0.016955955410153822
2586,full,311,100,10,15,10,75,75,2722,0.8863443596268024,0.8660714285714286,0.020272931055373755
2587,full,311,100,10,15,15,sqrt,52 (sqrt),2722,0.8507209499575912,0.8541666666666666,-0.0034457167090754526
2588,full,311,100,10,15,15,2,2,2722,0.4868532654792197,0.4523809523809524,0.034472313098267315
2589,full,311,100,10,15,15,5,5,2722,0.7005937234944869,0.6488095238095238,0.05178419968496306
2590,full,311,100,10,15,15,10,10,2722,0.8074639525021204,0.7410714285714286,0.06639252393069184
2591,full,311,100,10,15,15,25,25,2722,0.8388464800678541,0.8273809523809523,0.011465527686901789
2592,full,311,100,10,15,15,75,75,2722,0.8583545377438507,0.8541666666666666,0.004187871077184102
2593,full,311,100,15,2,1,sqrt,52 (sqrt),2722,0.9626802374893978,0.8809523809523809,0.08172785653701686
2594,full,311,100,15,2,1,2,2,2722,0.9363867684478372,0.8005952380952381,0.13579153035259905
2595,full,311,100,15,2,1,5,5,2722,0.9457167090754877,0.8541666666666666,0.09155004240882103
2596,full,311,100,15,2,1,10,10,2722,0.9431721798134012,0.8630952380952381,0.08007694171816304
2597,full,311,100,15,2,1,25,25,2722,0.9541984732824428,0.8630952380952381,0.09110323518720465
2598,full,311,100,15,2,1,75,75,2722,0.9711620016963528,0.8898809523809523,0.08128104931540048
2599,full,311,100,15,2,5,sqrt,52 (sqrt),2722,0.8999151823579304,0.8898809523809523,0.010034229976978115
2600,full,311,100,15,2,5,2,2,2722,0.5250212044105174,0.4851190476190476,0.039902156791469745
2601,full,311,100,15,2,5,5,5,2722,0.8430873621713316,0.8065476190476191,0.036539743123712554
2602,full,311,100,15,2,5,10,10,2722,0.8795589482612384,0.8720238095238095,0.007535138737428837
2603,full,311,100,15,2,5,25,25,2722,0.8880407124681934,0.8601190476190477,0.02792166484914571
2604,full,311,100,15,2,5,75,75,2722,0.904156064461408,0.8898809523809523,0.01427511208045562
2605,full,311,100,15,2,10,sqrt,52 (sqrt),2722,0.8770144189991518,0.8690476190476191,0.00796679995153271
2606,full,311,100,15,2,10,2,2,2722,0.4919423240033927,0.47023809523809523,0.021704228765297484
2607,full,311,100,15,2,10,5,5,2722,0.7701441899915182,0.7083333333333334,0.061810856658184865
2608,full,311,100,15,2,10,10,10,2722,0.8354537743850721,0.8065476190476191,0.028906155337453
2609,full,311,100,15,2,10,25,25,2722,0.8524173027989822,0.8392857142857143,0.0131315885132679
2610,full,311,100,15,2,10,75,75,2722,0.8846480067854113,0.8660714285714286,0.01857657821398273
2611,full,311,100,15,2,15,sqrt,52 (sqrt),2722,0.8507209499575912,0.8511904761904762,-0.00046952623288498696
2612,full,311,100,15,2,15,2,2,2722,0.4868532654792197,0.4523809523809524,0.034472313098267315
2613,full,311,100,15,2,15,5,5,2722,0.7005937234944869,0.6488095238095238,0.05178419968496306
2614,full,311,100,15,2,15,10,10,2722,0.8074639525021204,0.7410714285714286,0.06639252393069184
2615,full,311,100,15,2,15,25,25,2722,0.8388464800678541,0.8273809523809523,0.011465527686901789
2616,full,311,100,15,2,15,75,75,2722,0.8541136556403732,0.8541666666666666,-5.3011026293403596e-05
2617,full,311,100,15,5,1,sqrt,52 (sqrt),2722,0.9609838846480068,0.8869047619047619,0.07407912274324491
2618,full,311,100,15,5,1,2,2,2722,0.9287531806615776,0.8095238095238095,0.1192293711377681
2619,full,311,100,15,5,1,5,5,2722,0.9389312977099237,0.8690476190476191,0.0698836786623046
2620,full,311,100,15,5,1,10,10,2722,0.9389312977099237,0.8720238095238095,0.06690748818611414
2621,full,311,100,15,5,1,25,25,2722,0.9474130619168787,0.8809523809523809,0.06646068096449775
2622,full,311,100,15,5,1,75,75,2722,0.9660729431721798,0.8928571428571429,0.07321580031503694
2623,full,311,100,15,5,5,sqrt,52 (sqrt),2722,0.8999151823579304,0.8898809523809523,0.010034229976978115
2624,full,311,100,15,5,5,2,2,2722,0.5250212044105174,0.4851190476190476,0.039902156791469745
2625,full,311,100,15,5,5,5,5,2722,0.8430873621713316,0.8065476190476191,0.036539743123712554
2626,full,311,100,15,5,5,10,10,2722,0.8795589482612384,0.8720238095238095,0.007535138737428837
2627,full,311,100,15,5,5,25,25,2722,0.8880407124681934,0.8601190476190477,0.02792166484914571
2628,full,311,100,15,5,5,75,75,2722,0.904156064461408,0.8898809523809523,0.01427511208045562
2629,full,311,100,15,5,10,sqrt,52 (sqrt),2722,0.8770144189991518,0.8690476190476191,0.00796679995153271
2630,full,311,100,15,5,10,2,2,2722,0.4919423240033927,0.47023809523809523,0.021704228765297484
2631,full,311,100,15,5,10,5,5,2722,0.7701441899915182,0.7083333333333334,0.061810856658184865
2632,full,311,100,15,5,10,10,10,2722,0.8354537743850721,0.8065476190476191,0.028906155337453
2633,full,311,100,15,5,10,25,25,2722,0.8524173027989822,0.8392857142857143,0.0131315885132679
2634,full,311,100,15,5,10,75,75,2722,0.8846480067854113,0.8660714285714286,0.01857657821398273
2635,full,311,100,15,5,15,sqrt,52 (sqrt),2722,0.8507209499575912,0.8511904761904762,-0.00046952623288498696
2636,full,311,100,15,5,15,2,2,2722,0.4868532654792197,0.4523809523809524,0.034472313098267315
2637,full,311,100,15,5,15,5,5,2722,0.7005937234944869,0.6488095238095238,0.05178419968496306
2638,full,311,100,15,5,15,10,10,2722,0.8074639525021204,0.7410714285714286,0.06639252393069184
2639,full,311,100,15,5,15,25,25,2722,0.8388464800678541,0.8273809523809523,0.011465527686901789
2640,full,311,100,15,5,15,75,75,2722,0.8541136556403732,0.8541666666666666,-5.3011026293403596e-05
2641,full,311,100,15,10,1,sqrt,52 (sqrt),2722,0.9550466497031382,0.8958333333333334,0.05921331636980487
2642,full,311,100,15,10,1,2,2,2722,0.9194232400339271,0.8125,0.10692324003392706
2643,full,311,100,15,10,1,5,5,2722,0.9312977099236641,0.8660714285714286,0.06522628135223552
2644,full,311,100,15,10,1,10,10,2722,0.9312977099236641,0.8660714285714286,0.06522628135223552
2645,full,311,100,15,10,1,25,25,2722,0.9397794741306191,0.8720238095238095,0.0677556646068096
2646,full,311,100,15,10,1,75,75,2722,0.9609838846480068,0.8928571428571429,0.06812674179086387
2647,full,311,100,15,10,5,sqrt,52 (sqrt),2722,0.8999151823579304,0.8898809523809523,0.010034229976978115
2648,full,311,100,15,10,5,2,2,2722,0.5250212044105174,0.4851190476190476,0.039902156791469745
2649,full,311,100,15,10,5,5,5,2722,0.8430873621713316,0.8065476190476191,0.036539743123712554
2650,full,311,100,15,10,5,10,10,2722,0.8795589482612384,0.8720238095238095,0.007535138737428837
2651,full,311,100,15,10,5,25,25,2722,0.8880407124681934,0.8601190476190477,0.02792166484914571
2652,full,311,100,15,10,5,75,75,2722,0.904156064461408,0.8898809523809523,0.01427511208045562
2653,full,311,100,15,10,10,sqrt,52 (sqrt),2722,0.8770144189991518,0.8690476190476191,0.00796679995153271
2654,full,311,100,15,10,10,2,2,2722,0.4919423240033927,0.47023809523809523,0.021704228765297484
2655,full,311,100,15,10,10,5,5,2722,0.7701441899915182,0.7083333333333334,0.061810856658184865
2656,full,311,100,15,10,10,10,10,2722,0.8354537743850721,0.8065476190476191,0.028906155337453
2657,full,311,100,15,10,10,25,25,2722,0.8524173027989822,0.8392857142857143,0.0131315885132679
2658,full,311,100,15,10,10,75,75,2722,0.8846480067854113,0.8660714285714286,0.01857657821398273
2659,full,311,100,15,10,15,sqrt,52 (sqrt),2722,0.8507209499575912,0.8511904761904762,-0.00046952623288498696
2660,full,311,100,15,10,15,2,2,2722,0.4868532654792197,0.4523809523809524,0.034472313098267315
2661,full,311,100,15,10,15,5,5,2722,0.7005937234944869,0.6488095238095238,0.05178419968496306
2662,full,311,100,15,10,15,10,10,2722,0.8074639525021204,0.7410714285714286,0.06639252393069184
2663,full,311,100,15,10,15,25,25,2722,0.8388464800678541,0.8273809523809523,0.011465527686901789
2664,full,311,100,15,10,15,75,75,2722,0.8541136556403732,0.8541666666666666,-5.3011026293403596e-05
2665,full,311,100,15,15,1,sqrt,52 (sqrt),2722,0.9533502968617472,0.8869047619047619,0.06644553495698535
2666,full,311,100,15,15,1,2,2,2722,0.914334181509754,0.7916666666666666,0.12266751484308736
2667,full,311,100,15,15,1,5,5,2722,0.926208651399491,0.8660714285714286,0.06013722282806244
2668,full,311,100,15,15,1,10,10,2722,0.9279050042408821,0.8660714285714286,0.06183357566945347
2669,full,311,100,15,15,1,25,25,2722,0.9355385920271416,0.8630952380952381,0.07244335393190349
2670,full,311,100,15,15,1,75,75,2722,0.9601357082273113,0.8898809523809523,0.07025475584635898
2671,full,311,100,15,15,5,sqrt,52 (sqrt),2722,0.8999151823579304,0.8809523809523809,0.018962801405549512
2672,full,311,100,15,15,5,2,2,2722,0.5250212044105174,0.4851190476190476,0.039902156791469745
2673,full,311,100,15,15,5,5,5,2722,0.8422391857506362,0.8065476190476191,0.0356915667030171
2674,full,311,100,15,15,5,10,10,2722,0.8795589482612384,0.8720238095238095,0.007535138737428837
2675,full,311,100,15,15,5,25,25,2722,0.8922815945716709,0.8541666666666666,0.03811492790500426
2676,full,311,100,15,15,5,75,75,2722,0.9151823579304496,0.8869047619047619,0.02827759602568769
2677,full,311,100,15,15,10,sqrt,52 (sqrt),2722,0.8770144189991518,0.8690476190476191,0.00796679995153271
2678,full,311,100,15,15,10,2,2,2722,0.4919423240033927,0.47023809523809523,0.021704228765297484
2679,full,311,100,15,15,10,5,5,2722,0.7701441899915182,0.7083333333333334,0.061810856658184865
2680,full,311,100,15,15,10,10,10,2722,0.8354537743850721,0.8065476190476191,0.028906155337453
2681,full,311,100,15,15,10,25,25,2722,0.8524173027989822,0.8392857142857143,0.0131315885132679
2682,full,311,100,15,15,10,75,75,2722,0.8846480067854113,0.8660714285714286,0.01857657821398273
2683,full,311,100,15,15,15,sqrt,52 (sqrt),2722,0.8507209499575912,0.8511904761904762,-0.00046952623288498696
2684,full,311,100,15,15,15,2,2,2722,0.4868532654792197,0.4523809523809524,0.034472313098267315
2685,full,311,100,15,15,15,5,5,2722,0.7005937234944869,0.6488095238095238,0.05178419968496306
2686,full,311,100,15,15,15,10,10,2722,0.8074639525021204,0.7410714285714286,0.06639252393069184
2687,full,311,100,15,15,15,25,25,2722,0.8388464800678541,0.8273809523809523,0.011465527686901789
2688,full,311,100,15,15,15,75,75,2722,0.8541136556403732,0.8541666666666666,-5.3011026293403596e-05
2689,full,311,100,25,2,1,sqrt,52 (sqrt),2722,0.9796437659033079,0.8779761904761905,0.10166757542711746
2690,full,311,100,25,2,1,2,2,2722,0.9635284139100933,0.8214285714285714,0.14209984248152185
2691,full,311,100,25,2,1,5,5,2722,0.9584393553859203,0.875,0.08343935538592029
2692,full,311,100,25,2,1,10,10,2722,0.9669211195928753,0.8630952380952381,0.10382588149763716
2693,full,311,100,25,2,1,25,25,2722,0.9737065309584394,0.8720238095238095,0.10168272143462986
2694,full,311,100,25,2,1,75,75,2722,0.9796437659033079,0.8839285714285714,0.09571519447473653
2695,full,311,100,25,2,5,sqrt,52 (sqrt),2722,0.9007633587786259,0.8869047619047619,0.013858596873864037
2696,full,311,100,25,2,5,2,2,2722,0.5250212044105174,0.4851190476190476,0.039902156791469745
2697,full,311,100,25,2,5,5,5,2722,0.8430873621713316,0.8065476190476191,0.036539743123712554
2698,full,311,100,25,2,5,10,10,2722,0.8795589482612384,0.8720238095238095,0.007535138737428837
2699,full,311,100,25,2,5,25,25,2722,0.8863443596268024,0.8452380952380952,0.041106264388707126
2700,full,311,100,25,2,5,75,75,2722,0.9083969465648855,0.8958333333333334,0.012563613231552084
2701,full,311,100,25,2,10,sqrt,52 (sqrt),2722,0.8770144189991518,0.8690476190476191,0.00796679995153271
2702,full,311,100,25,2,10,2,2,2722,0.4919423240033927,0.47023809523809523,0.021704228765297484
2703,full,311,100,25,2,10,5,5,2722,0.7701441899915182,0.7083333333333334,0.061810856658184865
2704,full,311,100,25,2,10,10,10,2722,0.8354537743850721,0.8065476190476191,0.028906155337453
2705,full,311,100,25,2,10,25,25,2722,0.8524173027989822,0.8392857142857143,0.0131315885132679
2706,full,311,100,25,2,10,75,75,2722,0.8837998303647159,0.8660714285714286,0.017728401793287274
2707,full,311,100,25,2,15,sqrt,52 (sqrt),2722,0.8507209499575912,0.8511904761904762,-0.00046952623288498696
2708,full,311,100,25,2,15,2,2,2722,0.4868532654792197,0.4523809523809524,0.034472313098267315
2709,full,311,100,25,2,15,5,5,2722,0.7005937234944869,0.6488095238095238,0.05178419968496306
2710,full,311,100,25,2,15,10,10,2722,0.8074639525021204,0.7410714285714286,0.06639252393069184
2711,full,311,100,25,2,15,25,25,2722,0.8388464800678541,0.8273809523809523,0.011465527686901789
2712,full,311,100,25,2,15,75,75,2722,0.8541136556403732,0.8541666666666666,-5.3011026293403596e-05
2713,full,311,100,25,5,1,sqrt,52 (sqrt),2722,0.9779474130619169,0.8809523809523809,0.09699503210953597
2714,full,311,100,25,5,1,2,2,2722,0.9541984732824428,0.8363095238095238,0.11788894947291895
2715,full,311,100,25,5,1,5,5,2722,0.9499575911789653,0.8720238095238095,0.07793378165515574
2716,full,311,100,25,5,1,10,10,2722,0.9601357082273113,0.8690476190476191,0.09108808917969224
2717,full,311,100,25,5,1,25,25,2722,0.9669211195928753,0.8630952380952381,0.10382588149763716
2718,full,311,100,25,5,1,75,75,2722,0.9787955894826124,0.8898809523809523,0.08891463710166003
2719,full,311,100,25,5,5,sqrt,52 (sqrt),2722,0.9007633587786259,0.8869047619047619,0.013858596873864037
2720,full,311,100,25,5,5,2,2,2722,0.5250212044105174,0.4851190476190476,0.039902156791469745
2721,full,311,100,25,5,5,5,5,2722,0.8430873621713316,0.8065476190476191,0.036539743123712554
2722,full,311,100,25,5,5,10,10,2722,0.8795589482612384,0.8720238095238095,0.007535138737428837
2723,full,311,100,25,5,5,25,25,2722,0.8863443596268024,0.8452380952380952,0.041106264388707126
2724,full,311,100,25,5,5,75,75,2722,0.9083969465648855,0.8958333333333334,0.012563613231552084
2725,full,311,100,25,5,10,sqrt,52 (sqrt),2722,0.8770144189991518,0.8690476190476191,0.00796679995153271
2726,full,311,100,25,5,10,2,2,2722,0.4919423240033927,0.47023809523809523,0.021704228765297484
2727,full,311,100,25,5,10,5,5,2722,0.7701441899915182,0.7083333333333334,0.061810856658184865
2728,full,311,100,25,5,10,10,10,2722,0.8354537743850721,0.8065476190476191,0.028906155337453
2729,full,311,100,25,5,10,25,25,2722,0.8524173027989822,0.8392857142857143,0.0131315885132679
2730,full,311,100,25,5,10,75,75,2722,0.8837998303647159,0.8660714285714286,0.017728401793287274
2731,full,311,100,25,5,15,sqrt,52 (sqrt),2722,0.8507209499575912,0.8511904761904762,-0.00046952623288498696
2732,full,311,100,25,5,15,2,2,2722,0.4868532654792197,0.4523809523809524,0.034472313098267315
2733,full,311,100,25,5,15,5,5,2722,0.7005937234944869,0.6488095238095238,0.05178419968496306
2734,full,311,100,25,5,15,10,10,2722,0.8074639525021204,0.7410714285714286,0.06639252393069184
2735,full,311,100,25,5,15,25,25,2722,0.8388464800678541,0.8273809523809523,0.011465527686901789
2736,full,311,100,25,5,15,75,75,2722,0.8541136556403732,0.8541666666666666,-5.3011026293403596e-05
2737,full,311,100,25,10,1,sqrt,52 (sqrt),2722,0.9745547073791349,0.8720238095238095,0.10253089785532532
2738,full,311,100,25,10,1,2,2,2722,0.9465648854961832,0.8303571428571429,0.11620774263904032
2739,full,311,100,25,10,1,5,5,2722,0.9380831212892281,0.8690476190476191,0.06903550224160904
2740,full,311,100,25,10,1,10,10,2722,0.9575911789652247,0.8690476190476191,0.08854355991760565
2741,full,311,100,25,10,1,25,25,2722,0.9652247667514843,0.8869047619047619,0.07832000484672241
2742,full,311,100,25,10,1,75,75,2722,0.9762510602205259,0.8958333333333334,0.08041772688719251
2743,full,311,100,25,10,5,sqrt,52 (sqrt),2722,0.9007633587786259,0.8869047619047619,0.013858596873864037
2744,full,311,100,25,10,5,2,2,2722,0.5250212044105174,0.4851190476190476,0.039902156791469745
2745,full,311,100,25,10,5,5,5,2722,0.8430873621713316,0.8065476190476191,0.036539743123712554
2746,full,311,100,25,10,5,10,10,2722,0.8795589482612384,0.8720238095238095,0.007535138737428837
2747,full,311,100,25,10,5,25,25,2722,0.8863443596268024,0.8452380952380952,0.041106264388707126
2748,full,311,100,25,10,5,75,75,2722,0.9083969465648855,0.8958333333333334,0.012563613231552084
2749,full,311,100,25,10,10,sqrt,52 (sqrt),2722,0.8770144189991518,0.8690476190476191,0.00796679995153271
2750,full,311,100,25,10,10,2,2,2722,0.4919423240033927,0.47023809523809523,0.021704228765297484
2751,full,311,100,25,10,10,5,5,2722,0.7701441899915182,0.7083333333333334,0.061810856658184865
2752,full,311,100,25,10,10,10,10,2722,0.8354537743850721,0.8065476190476191,0.028906155337453
2753,full,311,100,25,10,10,25,25,2722,0.8524173027989822,0.8392857142857143,0.0131315885132679
2754,full,311,100,25,10,10,75,75,2722,0.8837998303647159,0.8660714285714286,0.017728401793287274
2755,full,311,100,25,10,15,sqrt,52 (sqrt),2722,0.8507209499575912,0.8511904761904762,-0.00046952623288498696
2756,full,311,100,25,10,15,2,2,2722,0.4868532654792197,0.4523809523809524,0.034472313098267315
2757,full,311,100,25,10,15,5,5,2722,0.7005937234944869,0.6488095238095238,0.05178419968496306
2758,full,311,100,25,10,15,10,10,2722,0.8074639525021204,0.7410714285714286,0.06639252393069184
2759,full,311,100,25,10,15,25,25,2722,0.8388464800678541,0.8273809523809523,0.011465527686901789
2760,full,311,100,25,10,15,75,75,2722,0.8541136556403732,0.8541666666666666,-5.3011026293403596e-05
2761,full,311,100,25,15,1,sqrt,52 (sqrt),2722,0.9737065309584394,0.8928571428571429,0.0808493881012965
2762,full,311,100,25,15,1,2,2,2722,0.9406276505513147,0.8392857142857143,0.1013419362656004
2763,full,311,100,25,15,1,5,5,2722,0.9406276505513147,0.8720238095238095,0.06860384102750516
2764,full,311,100,25,15,1,10,10,2722,0.9491094147582697,0.8630952380952381,0.08601417666303157
2765,full,311,100,25,15,1,25,25,2722,0.9626802374893978,0.8779761904761905,0.08470404701320733
2766,full,311,100,25,15,1,75,75,2722,0.9745547073791349,0.8898809523809523,0.08467375499818253
2767,full,311,100,25,15,5,sqrt,52 (sqrt),2722,0.904156064461408,0.8869047619047619,0.017251302556646086
2768,full,311,100,25,15,5,2,2,2722,0.5250212044105174,0.4851190476190476,0.039902156791469745
2769,full,311,100,25,15,5,5,5,2722,0.8422391857506362,0.8065476190476191,0.0356915667030171
2770,full,311,100,25,15,5,10,10,2722,0.8795589482612384,0.8690476190476191,0.010511329213619303
2771,full,311,100,25,15,5,25,25,2722,0.8812553011026294,0.8541666666666666,0.027088634435962766
2772,full,311,100,25,15,5,75,75,2722,0.9134860050890585,0.8869047619047619,0.026581243184296666
2773,full,311,100,25,15,10,sqrt,52 (sqrt),2722,0.8770144189991518,0.8690476190476191,0.00796679995153271
2774,full,311,100,25,15,10,2,2,2722,0.4919423240033927,0.47023809523809523,0.021704228765297484
2775,full,311,100,25,15,10,5,5,2722,0.7701441899915182,0.7083333333333334,0.061810856658184865
2776,full,311,100,25,15,10,10,10,2722,0.8354537743850721,0.8065476190476191,0.028906155337453
2777,full,311,100,25,15,10,25,25,2722,0.8524173027989822,0.8392857142857143,0.0131315885132679
2778,full,311,100,25,15,10,75,75,2722,0.8837998303647159,0.8660714285714286,0.017728401793287274
2779,full,311,100,25,15,15,sqrt,52 (sqrt),2722,0.8507209499575912,0.8511904761904762,-0.00046952623288498696
2780,full,311,100,25,15,15,2,2,2722,0.4868532654792197,0.4523809523809524,0.034472313098267315
2781,full,311,100,25,15,15,5,5,2722,0.7005937234944869,0.6488095238095238,0.05178419968496306
2782,full,311,100,25,15,15,10,10,2722,0.8074639525021204,0.7410714285714286,0.06639252393069184
2783,full,311,100,25,15,15,25,25,2722,0.8388464800678541,0.8273809523809523,0.011465527686901789
2784,full,311,100,25,15,15,75,75,2722,0.8541136556403732,0.8541666666666666,-5.3011026293403596e-05
2785,full,311,100,none,2,1,sqrt,52 (sqrt),2722,0.9796437659033079,0.8988095238095238,0.08083424209378409
2786,full,311,100,none,2,1,2,2,2722,0.9796437659033079,0.875,0.10464376590330793
2787,full,311,100,none,2,1,5,5,2722,0.9796437659033079,0.8839285714285714,0.09571519447473653
2788,full,311,100,none,2,1,10,10,2722,0.9796437659033079,0.8809523809523809,0.098691384950927
2789,full,311,100,none,2,1,25,25,2722,0.9796437659033079,0.8809523809523809,0.098691384950927
2790,full,311,100,none,2,1,75,75,2722,0.9796437659033079,0.8988095238095238,0.08083424209378409
2791,full,311,100,none,2,5,sqrt,52 (sqrt),2722,0.899067005937235,0.8809523809523809,0.018114624984854055
2792,full,311,100,none,2,5,2,2,2722,0.5250212044105174,0.4851190476190476,0.039902156791469745
2793,full,311,100,none,2,5,5,5,2722,0.8430873621713316,0.8065476190476191,0.036539743123712554
2794,full,311,100,none,2,5,10,10,2722,0.8795589482612384,0.8720238095238095,0.007535138737428837
2795,full,311,100,none,2,5,25,25,2722,0.8863443596268024,0.8452380952380952,0.041106264388707126
2796,full,311,100,none,2,5,75,75,2722,0.9083969465648855,0.8958333333333334,0.012563613231552084
2797,full,311,100,none,2,10,sqrt,52 (sqrt),2722,0.8770144189991518,0.8690476190476191,0.00796679995153271
2798,full,311,100,none,2,10,2,2,2722,0.4919423240033927,0.47023809523809523,0.021704228765297484
2799,full,311,100,none,2,10,5,5,2722,0.7701441899915182,0.7083333333333334,0.061810856658184865
2800,full,311,100,none,2,10,10,10,2722,0.8354537743850721,0.8065476190476191,0.028906155337453
2801,full,311,100,none,2,10,25,25,2722,0.8524173027989822,0.8392857142857143,0.0131315885132679
2802,full,311,100,none,2,10,75,75,2722,0.8837998303647159,0.8660714285714286,0.017728401793287274
2803,full,311,100,none,2,15,sqrt,52 (sqrt),2722,0.8507209499575912,0.8511904761904762,-0.00046952623288498696
2804,full,311,100,none,2,15,2,2,2722,0.4868532654792197,0.4523809523809524,0.034472313098267315
2805,full,311,100,none,2,15,5,5,2722,0.7005937234944869,0.6488095238095238,0.05178419968496306
2806,full,311,100,none,2,15,10,10,2722,0.8074639525021204,0.7410714285714286,0.06639252393069184
2807,full,311,100,none,2,15,25,25,2722,0.8388464800678541,0.8273809523809523,0.011465527686901789
2808,full,311,100,none,2,15,75,75,2722,0.8541136556403732,0.8541666666666666,-5.3011026293403596e-05
2809,full,311,100,none,5,1,sqrt,52 (sqrt),2722,0.9796437659033079,0.8809523809523809,0.098691384950927
2810,full,311,100,none,5,1,2,2,2722,0.9796437659033079,0.8809523809523809,0.098691384950927
2811,full,311,100,none,5,1,5,5,2722,0.9787955894826124,0.875,0.10379558948261236
2812,full,311,100,none,5,1,10,10,2722,0.9796437659033079,0.8898809523809523,0.0897628135223556
2813,full,311,100,none,5,1,25,25,2722,0.9796437659033079,0.8809523809523809,0.098691384950927
2814,full,311,100,none,5,1,75,75,2722,0.9796437659033079,0.8898809523809523,0.0897628135223556
2815,full,311,100,none,5,5,sqrt,52 (sqrt),2722,0.899067005937235,0.8809523809523809,0.018114624984854055
2816,full,311,100,none,5,5,2,2,2722,0.5250212044105174,0.4851190476190476,0.039902156791469745
2817,full,311,100,none,5,5,5,5,2722,0.8430873621713316,0.8065476190476191,0.036539743123712554
2818,full,311,100,none,5,5,10,10,2722,0.8795589482612384,0.8720238095238095,0.007535138737428837
2819,full,311,100,none,5,5,25,25,2722,0.8863443596268024,0.8452380952380952,0.041106264388707126
2820,full,311,100,none,5,5,75,75,2722,0.9083969465648855,0.8958333333333334,0.012563613231552084
2821,full,311,100,none,5,10,sqrt,52 (sqrt),2722,0.8770144189991518,0.8690476190476191,0.00796679995153271
2822,full,311,100,none,5,10,2,2,2722,0.4919423240033927,0.47023809523809523,0.021704228765297484
2823,full,311,100,none,5,10,5,5,2722,0.7701441899915182,0.7083333333333334,0.061810856658184865
2824,full,311,100,none,5,10,10,10,2722,0.8354537743850721,0.8065476190476191,0.028906155337453
2825,full,311,100,none,5,10,25,25,2722,0.8524173027989822,0.8392857142857143,0.0131315885132679
2826,full,311,100,none,5,10,75,75,2722,0.8837998303647159,0.8660714285714286,0.017728401793287274
2827,full,311,100,none,5,15,sqrt,52 (sqrt),2722,0.8507209499575912,0.8511904761904762,-0.00046952623288498696
2828,full,311,100,none,5,15,2,2,2722,0.4868532654792197,0.4523809523809524,0.034472313098267315
2829,full,311,100,none,5,15,5,5,2722,0.7005937234944869,0.6488095238095238,0.05178419968496306
2830,full,311,100,none,5,15,10,10,2722,0.8074639525021204,0.7410714285714286,0.06639252393069184
2831,full,311,100,none,5,15,25,25,2722,0.8388464800678541,0.8273809523809523,0.011465527686901789
2832,full,311,100,none,5,15,75,75,2722,0.8541136556403732,0.8541666666666666,-5.3011026293403596e-05
2833,full,311,100,none,10,1,sqrt,52 (sqrt),2722,0.9779474130619169,0.8898809523809523,0.08806646068096458
2834,full,311,100,none,10,1,2,2,2722,0.9796437659033079,0.8779761904761905,0.10166757542711746
2835,full,311,100,none,10,1,5,5,2722,0.9796437659033079,0.875,0.10464376590330793
2836,full,311,100,none,10,1,10,10,2722,0.9796437659033079,0.875,0.10464376590330793
2837,full,311,100,none,10,1,25,25,2722,0.9779474130619169,0.8869047619047619,0.09104265115715504
2838,full,311,100,none,10,1,75,75,2722,0.9787955894826124,0.8839285714285714,0.09486701805404096
2839,full,311,100,none,10,5,sqrt,52 (sqrt),2722,0.899067005937235,0.8809523809523809,0.018114624984854055
2840,full,311,100,none,10,5,2,2,2722,0.5250212044105174,0.4851190476190476,0.039902156791469745
2841,full,311,100,none,10,5,5,5,2722,0.8430873621713316,0.8065476190476191,0.036539743123712554
2842,full,311,100,none,10,5,10,10,2722,0.8795589482612384,0.8720238095238095,0.007535138737428837
2843,full,311,100,none,10,5,25,25,2722,0.8863443596268024,0.8452380952380952,0.041106264388707126
2844,full,311,100,none,10,5,75,75,2722,0.9083969465648855,0.8958333333333334,0.012563613231552084
2845,full,311,100,none,10,10,sqrt,52 (sqrt),2722,0.8770144189991518,0.8690476190476191,0.00796679995153271
2846,full,311,100,none,10,10,2,2,2722,0.4919423240033927,0.47023809523809523,0.021704228765297484
2847,full,311,100,none,10,10,5,5,2722,0.7701441899915182,0.7083333333333334,0.061810856658184865
2848,full,311,100,none,10,10,10,10,2722,0.8354537743850721,0.8065476190476191,0.028906155337453
2849,full,311,100,none,10,10,25,25,2722,0.8524173027989822,0.8392857142857143,0.0131315885132679
2850,full,311,100,none,10,10,75,75,2722,0.8837998303647159,0.8660714285714286,0.017728401793287274
2851,full,311,100,none,10,15,sqrt,52 (sqrt),2722,0.8507209499575912,0.8511904761904762,-0.00046952623288498696
2852,full,311,100,none,10,15,2,2,2722,0.4868532654792197,0.4523809523809524,0.034472313098267315
2853,full,311,100,none,10,15,5,5,2722,0.7005937234944869,0.6488095238095238,0.05178419968496306
2854,full,311,100,none,10,15,10,10,2722,0.8074639525021204,0.7410714285714286,0.06639252393069184
2855,full,311,100,none,10,15,25,25,2722,0.8388464800678541,0.8273809523809523,0.011465527686901789
2856,full,311,100,none,10,15,75,75,2722,0.8541136556403732,0.8541666666666666,-5.3011026293403596e-05
2857,full,311,100,none,15,1,sqrt,52 (sqrt),2722,0.9762510602205259,0.8869047619047619,0.08934629831576402
2858,full,311,100,none,15,1,2,2,2722,0.9779474130619169,0.8660714285714286,0.1118759844904883
2859,full,311,100,none,15,1,5,5,2722,0.9779474130619169,0.8928571428571429,0.085090270204774
2860,full,311,100,none,15,1,10,10,2722,0.9779474130619169,0.8839285714285714,0.0940188416333455
2861,full,311,100,none,15,1,25,25,2722,0.9770992366412213,0.8809523809523809,0.0961468556888404
2862,full,311,100,none,15,1,75,75,2722,0.9770992366412213,0.8898809523809523,0.08721828426026901
2863,full,311,100,none,15,5,sqrt,52 (sqrt),2722,0.9033078880407125,0.8898809523809523,0.013426935659760164
2864,full,311,100,none,15,5,2,2,2722,0.5250212044105174,0.4851190476190476,0.039902156791469745
2865,full,311,100,none,15,5,5,5,2722,0.8422391857506362,0.8065476190476191,0.0356915667030171
2866,full,311,100,none,15,5,10,10,2722,0.8795589482612384,0.8690476190476191,0.010511329213619303
2867,full,311,100,none,15,5,25,25,2722,0.8837998303647159,0.8511904761904762,0.03260935417423971
2868,full,311,100,none,15,5,75,75,2722,0.9134860050890585,0.8869047619047619,0.026581243184296666
2869,full,311,100,none,15,10,sqrt,52 (sqrt),2722,0.8770144189991518,0.8690476190476191,0.00796679995153271
2870,full,311,100,none,15,10,2,2,2722,0.4919423240033927,0.47023809523809523,0.021704228765297484
2871,full,311,100,none,15,10,5,5,2722,0.7701441899915182,0.7083333333333334,0.061810856658184865
2872,full,311,100,none,15,10,10,10,2722,0.8354537743850721,0.8065476190476191,0.028906155337453
2873,full,311,100,none,15,10,25,25,2722,0.8524173027989822,0.8392857142857143,0.0131315885132679
2874,full,311,100,none,15,10,75,75,2722,0.8837998303647159,0.8660714285714286,0.017728401793287274
2875,full,311,100,none,15,15,sqrt,52 (sqrt),2722,0.8507209499575912,0.8511904761904762,-0.00046952623288498696
2876,full,311,100,none,15,15,2,2,2722,0.4868532654792197,0.4523809523809524,0.034472313098267315
2877,full,311,100,none,15,15,5,5,2722,0.7005937234944869,0.6488095238095238,0.05178419968496306
2878,full,311,100,none,15,15,10,10,2722,0.8074639525021204,0.7410714285714286,0.06639252393069184
2879,full,311,100,none,15,15,25,25,2722,0.8388464800678541,0.8273809523809523,0.011465527686901789
2880,full,311,100,none,15,15,75,75,2722,0.8541136556403732,0.8541666666666666,-5.3011026293403596e-05
2881,full,311,200,3,2,1,sqrt,52 (sqrt),2722,0.8634435962680237,0.8422619047619048,0.021181691506118927
2882,full,311,200,3,2,1,2,2,2722,0.8549618320610687,0.7708333333333334,0.08412849872773531
2883,full,311,200,3,2,1,5,5,2722,0.8948261238337574,0.8303571428571429,0.06446898097661447
2884,full,311,200,3,2,1,10,10,2722,0.897370653095844,0.8541666666666666,0.04320398642917733
2885,full,311,200,3,2,1,25,25,2722,0.8676844783715013,0.8333333333333334,0.03435114503816794
2886,full,311,200,3,2,1,75,75,2722,0.8685326547921968,0.8511904761904762,0.017342178601720604
2887,full,311,200,3,2,5,sqrt,52 (sqrt),2722,0.8608990670059372,0.8422619047619048,0.018637162244032446
2888,full,311,200,3,2,5,2,2,2722,0.6530958439355385,0.5684523809523809,0.08464346298315761
2889,full,311,200,3,2,5,5,5,2722,0.8608990670059372,0.8125,0.04839906700593721
2890,full,311,200,3,2,5,10,10,2722,0.8625954198473282,0.8392857142857143,0.023309705561613936
2891,full,311,200,3,2,5,25,25,2722,0.8634435962680237,0.8273809523809523,0.036062643887071366
2892,full,311,200,3,2,5,75,75,2722,0.8668363019508057,0.8452380952380952,0.02159820671271051
2893,full,311,200,3,2,10,sqrt,52 (sqrt),2722,0.8464800678541137,0.8422619047619048,0.004218163092208904
2894,full,311,200,3,2,10,2,2,2722,0.6225614927905004,0.5416666666666666,0.08089482612383381
2895,full,311,200,3,2,10,5,5,2722,0.8269720101781171,0.7678571428571429,0.05911486732097415
2896,full,311,200,3,2,10,10,10,2722,0.8405428329092451,0.8035714285714286,0.03697140433781654
2897,full,311,200,3,2,10,25,25,2722,0.8413910093299406,0.8184523809523809,0.022938628377559667
2898,full,311,200,3,2,10,75,75,2722,0.8600508905852418,0.8422619047619048,0.01778898582333699
2899,full,311,200,3,2,15,sqrt,52 (sqrt),2722,0.8447837150127226,0.8273809523809523,0.01740276263177032
2900,full,311,200,3,2,15,2,2,2722,0.5962680237489398,0.5148809523809523,0.0813870713679875
2901,full,311,200,3,2,15,5,5,2722,0.7888040712468194,0.7589285714285714,0.029875499818247997
2902,full,311,200,3,2,15,10,10,2722,0.8083121289228159,0.7827380952380952,0.025574033684720665
2903,full,311,200,3,2,15,25,25,2722,0.8346055979643766,0.8184523809523809,0.01615321701199568
2904,full,311,200,3,2,15,75,75,2722,0.8549618320610687,0.8452380952380952,0.00972373682297345
2905,full,311,200,3,5,1,sqrt,52 (sqrt),2722,0.8625954198473282,0.8422619047619048,0.02033351508542347
2906,full,311,200,3,5,1,2,2,2722,0.8515691263782866,0.7708333333333334,0.08073579304495326
2907,full,311,200,3,5,1,5,5,2722,0.8914334181509754,0.8303571428571429,0.06107627529383253
2908,full,311,200,3,5,1,10,10,2722,0.8948261238337574,0.8571428571428571,0.037683266690900274
2909,full,311,200,3,5,1,25,25,2722,0.8676844783715013,0.8333333333333334,0.03435114503816794
2910,full,311,200,3,5,1,75,75,2722,0.8685326547921968,0.8482142857142857,0.02031836907791107
2911,full,311,200,3,5,5,sqrt,52 (sqrt),2722,0.8608990670059372,0.8422619047619048,0.018637162244032446
2912,full,311,200,3,5,5,2,2,2722,0.6530958439355385,0.5684523809523809,0.08464346298315761
2913,full,311,200,3,5,5,5,5,2722,0.8608990670059372,0.8125,0.04839906700593721
2914,full,311,200,3,5,5,10,10,2722,0.8625954198473282,0.8392857142857143,0.023309705561613936
2915,full,311,200,3,5,5,25,25,2722,0.8634435962680237,0.8273809523809523,0.036062643887071366
2916,full,311,200,3,5,5,75,75,2722,0.8668363019508057,0.8452380952380952,0.02159820671271051
2917,full,311,200,3,5,10,sqrt,52 (sqrt),2722,0.8464800678541137,0.8422619047619048,0.004218163092208904
2918,full,311,200,3,5,10,2,2,2722,0.6225614927905004,0.5416666666666666,0.08089482612383381
2919,full,311,200,3,5,10,5,5,2722,0.8269720101781171,0.7678571428571429,0.05911486732097415
2920,full,311,200,3,5,10,10,10,2722,0.8405428329092451,0.8035714285714286,0.03697140433781654
2921,full,311,200,3,5,10,25,25,2722,0.8413910093299406,0.8184523809523809,0.022938628377559667
2922,full,311,200,3,5,10,75,75,2722,0.8600508905852418,0.8422619047619048,0.01778898582333699
2923,full,311,200,3,5,15,sqrt,52 (sqrt),2722,0.8447837150127226,0.8273809523809523,0.01740276263177032
2924,full,311,200,3,5,15,2,2,2722,0.5962680237489398,0.5148809523809523,0.0813870713679875
2925,full,311,200,3,5,15,5,5,2722,0.7888040712468194,0.7589285714285714,0.029875499818247997
2926,full,311,200,3,5,15,10,10,2722,0.8083121289228159,0.7827380952380952,0.025574033684720665
2927,full,311,200,3,5,15,25,25,2722,0.8346055979643766,0.8184523809523809,0.01615321701199568
2928,full,311,200,3,5,15,75,75,2722,0.8549618320610687,0.8452380952380952,0.00972373682297345
2929,full,311,200,3,10,1,sqrt,52 (sqrt),2722,0.8625954198473282,0.8422619047619048,0.02033351508542347
2930,full,311,200,3,10,1,2,2,2722,0.8473282442748091,0.7708333333333334,0.07649491094147576
2931,full,311,200,3,10,1,5,5,2722,0.8905852417302799,0.8244047619047619,0.066180479825518
2932,full,311,200,3,10,1,10,10,2722,0.8880407124681934,0.8511904761904762,0.03685023627771722
2933,full,311,200,3,10,1,25,25,2722,0.8634435962680237,0.8333333333333334,0.030110262934690324
2934,full,311,200,3,10,1,75,75,2722,0.8719253604749788,0.8482142857142857,0.023711074760693118
2935,full,311,200,3,10,5,sqrt,52 (sqrt),2722,0.8608990670059372,0.8422619047619048,0.018637162244032446
2936,full,311,200,3,10,5,2,2,2722,0.6530958439355385,0.5684523809523809,0.08464346298315761
2937,full,311,200,3,10,5,5,5,2722,0.8608990670059372,0.8125,0.04839906700593721
2938,full,311,200,3,10,5,10,10,2722,0.8625954198473282,0.8392857142857143,0.023309705561613936
2939,full,311,200,3,10,5,25,25,2722,0.8634435962680237,0.8273809523809523,0.036062643887071366
2940,full,311,200,3,10,5,75,75,2722,0.8668363019508057,0.8452380952380952,0.02159820671271051
2941,full,311,200,3,10,10,sqrt,52 (sqrt),2722,0.8464800678541137,0.8422619047619048,0.004218163092208904
2942,full,311,200,3,10,10,2,2,2722,0.6225614927905004,0.5416666666666666,0.08089482612383381
2943,full,311,200,3,10,10,5,5,2722,0.8269720101781171,0.7678571428571429,0.05911486732097415
2944,full,311,200,3,10,10,10,10,2722,0.8405428329092451,0.8035714285714286,0.03697140433781654
2945,full,311,200,3,10,10,25,25,2722,0.8413910093299406,0.8184523809523809,0.022938628377559667
2946,full,311,200,3,10,10,75,75,2722,0.8600508905852418,0.8422619047619048,0.01778898582333699
2947,full,311,200,3,10,15,sqrt,52 (sqrt),2722,0.8447837150127226,0.8273809523809523,0.01740276263177032
2948,full,311,200,3,10,15,2,2,2722,0.5962680237489398,0.5148809523809523,0.0813870713679875
2949,full,311,200,3,10,15,5,5,2722,0.7888040712468194,0.7589285714285714,0.029875499818247997
2950,full,311,200,3,10,15,10,10,2722,0.8083121289228159,0.7827380952380952,0.025574033684720665
2951,full,311,200,3,10,15,25,25,2722,0.8346055979643766,0.8184523809523809,0.01615321701199568
2952,full,311,200,3,10,15,75,75,2722,0.8549618320610687,0.8452380952380952,0.00972373682297345
2953,full,311,200,3,15,1,sqrt,52 (sqrt),2722,0.8608990670059372,0.8422619047619048,0.018637162244032446
2954,full,311,200,3,15,1,2,2,2722,0.8456318914334181,0.7678571428571429,0.0777747485762752
2955,full,311,200,3,15,1,5,5,2722,0.8897370653095844,0.8303571428571429,0.0593799224524415
2956,full,311,200,3,15,1,10,10,2722,0.8871925360474979,0.8541666666666666,0.033025869380831296
2957,full,311,200,3,15,1,25,25,2722,0.8625954198473282,0.8333333333333334,0.029262086513994867
2958,full,311,200,3,15,1,75,75,2722,0.8676844783715013,0.8452380952380952,0.022446383133406078
2959,full,311,200,3,15,5,sqrt,52 (sqrt),2722,0.8608990670059372,0.8363095238095238,0.024589543196413377
2960,full,311,200,3,15,5,2,2,2722,0.6530958439355385,0.5684523809523809,0.08464346298315761
2961,full,311,200,3,15,5,5,5,2722,0.8608990670059372,0.8125,0.04839906700593721
2962,full,311,200,3,15,5,10,10,2722,0.8625954198473282,0.8392857142857143,0.023309705561613936
2963,full,311,200,3,15,5,25,25,2722,0.8600508905852418,0.8303571428571429,0.02969374772809885
2964,full,311,200,3,15,5,75,75,2722,0.8642917726887193,0.8452380952380952,0.01905367745062403
2965,full,311,200,3,15,10,sqrt,52 (sqrt),2722,0.8464800678541137,0.8422619047619048,0.004218163092208904
2966,full,311,200,3,15,10,2,2,2722,0.6225614927905004,0.5416666666666666,0.08089482612383381
2967,full,311,200,3,15,10,5,5,2722,0.8269720101781171,0.7678571428571429,0.05911486732097415
2968,full,311,200,3,15,10,10,10,2722,0.8405428329092451,0.8035714285714286,0.03697140433781654
2969,full,311,200,3,15,10,25,25,2722,0.8413910093299406,0.8184523809523809,0.022938628377559667
2970,full,311,200,3,15,10,75,75,2722,0.8600508905852418,0.8422619047619048,0.01778898582333699
2971,full,311,200,3,15,15,sqrt,52 (sqrt),2722,0.8447837150127226,0.8273809523809523,0.01740276263177032
2972,full,311,200,3,15,15,2,2,2722,0.5962680237489398,0.5148809523809523,0.0813870713679875
2973,full,311,200,3,15,15,5,5,2722,0.7888040712468194,0.7589285714285714,0.029875499818247997
2974,full,311,200,3,15,15,10,10,2722,0.8083121289228159,0.7827380952380952,0.025574033684720665
2975,full,311,200,3,15,15,25,25,2722,0.8346055979643766,0.8184523809523809,0.01615321701199568
2976,full,311,200,3,15,15,75,75,2722,0.8549618320610687,0.8452380952380952,0.00972373682297345
2977,full,311,200,5,2,1,sqrt,52 (sqrt),2722,0.8829516539440203,0.8571428571428571,0.025808796801163214
2978,full,311,200,5,2,1,2,2,2722,0.8837998303647159,0.7738095238095238,0.10999030655519204
2979,full,311,200,5,2,1,5,5,2722,0.9050042408821035,0.8303571428571429,0.07464709802496061
2980,full,311,200,5,2,1,10,10,2722,0.914334181509754,0.8630952380952381,0.05123894341451585
2981,full,311,200,5,2,1,25,25,2722,0.8939779474130619,0.8482142857142857,0.045763661698776215
2982,full,311,200,5,2,1,75,75,2722,0.8956743002544529,0.8720238095238095,0.023650490730643403
2983,full,311,200,5,2,5,sqrt,52 (sqrt),2722,0.8668363019508057,0.8541666666666666,0.012669635284139114
2984,full,311,200,5,2,5,2,2,2722,0.6590330788804071,0.5684523809523809,0.09058069792802614
2985,full,311,200,5,2,5,5,5,2722,0.8549618320610687,0.8125,0.04246183206106868
2986,full,311,200,5,2,5,10,10,2722,0.8753180661577609,0.8363095238095238,0.03900854234823703
2987,full,311,200,5,2,5,25,25,2722,0.8736217133163698,0.8392857142857143,0.03433599903065554
2988,full,311,200,5,2,5,75,75,2722,0.8795589482612384,0.8630952380952381,0.016463710166000234
2989,full,311,200,5,2,10,sqrt,52 (sqrt),2722,0.8617472434266328,0.8571428571428571,0.0046043862837756855
2990,full,311,200,5,2,10,2,2,2722,0.6225614927905004,0.5416666666666666,0.08089482612383381
2991,full,311,200,5,2,10,5,5,2722,0.8312128922815946,0.7708333333333334,0.06037955894826119
2992,full,311,200,5,2,10,10,10,2722,0.8447837150127226,0.8095238095238095,0.03525990548891311
2993,full,311,200,5,2,10,25,25,2722,0.8558100084817643,0.8244047619047619,0.03140524657700239
2994,full,311,200,5,2,10,75,75,2722,0.8702290076335878,0.8511904761904762,0.019038531443111628
2995,full,311,200,5,2,15,sqrt,52 (sqrt),2722,0.8490245971162002,0.8482142857142857,0.0008103114019144542
2996,full,311,200,5,2,15,2,2,2722,0.5962680237489398,0.5148809523809523,0.0813870713679875
2997,full,311,200,5,2,15,5,5,2722,0.7913486005089059,0.7529761904761905,0.03837241003271541
2998,full,311,200,5,2,15,10,10,2722,0.8091603053435115,0.7857142857142857,0.023446019629225767
2999,full,311,200,5,2,15,25,25,2722,0.8422391857506362,0.8244047619047619,0.017834423845874303
3000,full,311,200,5,2,15,75,75,2722,0.8549618320610687,0.8511904761904762,0.0037713558705925188
3001,full,311,200,5,5,1,sqrt,52 (sqrt),2722,0.8821034775233249,0.8571428571428571,0.024960620380467757
3002,full,311,200,5,5,1,2,2,2722,0.8744698897370653,0.7857142857142857,0.0887556040227796
3003,full,311,200,5,5,1,5,5,2722,0.899067005937235,0.8303571428571429,0.06870986308009208
3004,full,311,200,5,5,1,10,10,2722,0.9067005937234945,0.8630952380952381,0.043605355628256404
3005,full,311,200,5,5,1,25,25,2722,0.8956743002544529,0.8482142857142857,0.04746001454016724
3006,full,311,200,5,5,1,75,75,2722,0.8948261238337574,0.8660714285714286,0.028754695262328767
3007,full,311,200,5,5,5,sqrt,52 (sqrt),2722,0.8668363019508057,0.8541666666666666,0.012669635284139114
3008,full,311,200,5,5,5,2,2,2722,0.6590330788804071,0.5684523809523809,0.09058069792802614
3009,full,311,200,5,5,5,5,5,2722,0.8549618320610687,0.8125,0.04246183206106868
3010,full,311,200,5,5,5,10,10,2722,0.8753180661577609,0.8363095238095238,0.03900854234823703
3011,full,311,200,5,5,5,25,25,2722,0.8736217133163698,0.8392857142857143,0.03433599903065554
3012,full,311,200,5,5,5,75,75,2722,0.8795589482612384,0.8630952380952381,0.016463710166000234
3013,full,311,200,5,5,10,sqrt,52 (sqrt),2722,0.8617472434266328,0.8571428571428571,0.0046043862837756855
3014,full,311,200,5,5,10,2,2,2722,0.6225614927905004,0.5416666666666666,0.08089482612383381
3015,full,311,200,5,5,10,5,5,2722,0.8312128922815946,0.7708333333333334,0.06037955894826119
3016,full,311,200,5,5,10,10,10,2722,0.8447837150127226,0.8095238095238095,0.03525990548891311
3017,full,311,200,5,5,10,25,25,2722,0.8558100084817643,0.8244047619047619,0.03140524657700239
3018,full,311,200,5,5,10,75,75,2722,0.8702290076335878,0.8511904761904762,0.019038531443111628
3019,full,311,200,5,5,15,sqrt,52 (sqrt),2722,0.8490245971162002,0.8482142857142857,0.0008103114019144542
3020,full,311,200,5,5,15,2,2,2722,0.5962680237489398,0.5148809523809523,0.0813870713679875
3021,full,311,200,5,5,15,5,5,2722,0.7913486005089059,0.7529761904761905,0.03837241003271541
3022,full,311,200,5,5,15,10,10,2722,0.8091603053435115,0.7857142857142857,0.023446019629225767
3023,full,311,200,5,5,15,25,25,2722,0.8422391857506362,0.8244047619047619,0.017834423845874303
3024,full,311,200,5,5,15,75,75,2722,0.8549618320610687,0.8511904761904762,0.0037713558705925188
3025,full,311,200,5,10,1,sqrt,52 (sqrt),2722,0.8787107718405428,0.8541666666666666,0.024544105173876174
3026,full,311,200,5,10,1,2,2,2722,0.8702290076335878,0.7797619047619048,0.09046710287168303
3027,full,311,200,5,10,1,5,5,2722,0.8939779474130619,0.8244047619047619,0.06957318550830005
3028,full,311,200,5,10,1,10,10,2722,0.9033078880407125,0.8541666666666666,0.04914122137404586
3029,full,311,200,5,10,1,25,25,2722,0.8965224766751484,0.8482142857142857,0.048308190960862696
3030,full,311,200,5,10,1,75,75,2722,0.8948261238337574,0.8660714285714286,0.028754695262328767
3031,full,311,200,5,10,5,sqrt,52 (sqrt),2722,0.8668363019508057,0.8541666666666666,0.012669635284139114
3032,full,311,200,5,10,5,2,2,2722,0.6590330788804071,0.5684523809523809,0.09058069792802614
3033,full,311,200,5,10,5,5,5,2722,0.8549618320610687,0.8125,0.04246183206106868
3034,full,311,200,5,10,5,10,10,2722,0.8753180661577609,0.8363095238095238,0.03900854234823703
3035,full,311,200,5,10,5,25,25,2722,0.8736217133163698,0.8392857142857143,0.03433599903065554
3036,full,311,200,5,10,5,75,75,2722,0.8795589482612384,0.8630952380952381,0.016463710166000234
3037,full,311,200,5,10,10,sqrt,52 (sqrt),2722,0.8617472434266328,0.8571428571428571,0.0046043862837756855
3038,full,311,200,5,10,10,2,2,2722,0.6225614927905004,0.5416666666666666,0.08089482612383381
3039,full,311,200,5,10,10,5,5,2722,0.8312128922815946,0.7708333333333334,0.06037955894826119
3040,full,311,200,5,10,10,10,10,2722,0.8447837150127226,0.8095238095238095,0.03525990548891311
3041,full,311,200,5,10,10,25,25,2722,0.8558100084817643,0.8244047619047619,0.03140524657700239
3042,full,311,200,5,10,10,75,75,2722,0.8702290076335878,0.8511904761904762,0.019038531443111628
3043,full,311,200,5,10,15,sqrt,52 (sqrt),2722,0.8490245971162002,0.8482142857142857,0.0008103114019144542
3044,full,311,200,5,10,15,2,2,2722,0.5962680237489398,0.5148809523809523,0.0813870713679875
3045,full,311,200,5,10,15,5,5,2722,0.7913486005089059,0.7529761904761905,0.03837241003271541
3046,full,311,200,5,10,15,10,10,2722,0.8091603053435115,0.7857142857142857,0.023446019629225767
3047,full,311,200,5,10,15,25,25,2722,0.8422391857506362,0.8244047619047619,0.017834423845874303
3048,full,311,200,5,10,15,75,75,2722,0.8549618320610687,0.8511904761904762,0.0037713558705925188
3049,full,311,200,5,15,1,sqrt,52 (sqrt),2722,0.8795589482612384,0.8511904761904762,0.028368472070762207
3050,full,311,200,5,15,1,2,2,2722,0.8634435962680237,0.7857142857142857,0.077729310553738
3051,full,311,200,5,15,1,5,5,2722,0.8914334181509754,0.8273809523809523,0.0640524657700231
3052,full,311,200,5,15,1,10,10,2722,0.9024597116200169,0.8541666666666666,0.048293044953350295
3053,full,311,200,5,15,1,25,25,2722,0.8939779474130619,0.8511904761904762,0.04278747122258575
3054,full,311,200,5,15,1,75,75,2722,0.8905852417302799,0.8571428571428571,0.03344238458742277
3055,full,311,200,5,15,5,sqrt,52 (sqrt),2722,0.8685326547921968,0.8541666666666666,0.014365988125530138
3056,full,311,200,5,15,5,2,2,2722,0.6590330788804071,0.5684523809523809,0.09058069792802614
3057,full,311,200,5,15,5,5,5,2722,0.8549618320610687,0.8154761904761905,0.03948564158487822
3058,full,311,200,5,15,5,10,10,2722,0.8753180661577609,0.8363095238095238,0.03900854234823703
3059,full,311,200,5,15,5,25,25,2722,0.8736217133163698,0.8422619047619048,0.031359808554465074
3060,full,311,200,5,15,5,75,75,2722,0.8744698897370653,0.8601190476190477,0.014350842118017626
3061,full,311,200,5,15,10,sqrt,52 (sqrt),2722,0.8617472434266328,0.8571428571428571,0.0046043862837756855
3062,full,311,200,5,15,10,2,2,2722,0.6225614927905004,0.5416666666666666,0.08089482612383381
3063,full,311,200,5,15,10,5,5,2722,0.8312128922815946,0.7708333333333334,0.06037955894826119
3064,full,311,200,5,15,10,10,10,2722,0.8447837150127226,0.8095238095238095,0.03525990548891311
3065,full,311,200,5,15,10,25,25,2722,0.8558100084817643,0.8244047619047619,0.03140524657700239
3066,full,311,200,5,15,10,75,75,2722,0.8702290076335878,0.8511904761904762,0.019038531443111628
3067,full,311,200,5,15,15,sqrt,52 (sqrt),2722,0.8490245971162002,0.8482142857142857,0.0008103114019144542
3068,full,311,200,5,15,15,2,2,2722,0.5962680237489398,0.5148809523809523,0.0813870713679875
3069,full,311,200,5,15,15,5,5,2722,0.7913486005089059,0.7529761904761905,0.03837241003271541
3070,full,311,200,5,15,15,10,10,2722,0.8091603053435115,0.7857142857142857,0.023446019629225767
3071,full,311,200,5,15,15,25,25,2722,0.8422391857506362,0.8244047619047619,0.017834423845874303
3072,full,311,200,5,15,15,75,75,2722,0.8549618320610687,0.8511904761904762,0.0037713558705925188
3073,full,311,200,10,2,1,sqrt,52 (sqrt),2722,0.9414758269720102,0.875,0.06647582697201015
3074,full,311,200,10,2,1,2,2,2722,0.9329940627650551,0.8184523809523809,0.11454168181267421
3075,full,311,200,10,2,1,5,5,2722,0.9380831212892281,0.8422619047619048,0.09582121652732334
3076,full,311,200,10,2,1,10,10,2722,0.9321458863443596,0.8482142857142857,0.08393160063007388
3077,full,311,200,10,2,1,25,25,2722,0.9236641221374046,0.8571428571428571,0.06652126499454747
3078,full,311,200,10,2,1,75,75,2722,0.9406276505513147,0.8898809523809523,0.05074669817036237
3079,full,311,200,10,2,5,sqrt,52 (sqrt),2722,0.8956743002544529,0.8779761904761905,0.017698109778262472
3080,full,311,200,10,2,5,2,2,2722,0.6590330788804071,0.5684523809523809,0.09058069792802614
3081,full,311,200,10,2,5,5,5,2722,0.8575063613231552,0.8273809523809523,0.030125408942202836
3082,full,311,200,10,2,5,10,10,2722,0.8693808312128923,0.8452380952380952,0.024142735974797103
3083,full,311,200,10,2,5,25,25,2722,0.8897370653095844,0.8601190476190477,0.029618017690536735
3084,full,311,200,10,2,5,75,75,2722,0.8999151823579304,0.8809523809523809,0.018962801405549512
3085,full,311,200,10,2,10,sqrt,52 (sqrt),2722,0.8753180661577609,0.8660714285714286,0.009246637586332263
3086,full,311,200,10,2,10,2,2,2722,0.6225614927905004,0.5416666666666666,0.08089482612383381
3087,full,311,200,10,2,10,5,5,2722,0.8320610687022901,0.7648809523809523,0.0671801163213378
3088,full,311,200,10,2,10,10,10,2722,0.8456318914334181,0.8154761904761905,0.030155700957227638
3089,full,311,200,10,2,10,25,25,2722,0.8617472434266328,0.8333333333333334,0.02841391009329941
3090,full,311,200,10,2,10,75,75,2722,0.8863443596268024,0.8720238095238095,0.014320550102992824
3091,full,311,200,10,2,15,sqrt,52 (sqrt),2722,0.8608990670059372,0.8482142857142857,0.012684781291651515
3092,full,311,200,10,2,15,2,2,2722,0.5962680237489398,0.5148809523809523,0.0813870713679875
3093,full,311,200,10,2,15,5,5,2722,0.7938931297709924,0.75,0.043893129770992356
3094,full,311,200,10,2,15,10,10,2722,0.8074639525021204,0.7767857142857143,0.03067823821640614
3095,full,311,200,10,2,15,25,25,2722,0.8439355385920272,0.8333333333333334,0.01060220525869382
3096,full,311,200,10,2,15,75,75,2722,0.8566581849024597,0.8541666666666666,0.0024915182357930776
3097,full,311,200,10,5,1,sqrt,52 (sqrt),2722,0.9321458863443596,0.8779761904761905,0.05416969586816911
3098,full,311,200,10,5,1,2,2,2722,0.917726887192536,0.8184523809523809,0.0992745062401551
3099,full,311,200,10,5,1,5,5,2722,0.9219677692960135,0.8392857142857143,0.08268205501029924
3100,full,311,200,10,5,1,10,10,2722,0.9270568278201866,0.8630952380952381,0.06396158972494848
3101,full,311,200,10,5,1,25,25,2722,0.9296013570822731,0.8720238095238095,0.05757754755846356
3102,full,311,200,10,5,1,75,75,2722,0.9406276505513147,0.8988095238095238,0.04181812674179086
3103,full,311,200,10,5,5,sqrt,52 (sqrt),2722,0.8956743002544529,0.8779761904761905,0.017698109778262472
3104,full,311,200,10,5,5,2,2,2722,0.6590330788804071,0.5684523809523809,0.09058069792802614
3105,full,311,200,10,5,5,5,5,2722,0.8575063613231552,0.8273809523809523,0.030125408942202836
3106,full,311,200,10,5,5,10,10,2722,0.8693808312128923,0.8452380952380952,0.024142735974797103
3107,full,311,200,10,5,5,25,25,2722,0.8897370653095844,0.8601190476190477,0.029618017690536735
3108,full,311,200,10,5,5,75,75,2722,0.8999151823579304,0.8809523809523809,0.018962801405549512
3109,full,311,200,10,5,10,sqrt,52 (sqrt),2722,0.8753180661577609,0.8660714285714286,0.009246637586332263
3110,full,311,200,10,5,10,2,2,2722,0.6225614927905004,0.5416666666666666,0.08089482612383381
3111,full,311,200,10,5,10,5,5,2722,0.8320610687022901,0.7648809523809523,0.0671801163213378
3112,full,311,200,10,5,10,10,10,2722,0.8456318914334181,0.8154761904761905,0.030155700957227638
3113,full,311,200,10,5,10,25,25,2722,0.8617472434266328,0.8333333333333334,0.02841391009329941
3114,full,311,200,10,5,10,75,75,2722,0.8863443596268024,0.8720238095238095,0.014320550102992824
3115,full,311,200,10,5,15,sqrt,52 (sqrt),2722,0.8608990670059372,0.8482142857142857,0.012684781291651515
3116,full,311,200,10,5,15,2,2,2722,0.5962680237489398,0.5148809523809523,0.0813870713679875
3117,full,311,200,10,5,15,5,5,2722,0.7938931297709924,0.75,0.043893129770992356
3118,full,311,200,10,5,15,10,10,2722,0.8074639525021204,0.7767857142857143,0.03067823821640614
3119,full,311,200,10,5,15,25,25,2722,0.8439355385920272,0.8333333333333334,0.01060220525869382
3120,full,311,200,10,5,15,75,75,2722,0.8566581849024597,0.8541666666666666,0.0024915182357930776
3121,full,311,200,10,10,1,sqrt,52 (sqrt),2722,0.9329940627650551,0.8839285714285714,0.049065491336483746
3122,full,311,200,10,10,1,2,2,2722,0.9083969465648855,0.8154761904761905,0.09292075608869499
3123,full,311,200,10,10,1,5,5,2722,0.9253604749787956,0.8333333333333334,0.09202714164546222
3124,full,311,200,10,10,1,10,10,2722,0.9245122985581001,0.8571428571428571,0.06736944141524304
3125,full,311,200,10,10,1,25,25,2722,0.9245122985581001,0.8660714285714286,0.05844086998667153
3126,full,311,200,10,10,1,75,75,2722,0.9363867684478372,0.8898809523809523,0.046505816066884864
3127,full,311,200,10,10,5,sqrt,52 (sqrt),2722,0.8956743002544529,0.8779761904761905,0.017698109778262472
3128,full,311,200,10,10,5,2,2,2722,0.6590330788804071,0.5684523809523809,0.09058069792802614
3129,full,311,200,10,10,5,5,5,2722,0.8575063613231552,0.8273809523809523,0.030125408942202836
3130,full,311,200,10,10,5,10,10,2722,0.8693808312128923,0.8452380952380952,0.024142735974797103
3131,full,311,200,10,10,5,25,25,2722,0.8897370653095844,0.8601190476190477,0.029618017690536735
3132,full,311,200,10,10,5,75,75,2722,0.8999151823579304,0.8809523809523809,0.018962801405549512
3133,full,311,200,10,10,10,sqrt,52 (sqrt),2722,0.8753180661577609,0.8660714285714286,0.009246637586332263
3134,full,311,200,10,10,10,2,2,2722,0.6225614927905004,0.5416666666666666,0.08089482612383381
3135,full,311,200,10,10,10,5,5,2722,0.8320610687022901,0.7648809523809523,0.0671801163213378
3136,full,311,200,10,10,10,10,10,2722,0.8456318914334181,0.8154761904761905,0.030155700957227638
3137,full,311,200,10,10,10,25,25,2722,0.8617472434266328,0.8333333333333334,0.02841391009329941
3138,full,311,200,10,10,10,75,75,2722,0.8863443596268024,0.8720238095238095,0.014320550102992824
3139,full,311,200,10,10,15,sqrt,52 (sqrt),2722,0.8608990670059372,0.8482142857142857,0.012684781291651515
3140,full,311,200,10,10,15,2,2,2722,0.5962680237489398,0.5148809523809523,0.0813870713679875
3141,full,311,200,10,10,15,5,5,2722,0.7938931297709924,0.75,0.043893129770992356
3142,full,311,200,10,10,15,10,10,2722,0.8074639525021204,0.7767857142857143,0.03067823821640614
3143,full,311,200,10,10,15,25,25,2722,0.8439355385920272,0.8333333333333334,0.01060220525869382
3144,full,311,200,10,10,15,75,75,2722,0.8566581849024597,0.8541666666666666,0.0024915182357930776
3145,full,311,200,10,15,1,sqrt,52 (sqrt),2722,0.9279050042408821,0.8779761904761905,0.049928813764691604
3146,full,311,200,10,15,1,2,2,2722,0.9033078880407125,0.8154761904761905,0.08783169756452203
3147,full,311,200,10,15,1,5,5,2722,0.9194232400339271,0.8303571428571429,0.08906609717678415
3148,full,311,200,10,15,1,10,10,2722,0.9202714164546225,0.8541666666666666,0.06610474978795589
3149,full,311,200,10,15,1,25,25,2722,0.916030534351145,0.8690476190476191,0.04698291530352594
3150,full,311,200,10,15,1,75,75,2722,0.9414758269720102,0.8898809523809523,0.05159487459105783
3151,full,311,200,10,15,5,sqrt,52 (sqrt),2722,0.8905852417302799,0.8869047619047619,0.0036804798255180016
3152,full,311,200,10,15,5,2,2,2722,0.6590330788804071,0.5684523809523809,0.09058069792802614
3153,full,311,200,10,15,5,5,5,2722,0.8583545377438507,0.8273809523809523,0.030973585362898404
3154,full,311,200,10,15,5,10,10,2722,0.8685326547921968,0.8452380952380952,0.023294559554101535
3155,full,311,200,10,15,5,25,25,2722,0.8897370653095844,0.8541666666666666,0.03557039864291778
3156,full,311,200,10,15,5,75,75,2722,0.905852417302799,0.8779761904761905,0.027876226826608508
3157,full,311,200,10,15,10,sqrt,52 (sqrt),2722,0.8753180661577609,0.8660714285714286,0.009246637586332263
3158,full,311,200,10,15,10,2,2,2722,0.6225614927905004,0.5416666666666666,0.08089482612383381
3159,full,311,200,10,15,10,5,5,2722,0.8320610687022901,0.7648809523809523,0.0671801163213378
3160,full,311,200,10,15,10,10,10,2722,0.8456318914334181,0.8154761904761905,0.030155700957227638
3161,full,311,200,10,15,10,25,25,2722,0.8617472434266328,0.8333333333333334,0.02841391009329941
3162,full,311,200,10,15,10,75,75,2722,0.8863443596268024,0.8720238095238095,0.014320550102992824
3163,full,311,200,10,15,15,sqrt,52 (sqrt),2722,0.8608990670059372,0.8482142857142857,0.012684781291651515
3164,full,311,200,10,15,15,2,2,2722,0.5962680237489398,0.5148809523809523,0.0813870713679875
3165,full,311,200,10,15,15,5,5,2722,0.7938931297709924,0.75,0.043893129770992356
3166,full,311,200,10,15,15,10,10,2722,0.8074639525021204,0.7767857142857143,0.03067823821640614
3167,full,311,200,10,15,15,25,25,2722,0.8439355385920272,0.8333333333333334,0.01060220525869382
3168,full,311,200,10,15,15,75,75,2722,0.8566581849024597,0.8541666666666666,0.0024915182357930776
3169,full,311,200,15,2,1,sqrt,52 (sqrt),2722,0.9643765903307888,0.8839285714285714,0.08044801890221742
3170,full,311,200,15,2,1,2,2,2722,0.9516539440203562,0.8214285714285714,0.1302253725917848
3171,full,311,200,15,2,1,5,5,2722,0.9482612383375743,0.8541666666666666,0.09409457167090762
3172,full,311,200,15,2,1,10,10,2722,0.9525021204410518,0.8660714285714286,0.08643069186962316
3173,full,311,200,15,2,1,25,25,2722,0.9575911789652247,0.8809523809523809,0.07663879801284379
3174,full,311,200,15,2,1,75,75,2722,0.9728583545377438,0.875,0.09785835453774383
3175,full,311,200,15,2,5,sqrt,52 (sqrt),2722,0.9007633587786259,0.8809523809523809,0.01981097782624497
3176,full,311,200,15,2,5,2,2,2722,0.6590330788804071,0.5684523809523809,0.09058069792802614
3177,full,311,200,15,2,5,5,5,2722,0.8575063613231552,0.8273809523809523,0.030125408942202836
3178,full,311,200,15,2,5,10,10,2722,0.8719253604749788,0.8482142857142857,0.023711074760693118
3179,full,311,200,15,2,5,25,25,2722,0.8863443596268024,0.8601190476190477,0.026225312007754686
3180,full,311,200,15,2,5,75,75,2722,0.909245122985581,0.8869047619047619,0.02234036108081916
3181,full,311,200,15,2,10,sqrt,52 (sqrt),2722,0.8727735368956743,0.8690476190476191,0.0037259178480552047
3182,full,311,200,15,2,10,2,2,2722,0.6225614927905004,0.5416666666666666,0.08089482612383381
3183,full,311,200,15,2,10,5,5,2722,0.8320610687022901,0.7648809523809523,0.0671801163213378
3184,full,311,200,15,2,10,10,10,2722,0.8456318914334181,0.8154761904761905,0.030155700957227638
3185,full,311,200,15,2,10,25,25,2722,0.8617472434266328,0.8363095238095238,0.025437719617108945
3186,full,311,200,15,2,10,75,75,2722,0.8863443596268024,0.8690476190476191,0.01729674057918329
3187,full,311,200,15,2,15,sqrt,52 (sqrt),2722,0.8592027141645462,0.8452380952380952,0.013964618926450956
3188,full,311,200,15,2,15,2,2,2722,0.5962680237489398,0.5148809523809523,0.0813870713679875
3189,full,311,200,15,2,15,5,5,2722,0.7938931297709924,0.75,0.043893129770992356
3190,full,311,200,15,2,15,10,10,2722,0.8074639525021204,0.7767857142857143,0.03067823821640614
3191,full,311,200,15,2,15,25,25,2722,0.8439355385920272,0.8333333333333334,0.01060220525869382
3192,full,311,200,15,2,15,75,75,2722,0.8592027141645462,0.8571428571428571,0.0020598570216890932
3193,full,311,200,15,5,1,sqrt,52 (sqrt),2722,0.9618320610687023,0.8898809523809523,0.07195110868775001
3194,full,311,200,15,5,1,2,2,2722,0.9397794741306191,0.8333333333333334,0.10644614079728576
3195,full,311,200,15,5,1,5,5,2722,0.9372349448685326,0.8422619047619048,0.09497304010662788
3196,full,311,200,15,5,1,10,10,2722,0.9448685326547922,0.8809523809523809,0.06391615170241127
3197,full,311,200,15,5,1,25,25,2722,0.9550466497031382,0.8720238095238095,0.0830228401793287
3198,full,311,200,15,5,1,75,75,2722,0.9694656488549618,0.8898809523809523,0.07958469647400945
3199,full,311,200,15,5,5,sqrt,52 (sqrt),2722,0.9007633587786259,0.8809523809523809,0.01981097782624497
3200,full,311,200,15,5,5,2,2,2722,0.6590330788804071,0.5684523809523809,0.09058069792802614
3201,full,311,200,15,5,5,5,5,2722,0.8575063613231552,0.8273809523809523,0.030125408942202836
3202,full,311,200,15,5,5,10,10,2722,0.8719253604749788,0.8482142857142857,0.023711074760693118
3203,full,311,200,15,5,5,25,25,2722,0.8863443596268024,0.8601190476190477,0.026225312007754686
3204,full,311,200,15,5,5,75,75,2722,0.909245122985581,0.8869047619047619,0.02234036108081916
3205,full,311,200,15,5,10,sqrt,52 (sqrt),2722,0.8727735368956743,0.8690476190476191,0.0037259178480552047
3206,full,311,200,15,5,10,2,2,2722,0.6225614927905004,0.5416666666666666,0.08089482612383381
3207,full,311,200,15,5,10,5,5,2722,0.8320610687022901,0.7648809523809523,0.0671801163213378
3208,full,311,200,15,5,10,10,10,2722,0.8456318914334181,0.8154761904761905,0.030155700957227638
3209,full,311,200,15,5,10,25,25,2722,0.8617472434266328,0.8363095238095238,0.025437719617108945
3210,full,311,200,15,5,10,75,75,2722,0.8863443596268024,0.8690476190476191,0.01729674057918329
3211,full,311,200,15,5,15,sqrt,52 (sqrt),2722,0.8592027141645462,0.8452380952380952,0.013964618926450956
3212,full,311,200,15,5,15,2,2,2722,0.5962680237489398,0.5148809523809523,0.0813870713679875
3213,full,311,200,15,5,15,5,5,2722,0.7938931297709924,0.75,0.043893129770992356
3214,full,311,200,15,5,15,10,10,2722,0.8074639525021204,0.7767857142857143,0.03067823821640614
3215,full,311,200,15,5,15,25,25,2722,0.8439355385920272,0.8333333333333334,0.01060220525869382
3216,full,311,200,15,5,15,75,75,2722,0.8592027141645462,0.8571428571428571,0.0020598570216890932
3217,full,311,200,15,10,1,sqrt,52 (sqrt),2722,0.9601357082273113,0.8988095238095238,0.06132618441778748
3218,full,311,200,15,10,1,2,2,2722,0.9329940627650551,0.8273809523809523,0.10561311038410282
3219,full,311,200,15,10,1,5,5,2722,0.9363867684478372,0.8511904761904762,0.08519629225736103
3220,full,311,200,15,10,1,10,10,2722,0.9329940627650551,0.875,0.05799406276505514
3221,full,311,200,15,10,1,25,25,2722,0.9440203562340967,0.875,0.06902035623409675
3222,full,311,200,15,10,1,75,75,2722,0.9660729431721798,0.8869047619047619,0.07916818126741798
3223,full,311,200,15,10,5,sqrt,52 (sqrt),2722,0.9007633587786259,0.8809523809523809,0.01981097782624497
3224,full,311,200,15,10,5,2,2,2722,0.6590330788804071,0.5684523809523809,0.09058069792802614
3225,full,311,200,15,10,5,5,5,2722,0.8575063613231552,0.8273809523809523,0.030125408942202836
3226,full,311,200,15,10,5,10,10,2722,0.8719253604749788,0.8482142857142857,0.023711074760693118
3227,full,311,200,15,10,5,25,25,2722,0.8863443596268024,0.8601190476190477,0.026225312007754686
3228,full,311,200,15,10,5,75,75,2722,0.909245122985581,0.8869047619047619,0.02234036108081916
3229,full,311,200,15,10,10,sqrt,52 (sqrt),2722,0.8727735368956743,0.8690476190476191,0.0037259178480552047
3230,full,311,200,15,10,10,2,2,2722,0.6225614927905004,0.5416666666666666,0.08089482612383381
3231,full,311,200,15,10,10,5,5,2722,0.8320610687022901,0.7648809523809523,0.0671801163213378
3232,full,311,200,15,10,10,10,10,2722,0.8456318914334181,0.8154761904761905,0.030155700957227638
3233,full,311,200,15,10,10,25,25,2722,0.8617472434266328,0.8363095238095238,0.025437719617108945
3234,full,311,200,15,10,10,75,75,2722,0.8863443596268024,0.8690476190476191,0.01729674057918329
3235,full,311,200,15,10,15,sqrt,52 (sqrt),2722,0.8592027141645462,0.8452380952380952,0.013964618926450956
3236,full,311,200,15,10,15,2,2,2722,0.5962680237489398,0.5148809523809523,0.0813870713679875
3237,full,311,200,15,10,15,5,5,2722,0.7938931297709924,0.75,0.043893129770992356
3238,full,311,200,15,10,15,10,10,2722,0.8074639525021204,0.7767857142857143,0.03067823821640614
3239,full,311,200,15,10,15,25,25,2722,0.8439355385920272,0.8333333333333334,0.01060220525869382
3240,full,311,200,15,10,15,75,75,2722,0.8592027141645462,0.8571428571428571,0.0020598570216890932
3241,full,311,200,15,15,1,sqrt,52 (sqrt),2722,0.9567430025445293,0.8928571428571429,0.06388585968738636
3242,full,311,200,15,15,1,2,2,2722,0.9296013570822731,0.8333333333333334,0.09626802374893972
3243,full,311,200,15,15,1,5,5,2722,0.9253604749787956,0.8452380952380952,0.08012237974070036
3244,full,311,200,15,15,1,10,10,2722,0.9287531806615776,0.8660714285714286,0.06268175209014903
3245,full,311,200,15,15,1,25,25,2722,0.9423240033927057,0.8690476190476191,0.07327638434508665
3246,full,311,200,15,15,1,75,75,2722,0.9652247667514843,0.8958333333333334,0.0693914334181509
3247,full,311,200,15,15,5,sqrt,52 (sqrt),2722,0.8999151823579304,0.8839285714285714,0.015986610929359046
3248,full,311,200,15,15,5,2,2,2722,0.6590330788804071,0.5684523809523809,0.09058069792802614
3249,full,311,200,15,15,5,5,5,2722,0.8583545377438507,0.8273809523809523,0.030973585362898404
3250,full,311,200,15,15,5,10,10,2722,0.8693808312128923,0.8511904761904762,0.01819035502241617
3251,full,311,200,15,15,5,25,25,2722,0.8939779474130619,0.8601190476190477,0.03385889979401424
3252,full,311,200,15,15,5,75,75,2722,0.9168787107718406,0.8869047619047619,0.029973948867078715
3253,full,311,200,15,15,10,sqrt,52 (sqrt),2722,0.8727735368956743,0.8690476190476191,0.0037259178480552047
3254,full,311,200,15,15,10,2,2,2722,0.6225614927905004,0.5416666666666666,0.08089482612383381
3255,full,311,200,15,15,10,5,5,2722,0.8320610687022901,0.7648809523809523,0.0671801163213378
3256,full,311,200,15,15,10,10,10,2722,0.8456318914334181,0.8154761904761905,0.030155700957227638
3257,full,311,200,15,15,10,25,25,2722,0.8617472434266328,0.8363095238095238,0.025437719617108945
3258,full,311,200,15,15,10,75,75,2722,0.8863443596268024,0.8690476190476191,0.01729674057918329
3259,full,311,200,15,15,15,sqrt,52 (sqrt),2722,0.8592027141645462,0.8452380952380952,0.013964618926450956
3260,full,311,200,15,15,15,2,2,2722,0.5962680237489398,0.5148809523809523,0.0813870713679875
3261,full,311,200,15,15,15,5,5,2722,0.7938931297709924,0.75,0.043893129770992356
3262,full,311,200,15,15,15,10,10,2722,0.8074639525021204,0.7767857142857143,0.03067823821640614
3263,full,311,200,15,15,15,25,25,2722,0.8439355385920272,0.8333333333333334,0.01060220525869382
3264,full,311,200,15,15,15,75,75,2722,0.8592027141645462,0.8571428571428571,0.0020598570216890932
3265,full,311,200,25,2,1,sqrt,52 (sqrt),2722,0.9796437659033079,0.8809523809523809,0.098691384950927
3266,full,311,200,25,2,1,2,2,2722,0.9618320610687023,0.8392857142857143,0.12254634678298804
3267,full,311,200,25,2,1,5,5,2722,0.9618320610687023,0.875,0.08683206106870234
3268,full,311,200,25,2,1,10,10,2722,0.9711620016963528,0.8720238095238095,0.09913819217254327
3269,full,311,200,25,2,1,25,25,2722,0.9754028837998303,0.8898809523809523,0.08552193141887798
3270,full,311,200,25,2,1,75,75,2722,0.9796437659033079,0.8809523809523809,0.098691384950927
3271,full,311,200,25,2,5,sqrt,52 (sqrt),2722,0.9016115351993215,0.8839285714285714,0.01768296377075007
3272,full,311,200,25,2,5,2,2,2722,0.6590330788804071,0.5684523809523809,0.09058069792802614
3273,full,311,200,25,2,5,5,5,2722,0.8575063613231552,0.8273809523809523,0.030125408942202836
3274,full,311,200,25,2,5,10,10,2722,0.8719253604749788,0.8482142857142857,0.023711074760693118
3275,full,311,200,25,2,5,25,25,2722,0.8922815945716709,0.8660714285714286,0.026210166000242285
3276,full,311,200,25,2,5,75,75,2722,0.90754877014419,0.8988095238095238,0.008739246334666162
3277,full,311,200,25,2,10,sqrt,52 (sqrt),2722,0.8727735368956743,0.8690476190476191,0.0037259178480552047
3278,full,311,200,25,2,10,2,2,2722,0.6225614927905004,0.5416666666666666,0.08089482612383381
3279,full,311,200,25,2,10,5,5,2722,0.8320610687022901,0.7648809523809523,0.0671801163213378
3280,full,311,200,25,2,10,10,10,2722,0.8456318914334181,0.8154761904761905,0.030155700957227638
3281,full,311,200,25,2,10,25,25,2722,0.8617472434266328,0.8363095238095238,0.025437719617108945
3282,full,311,200,25,2,10,75,75,2722,0.8863443596268024,0.8660714285714286,0.020272931055373755
3283,full,311,200,25,2,15,sqrt,52 (sqrt),2722,0.8592027141645462,0.8452380952380952,0.013964618926450956
3284,full,311,200,25,2,15,2,2,2722,0.5962680237489398,0.5148809523809523,0.0813870713679875
3285,full,311,200,25,2,15,5,5,2722,0.7938931297709924,0.75,0.043893129770992356
3286,full,311,200,25,2,15,10,10,2722,0.8074639525021204,0.7767857142857143,0.03067823821640614
3287,full,311,200,25,2,15,25,25,2722,0.8439355385920272,0.8333333333333334,0.01060220525869382
3288,full,311,200,25,2,15,75,75,2722,0.8592027141645462,0.8571428571428571,0.0020598570216890932
3289,full,311,200,25,5,1,sqrt,52 (sqrt),2722,0.9770992366412213,0.8869047619047619,0.09019447473645947
3290,full,311,200,25,5,1,2,2,2722,0.9575911789652247,0.8392857142857143,0.11830546467951042
3291,full,311,200,25,5,1,5,5,2722,0.9508057675996607,0.8601190476190477,0.09068671998061306
3292,full,311,200,25,5,1,10,10,2722,0.9584393553859203,0.8690476190476191,0.08939173633830122
3293,full,311,200,25,5,1,25,25,2722,0.9694656488549618,0.8809523809523809,0.08851326790258085
3294,full,311,200,25,5,1,75,75,2722,0.9796437659033079,0.8928571428571429,0.08678662304616502
3295,full,311,200,25,5,5,sqrt,52 (sqrt),2722,0.9016115351993215,0.8839285714285714,0.01768296377075007
3296,full,311,200,25,5,5,2,2,2722,0.6590330788804071,0.5684523809523809,0.09058069792802614
3297,full,311,200,25,5,5,5,5,2722,0.8575063613231552,0.8273809523809523,0.030125408942202836
3298,full,311,200,25,5,5,10,10,2722,0.8719253604749788,0.8482142857142857,0.023711074760693118
3299,full,311,200,25,5,5,25,25,2722,0.8922815945716709,0.8660714285714286,0.026210166000242285
3300,full,311,200,25,5,5,75,75,2722,0.90754877014419,0.8988095238095238,0.008739246334666162
3301,full,311,200,25,5,10,sqrt,52 (sqrt),2722,0.8727735368956743,0.8690476190476191,0.0037259178480552047
3302,full,311,200,25,5,10,2,2,2722,0.6225614927905004,0.5416666666666666,0.08089482612383381
3303,full,311,200,25,5,10,5,5,2722,0.8320610687022901,0.7648809523809523,0.0671801163213378
3304,full,311,200,25,5,10,10,10,2722,0.8456318914334181,0.8154761904761905,0.030155700957227638
3305,full,311,200,25,5,10,25,25,2722,0.8617472434266328,0.8363095238095238,0.025437719617108945
3306,full,311,200,25,5,10,75,75,2722,0.8863443596268024,0.8660714285714286,0.020272931055373755
3307,full,311,200,25,5,15,sqrt,52 (sqrt),2722,0.8592027141645462,0.8452380952380952,0.013964618926450956
3308,full,311,200,25,5,15,2,2,2722,0.5962680237489398,0.5148809523809523,0.0813870713679875
3309,full,311,200,25,5,15,5,5,2722,0.7938931297709924,0.75,0.043893129770992356
3310,full,311,200,25,5,15,10,10,2722,0.8074639525021204,0.7767857142857143,0.03067823821640614
3311,full,311,200,25,5,15,25,25,2722,0.8439355385920272,0.8333333333333334,0.01060220525869382
3312,full,311,200,25,5,15,75,75,2722,0.8592027141645462,0.8571428571428571,0.0020598570216890932
3313,full,311,200,25,10,1,sqrt,52 (sqrt),2722,0.9762510602205259,0.875,0.10125106022052588
3314,full,311,200,25,10,1,2,2,2722,0.9491094147582697,0.8571428571428571,0.09196655761541261
3315,full,311,200,25,10,1,5,5,2722,0.9457167090754877,0.8630952380952381,0.08262147098024952
3316,full,311,200,25,10,1,10,10,2722,0.9584393553859203,0.8720238095238095,0.08641554586211075
3317,full,311,200,25,10,1,25,25,2722,0.9703138252756573,0.8869047619047619,0.08340906337089549
3318,full,311,200,25,10,1,75,75,2722,0.9779474130619169,0.8839285714285714,0.0940188416333455
3319,full,311,200,25,10,5,sqrt,52 (sqrt),2722,0.9016115351993215,0.8839285714285714,0.01768296377075007
3320,full,311,200,25,10,5,2,2,2722,0.6590330788804071,0.5684523809523809,0.09058069792802614
3321,full,311,200,25,10,5,5,5,2722,0.8575063613231552,0.8273809523809523,0.030125408942202836
3322,full,311,200,25,10,5,10,10,2722,0.8719253604749788,0.8482142857142857,0.023711074760693118
3323,full,311,200,25,10,5,25,25,2722,0.8922815945716709,0.8660714285714286,0.026210166000242285
3324,full,311,200,25,10,5,75,75,2722,0.90754877014419,0.8988095238095238,0.008739246334666162
3325,full,311,200,25,10,10,sqrt,52 (sqrt),2722,0.8727735368956743,0.8690476190476191,0.0037259178480552047
3326,full,311,200,25,10,10,2,2,2722,0.6225614927905004,0.5416666666666666,0.08089482612383381
3327,full,311,200,25,10,10,5,5,2722,0.8320610687022901,0.7648809523809523,0.0671801163213378
3328,full,311,200,25,10,10,10,10,2722,0.8456318914334181,0.8154761904761905,0.030155700957227638
3329,full,311,200,25,10,10,25,25,2722,0.8617472434266328,0.8363095238095238,0.025437719617108945
3330,full,311,200,25,10,10,75,75,2722,0.8863443596268024,0.8660714285714286,0.020272931055373755
3331,full,311,200,25,10,15,sqrt,52 (sqrt),2722,0.8592027141645462,0.8452380952380952,0.013964618926450956
3332,full,311,200,25,10,15,2,2,2722,0.5962680237489398,0.5148809523809523,0.0813870713679875
3333,full,311,200,25,10,15,5,5,2722,0.7938931297709924,0.75,0.043893129770992356
3334,full,311,200,25,10,15,10,10,2722,0.8074639525021204,0.7767857142857143,0.03067823821640614
3335,full,311,200,25,10,15,25,25,2722,0.8439355385920272,0.8333333333333334,0.01060220525869382
3336,full,311,200,25,10,15,75,75,2722,0.8592027141645462,0.8571428571428571,0.0020598570216890932
3337,full,311,200,25,15,1,sqrt,52 (sqrt),2722,0.9737065309584394,0.8958333333333334,0.07787319762510603
3338,full,311,200,25,15,1,2,2,2722,0.9431721798134012,0.8571428571428571,0.08602932267054408
3339,full,311,200,25,15,1,5,5,2722,0.9474130619168787,0.8571428571428571,0.09027020477402159
3340,full,311,200,25,15,1,10,10,2722,0.9567430025445293,0.8690476190476191,0.0876953834969102
3341,full,311,200,25,15,1,25,25,2722,0.9669211195928753,0.8869047619047619,0.08001635768811344
3342,full,311,200,25,15,1,75,75,2722,0.9754028837998303,0.8809523809523809,0.09445050284744938
3343,full,311,200,25,15,5,sqrt,52 (sqrt),2722,0.9016115351993215,0.8809523809523809,0.020659154246940536
3344,full,311,200,25,15,5,2,2,2722,0.6590330788804071,0.5684523809523809,0.09058069792802614
3345,full,311,200,25,15,5,5,5,2722,0.8583545377438507,0.8273809523809523,0.030973585362898404
3346,full,311,200,25,15,5,10,10,2722,0.8693808312128923,0.8511904761904762,0.01819035502241617
3347,full,311,200,25,15,5,25,25,2722,0.8905852417302799,0.8630952380952381,0.027490003635041727
3348,full,311,200,25,15,5,75,75,2722,0.9134860050890585,0.8839285714285714,0.02955743366048713
3349,full,311,200,25,15,10,sqrt,52 (sqrt),2722,0.8727735368956743,0.8690476190476191,0.0037259178480552047
3350,full,311,200,25,15,10,2,2,2722,0.6225614927905004,0.5416666666666666,0.08089482612383381
3351,full,311,200,25,15,10,5,5,2722,0.8320610687022901,0.7648809523809523,0.0671801163213378
3352,full,311,200,25,15,10,10,10,2722,0.8456318914334181,0.8154761904761905,0.030155700957227638
3353,full,311,200,25,15,10,25,25,2722,0.8617472434266328,0.8363095238095238,0.025437719617108945
3354,full,311,200,25,15,10,75,75,2722,0.8863443596268024,0.8660714285714286,0.020272931055373755
3355,full,311,200,25,15,15,sqrt,52 (sqrt),2722,0.8592027141645462,0.8452380952380952,0.013964618926450956
3356,full,311,200,25,15,15,2,2,2722,0.5962680237489398,0.5148809523809523,0.0813870713679875
3357,full,311,200,25,15,15,5,5,2722,0.7938931297709924,0.75,0.043893129770992356
3358,full,311,200,25,15,15,10,10,2722,0.8074639525021204,0.7767857142857143,0.03067823821640614
3359,full,311,200,25,15,15,25,25,2722,0.8439355385920272,0.8333333333333334,0.01060220525869382
3360,full,311,200,25,15,15,75,75,2722,0.8592027141645462,0.8571428571428571,0.0020598570216890932
3361,full,311,200,none,2,1,sqrt,52 (sqrt),2722,0.9796437659033079,0.8869047619047619,0.09273900399854607
3362,full,311,200,none,2,1,2,2,2722,0.9796437659033079,0.875,0.10464376590330793
3363,full,311,200,none,2,1,5,5,2722,0.9796437659033079,0.8958333333333334,0.08381043256997456
3364,full,311,200,none,2,1,10,10,2722,0.9796437659033079,0.8779761904761905,0.10166757542711746
3365,full,311,200,none,2,1,25,25,2722,0.9796437659033079,0.8869047619047619,0.09273900399854607
3366,full,311,200,none,2,1,75,75,2722,0.9796437659033079,0.8988095238095238,0.08083424209378409
3367,full,311,200,none,2,5,sqrt,52 (sqrt),2722,0.9016115351993215,0.8839285714285714,0.01768296377075007
3368,full,311,200,none,2,5,2,2,2722,0.6590330788804071,0.5684523809523809,0.09058069792802614
3369,full,311,200,none,2,5,5,5,2722,0.8575063613231552,0.8273809523809523,0.030125408942202836
3370,full,311,200,none,2,5,10,10,2722,0.8719253604749788,0.8482142857142857,0.023711074760693118
3371,full,311,200,none,2,5,25,25,2722,0.8939779474130619,0.8660714285714286,0.02790651884163331
3372,full,311,200,none,2,5,75,75,2722,0.90754877014419,0.8988095238095238,0.008739246334666162
3373,full,311,200,none,2,10,sqrt,52 (sqrt),2722,0.8727735368956743,0.8690476190476191,0.0037259178480552047
3374,full,311,200,none,2,10,2,2,2722,0.6225614927905004,0.5416666666666666,0.08089482612383381
3375,full,311,200,none,2,10,5,5,2722,0.8320610687022901,0.7648809523809523,0.0671801163213378
3376,full,311,200,none,2,10,10,10,2722,0.8456318914334181,0.8154761904761905,0.030155700957227638
3377,full,311,200,none,2,10,25,25,2722,0.8617472434266328,0.8363095238095238,0.025437719617108945
3378,full,311,200,none,2,10,75,75,2722,0.8863443596268024,0.8660714285714286,0.020272931055373755
3379,full,311,200,none,2,15,sqrt,52 (sqrt),2722,0.8592027141645462,0.8452380952380952,0.013964618926450956
3380,full,311,200,none,2,15,2,2,2722,0.5962680237489398,0.5148809523809523,0.0813870713679875
3381,full,311,200,none,2,15,5,5,2722,0.7938931297709924,0.75,0.043893129770992356
3382,full,311,200,none,2,15,10,10,2722,0.8074639525021204,0.7767857142857143,0.03067823821640614
3383,full,311,200,none,2,15,25,25,2722,0.8439355385920272,0.8333333333333334,0.01060220525869382
3384,full,311,200,none,2,15,75,75,2722,0.8592027141645462,0.8571428571428571,0.0020598570216890932
3385,full,311,200,none,5,1,sqrt,52 (sqrt),2722,0.9796437659033079,0.8898809523809523,0.0897628135223556
3386,full,311,200,none,5,1,2,2,2722,0.9796437659033079,0.8898809523809523,0.0897628135223556
3387,full,311,200,none,5,1,5,5,2722,0.9796437659033079,0.8898809523809523,0.0897628135223556
3388,full,311,200,none,5,1,10,10,2722,0.9796437659033079,0.8928571428571429,0.08678662304616502
3389,full,311,200,none,5,1,25,25,2722,0.9796437659033079,0.8809523809523809,0.098691384950927
3390,full,311,200,none,5,1,75,75,2722,0.9796437659033079,0.8898809523809523,0.0897628135223556
3391,full,311,200,none,5,5,sqrt,52 (sqrt),2722,0.9016115351993215,0.8839285714285714,0.01768296377075007
3392,full,311,200,none,5,5,2,2,2722,0.6590330788804071,0.5684523809523809,0.09058069792802614
3393,full,311,200,none,5,5,5,5,2722,0.8575063613231552,0.8273809523809523,0.030125408942202836
3394,full,311,200,none,5,5,10,10,2722,0.8719253604749788,0.8482142857142857,0.023711074760693118
3395,full,311,200,none,5,5,25,25,2722,0.8939779474130619,0.8660714285714286,0.02790651884163331
3396,full,311,200,none,5,5,75,75,2722,0.90754877014419,0.8988095238095238,0.008739246334666162
3397,full,311,200,none,5,10,sqrt,52 (sqrt),2722,0.8727735368956743,0.8690476190476191,0.0037259178480552047
3398,full,311,200,none,5,10,2,2,2722,0.6225614927905004,0.5416666666666666,0.08089482612383381
3399,full,311,200,none,5,10,5,5,2722,0.8320610687022901,0.7648809523809523,0.0671801163213378
3400,full,311,200,none,5,10,10,10,2722,0.8456318914334181,0.8154761904761905,0.030155700957227638
3401,full,311,200,none,5,10,25,25,2722,0.8617472434266328,0.8363095238095238,0.025437719617108945
3402,full,311,200,none,5,10,75,75,2722,0.8863443596268024,0.8660714285714286,0.020272931055373755
3403,full,311,200,none,5,15,sqrt,52 (sqrt),2722,0.8592027141645462,0.8452380952380952,0.013964618926450956
3404,full,311,200,none,5,15,2,2,2722,0.5962680237489398,0.5148809523809523,0.0813870713679875
3405,full,311,200,none,5,15,5,5,2722,0.7938931297709924,0.75,0.043893129770992356
3406,full,311,200,none,5,15,10,10,2722,0.8074639525021204,0.7767857142857143,0.03067823821640614
3407,full,311,200,none,5,15,25,25,2722,0.8439355385920272,0.8333333333333334,0.01060220525869382
3408,full,311,200,none,5,15,75,75,2722,0.8592027141645462,0.8571428571428571,0.0020598570216890932
3409,full,311,200,none,10,1,sqrt,52 (sqrt),2722,0.9787955894826124,0.8898809523809523,0.08891463710166003
3410,full,311,200,none,10,1,2,2,2722,0.9796437659033079,0.875,0.10464376590330793
3411,full,311,200,none,10,1,5,5,2722,0.9796437659033079,0.8779761904761905,0.10166757542711746
3412,full,311,200,none,10,1,10,10,2722,0.9796437659033079,0.8779761904761905,0.10166757542711746
3413,full,311,200,none,10,1,25,25,2722,0.9787955894826124,0.8958333333333334,0.08296225614927899
3414,full,311,200,none,10,1,75,75,2722,0.9787955894826124,0.8839285714285714,0.09486701805404096
3415,full,311,200,none,10,5,sqrt,52 (sqrt),2722,0.9016115351993215,0.8839285714285714,0.01768296377075007
3416,full,311,200,none,10,5,2,2,2722,0.6590330788804071,0.5684523809523809,0.09058069792802614
3417,full,311,200,none,10,5,5,5,2722,0.8575063613231552,0.8273809523809523,0.030125408942202836
3418,full,311,200,none,10,5,10,10,2722,0.8719253604749788,0.8482142857142857,0.023711074760693118
3419,full,311,200,none,10,5,25,25,2722,0.8939779474130619,0.8660714285714286,0.02790651884163331
3420,full,311,200,none,10,5,75,75,2722,0.90754877014419,0.8988095238095238,0.008739246334666162
3421,full,311,200,none,10,10,sqrt,52 (sqrt),2722,0.8727735368956743,0.8690476190476191,0.0037259178480552047
3422,full,311,200,none,10,10,2,2,2722,0.6225614927905004,0.5416666666666666,0.08089482612383381
3423,full,311,200,none,10,10,5,5,2722,0.8320610687022901,0.7648809523809523,0.0671801163213378
3424,full,311,200,none,10,10,10,10,2722,0.8456318914334181,0.8154761904761905,0.030155700957227638
3425,full,311,200,none,10,10,25,25,2722,0.8617472434266328,0.8363095238095238,0.025437719617108945
3426,full,311,200,none,10,10,75,75,2722,0.8863443596268024,0.8660714285714286,0.020272931055373755
3427,full,311,200,none,10,15,sqrt,52 (sqrt),2722,0.8592027141645462,0.8452380952380952,0.013964618926450956
3428,full,311,200,none,10,15,2,2,2722,0.5962680237489398,0.5148809523809523,0.0813870713679875
3429,full,311,200,none,10,15,5,5,2722,0.7938931297709924,0.75,0.043893129770992356
3430,full,311,200,none,10,15,10,10,2722,0.8074639525021204,0.7767857142857143,0.03067823821640614
3431,full,311,200,none,10,15,25,25,2722,0.8439355385920272,0.8333333333333334,0.01060220525869382
3432,full,311,200,none,10,15,75,75,2722,0.8592027141645462,0.8571428571428571,0.0020598570216890932
3433,full,311,200,none,15,1,sqrt,52 (sqrt),2722,0.9787955894826124,0.8928571428571429,0.08593844662546946
3434,full,311,200,none,15,1,2,2,2722,0.9779474130619169,0.875,0.1029474130619169
3435,full,311,200,none,15,1,5,5,2722,0.9787955894826124,0.8839285714285714,0.09486701805404096
3436,full,311,200,none,15,1,10,10,2722,0.9779474130619169,0.8839285714285714,0.0940188416333455
3437,full,311,200,none,15,1,25,25,2722,0.9770992366412213,0.8779761904761905,0.09912304616503087
3438,full,311,200,none,15,1,75,75,2722,0.9770992366412213,0.8869047619047619,0.09019447473645947
3439,full,311,200,none,15,5,sqrt,52 (sqrt),2722,0.9007633587786259,0.8809523809523809,0.01981097782624497
3440,full,311,200,none,15,5,2,2,2722,0.6590330788804071,0.5684523809523809,0.09058069792802614
3441,full,311,200,none,15,5,5,5,2722,0.8583545377438507,0.8273809523809523,0.030973585362898404
3442,full,311,200,none,15,5,10,10,2722,0.8693808312128923,0.8511904761904762,0.01819035502241617
3443,full,311,200,none,15,5,25,25,2722,0.8897370653095844,0.8630952380952381,0.02664182721434627
3444,full,311,200,none,15,5,75,75,2722,0.9134860050890585,0.8839285714285714,0.02955743366048713
3445,full,311,200,none,15,10,sqrt,52 (sqrt),2722,0.8727735368956743,0.8690476190476191,0.0037259178480552047
3446,full,311,200,none,15,10,2,2,2722,0.6225614927905004,0.5416666666666666,0.08089482612383381
3447,full,311,200,none,15,10,5,5,2722,0.8320610687022901,0.7648809523809523,0.0671801163213378
3448,full,311,200,none,15,10,10,10,2722,0.8456318914334181,0.8154761904761905,0.030155700957227638
3449,full,311,200,none,15,10,25,25,2722,0.8617472434266328,0.8363095238095238,0.025437719617108945
3450,full,311,200,none,15,10,75,75,2722,0.8863443596268024,0.8660714285714286,0.020272931055373755
3451,full,311,200,none,15,15,sqrt,52 (sqrt),2722,0.8592027141645462,0.8452380952380952,0.013964618926450956
3452,full,311,200,none,15,15,2,2,2722,0.5962680237489398,0.5148809523809523,0.0813870713679875
3453,full,311,200,none,15,15,5,5,2722,0.7938931297709924,0.75,0.043893129770992356
3454,full,311,200,none,15,15,10,10,2722,0.8074639525021204,0.7767857142857143,0.03067823821640614
3455,full,311,200,none,15,15,25,25,2722,0.8439355385920272,0.8333333333333334,0.01060220525869382
3456,full,311,200,none,15,15,75,75,2722,0.8592027141645462,0.8571428571428571,0.0020598570216890932
