split,unique_id,Painting,true_label,naive_bayes_pred,random_forest_pred,logistic_pred,ensemble_pred,ensemble_correct,vote_tie_resolved
train,1,The Persistence of Memory,The Persistence of Memory,The Persistence of Memory,The Persistence of Memory,The Persistence of Memory,The Persistence of Memory,True,False
train,2,The Persistence of Memory,The Persistence of Memory,The Persistence of Memory,The Persistence of Memory,The Persistence of Memory,The Persistence of Memory,True,False
train,3,The Persistence of Memory,The Persistence of Memory,The Persistence of Memory,The Persistence of Memory,The Persistence of Memory,The Persistence of Memory,True,False
train,4,The Persistence of Memory,The Persistence of Memory,The Persistence of Memory,The Persistence of Memory,The Persistence of Memory,The Persistence of Memory,True,False
train,6,The Persistence of Memory,The Persistence of Memory,The Persistence of Memory,The Persistence of Memory,The Persistence of Memory,The Persistence of Memory,True,False
train,7,The Persistence of Memory,The Persistence of Memory,The Persistence of Memory,The Persistence of Memory,The Persistence of Memory,The Persistence of Memory,True,False
train,8,The Persistence of Memory,The Persistence of Memory,The Persistence of Memory,The Persistence of Memory,The Persistence of Memory,The Persistence of Memory,True,False
train,9,The Persistence of Memory,The Persistence of Memory,The Persistence of Memory,The Persistence of Memory,The Persistence of Memory,The Persistence of Memory,True,False
train,13,The Persistence of Memory,The Persistence of Memory,The Persistence of Memory,The Persistence of Memory,The Persistence of Memory,The Persistence of Memory,True,False
train,14,The Persistence of Memory,The Persistence of Memory,The Persistence of Memory,The Persistence of Memory,The Persistence of Memory,The Persistence of Memory,True,False
train,15,The Persistence of Memory,The Persistence of Memory,The Persistence of Memory,The Persistence of Memory,The Persistence of Memory,The Persistence of Memory,True,False
train,18,The Persistence of Memory,The Persistence of Memory,The Persistence of Memory,The Persistence of Memory,The Persistence of Memory,The Persistence of Memory,True,False
train,19,The Persistence of Memory,The Persistence of Memory,The Persistence of Memory,The Persistence of Memory,The Persistence of Memory,The Persistence of Memory,True,False
train,21,The Persistence of Memory,The Persistence of Memory,The Persistence of Memory,The Persistence of Memory,The Persistence of Memory,The Persistence of Memory,True,False
train,22,The Persistence of Memory,The Persistence of Memory,The Persistence of Memory,The Persistence of Memory,The Persistence of Memory,The Persistence of Memory,True,False
train,23,The Persistence of Memory,The Persistence of Memory,The Persistence of Memory,The Persistence of Memory,The Persistence of Memory,The Persistence of Memory,True,False
train,24,The Persistence of Memory,The Persistence of Memory,The Persistence of Memory,The Persistence of Memory,The Persistence of Memory,The Persistence of Memory,True,False
train,26,The Persistence of Memory,The Persistence of Memory,The Persistence of Memory,The Persistence of Memory,The Persistence of Memory,The Persistence of Memory,True,False
train,29,The Persistence of Memory,The Persistence of Memory,The Persistence of Memory,The Persistence of Memory,The Persistence of Memory,The Persistence of Memory,True,False
train,30,The Persistence of Memory,The Persistence of Memory,The Persistence of Memory,The Persistence of Memory,The Persistence of Memory,The Persistence of Memory,True,False
train,31,The Persistence of Memory,The Persistence of Memory,The Persistence of Memory,The Persistence of Memory,The Persistence of Memory,The Persistence of Memory,True,False
train,32,The Persistence of Memory,The Persistence of Memory,The Persistence of Memory,The Persistence of Memory,The Persistence of Memory,The Persistence of Memory,True,False
train,33,The Persistence of Memory,The Persistence of Memory,The Persistence of Memory,The Persistence of Memory,The Persistence of Memory,The Persistence of Memory,True,False
train,34,The Persistence of Memory,The Persistence of Memory,The Persistence of Memory,The Persistence of Memory,The Persistence of Memory,The Persistence of Memory,True,False
train,35,The Persistence of Memory,The Persistence of Memory,The Persistence of Memory,The Persistence of Memory,The Persistence of Memory,The Persistence of Memory,True,False
train,38,The Persistence of Memory,The Persistence of Memory,The Persistence of Memory,The Persistence of Memory,The Persistence of Memory,The Persistence of Memory,True,False
train,39,The Persistence of Memory,The Persistence of Memory,The Persistence of Memory,The Persistence of Memory,The Persistence of Memory,The Persistence of Memory,True,False
train,40,The Persistence of Memory,The Persistence of Memory,The Persistence of Memory,The Persistence of Memory,The Persistence of Memory,The Persistence of Memory,True,False
train,41,The Persistence of Memory,The Persistence of Memory,The Persistence of Memory,The Persistence of Memory,The Persistence of Memory,The Persistence of Memory,True,False
train,42,The Persistence of Memory,The Persistence of Memory,The Persistence of Memory,The Persistence of Memory,The Persistence of Memory,The Persistence of Memory,True,False
train,43,The Persistence of Memory,The Persistence of Memory,The Persistence of Memory,The Persistence of Memory,The Persistence of Memory,The Persistence of Memory,True,False
train,47,The Persistence of Memory,The Persistence of Memory,The Persistence of Memory,The Persistence of Memory,The Persistence of Memory,The Persistence of Memory,True,False
train,48,The Persistence of Memory,The Persistence of Memory,The Persistence of Memory,The Persistence of Memory,The Persistence of Memory,The Persistence of Memory,True,False
train,49,The Persistence of Memory,The Persistence of Memory,The Persistence of Memory,The Persistence of Memory,The Persistence of Memory,The Persistence of Memory,True,False
train,50,The Persistence of Memory,The Persistence of Memory,The Persistence of Memory,The Persistence of Memory,The Persistence of Memory,The Persistence of Memory,True,False
train,51,The Persistence of Memory,The Persistence of Memory,The Persistence of Memory,The Persistence of Memory,The Persistence of Memory,The Persistence of Memory,True,False
train,52,The Persistence of Memory,The Persistence of Memory,The Persistence of Memory,The Persistence of Memory,The Persistence of Memory,The Persistence of Memory,True,False
train,54,The Persistence of Memory,The Persistence of Memory,The Persistence of Memory,The Persistence of Memory,The Persistence of Memory,The Persistence of Memory,True,False
train,55,The Persistence of Memory,The Persistence of Memory,The Persistence of Memory,The Persistence of Memory,The Persistence of Memory,The Persistence of Memory,True,False
train,56,The Persistence of Memory,The Persistence of Memory,The Persistence of Memory,The Persistence of Memory,The Persistence of Memory,The Persistence of Memory,True,False
train,58,The Persistence of Memory,The Persistence of Memory,The Persistence of Memory,The Persistence of Memory,The Persistence of Memory,The Persistence of Memory,True,False
train,59,The Persistence of Memory,The Persistence of Memory,The Persistence of Memory,The Persistence of Memory,The Persistence of Memory,The Persistence of Memory,True,False
train,60,The Persistence of Memory,The Persistence of Memory,The Persistence of Memory,The Persistence of Memory,The Persistence of Memory,The Persistence of Memory,True,False
train,61,The Persistence of Memory,The Persistence of Memory,The Persistence of Memory,The Persistence of Memory,The Persistence of Memory,The Persistence of Memory,True,False
train,64,The Persistence of Memory,The Persistence of Memory,The Persistence of Memory,The Persistence of Memory,The Persistence of Memory,The Persistence of Memory,True,False
train,65,The Persistence of Memory,The Persistence of Memory,The Persistence of Memory,The Persistence of Memory,The Persistence of Memory,The Persistence of Memory,True,False
train,66,The Persistence of Memory,The Persistence of Memory,The Persistence of Memory,The Persistence of Memory,The Persistence of Memory,The Persistence of Memory,True,False
train,69,The Persistence of Memory,The Persistence of Memory,The Persistence of Memory,The Persistence of Memory,The Persistence of Memory,The Persistence of Memory,True,False
train,70,The Persistence of Memory,The Persistence of Memory,The Persistence of Memory,The Persistence of Memory,The Persistence of Memory,The Persistence of Memory,True,False
train,71,The Persistence of Memory,The Persistence of Memory,The Persistence of Memory,The Persistence of Memory,The Persistence of Memory,The Persistence of Memory,True,False
train,72,The Persistence of Memory,The Persistence of Memory,The Starry Night,The Persistence of Memory,The Persistence of Memory,The Persistence of Memory,True,False
train,73,The Persistence of Memory,The Persistence of Memory,The Persistence of Memory,The Persistence of Memory,The Persistence of Memory,The Persistence of Memory,True,False
train,74,The Persistence of Memory,The Persistence of Memory,The Persistence of Memory,The Persistence of Memory,The Persistence of Memory,The Persistence of Memory,True,False
train,77,The Persistence of Memory,The Persistence of Memory,The Persistence of Memory,The Persistence of Memory,The Persistence of Memory,The Persistence of Memory,True,False
train,78,The Persistence of Memory,The Persistence of Memory,The Persistence of Memory,The Persistence of Memory,The Persistence of Memory,The Persistence of Memory,True,False
train,79,The Persistence of Memory,The Persistence of Memory,The Persistence of Memory,The Persistence of Memory,The Persistence of Memory,The Persistence of Memory,True,False
train,80,The Persistence of Memory,The Persistence of Memory,The Persistence of Memory,The Persistence of Memory,The Persistence of Memory,The Persistence of Memory,True,False
train,81,The Persistence of Memory,The Persistence of Memory,The Persistence of Memory,The Persistence of Memory,The Persistence of Memory,The Persistence of Memory,True,False
train,83,The Persistence of Memory,The Persistence of Memory,The Persistence of Memory,The Persistence of Memory,The Persistence of Memory,The Persistence of Memory,True,False
train,84,The Persistence of Memory,The Persistence of Memory,The Persistence of Memory,The Persistence of Memory,The Persistence of Memory,The Persistence of Memory,True,False
train,85,The Persistence of Memory,The Persistence of Memory,The Persistence of Memory,The Persistence of Memory,The Persistence of Memory,The Persistence of Memory,True,False
train,88,The Persistence of Memory,The Persistence of Memory,The Persistence of Memory,The Persistence of Memory,The Persistence of Memory,The Persistence of Memory,True,False
train,89,The Persistence of Memory,The Persistence of Memory,The Persistence of Memory,The Persistence of Memory,The Persistence of Memory,The Persistence of Memory,True,False
train,91,The Persistence of Memory,The Persistence of Memory,The Persistence of Memory,The Persistence of Memory,The Persistence of Memory,The Persistence of Memory,True,False
train,92,The Persistence of Memory,The Persistence of Memory,The Persistence of Memory,The Persistence of Memory,The Persistence of Memory,The Persistence of Memory,True,False
train,93,The Persistence of Memory,The Persistence of Memory,The Persistence of Memory,The Persistence of Memory,The Persistence of Memory,The Persistence of Memory,True,False
train,94,The Persistence of Memory,The Persistence of Memory,The Persistence of Memory,The Persistence of Memory,The Persistence of Memory,The Persistence of Memory,True,False
train,95,The Persistence of Memory,The Persistence of Memory,The Persistence of Memory,The Persistence of Memory,The Persistence of Memory,The Persistence of Memory,True,False
train,96,The Persistence of Memory,The Persistence of Memory,The Persistence of Memory,The Persistence of Memory,The Persistence of Memory,The Persistence of Memory,True,False
train,98,The Persistence of Memory,The Persistence of Memory,The Persistence of Memory,The Persistence of Memory,The Persistence of Memory,The Persistence of Memory,True,False
train,99,The Persistence of Memory,The Persistence of Memory,The Persistence of Memory,The Persistence of Memory,The Persistence of Memory,The Persistence of Memory,True,False
train,101,The Persistence of Memory,The Persistence of Memory,The Persistence of Memory,The Persistence of Memory,The Persistence of Memory,The Persistence of Memory,True,False
train,102,The Persistence of Memory,The Persistence of Memory,The Persistence of Memory,The Persistence of Memory,The Persistence of Memory,The Persistence of Memory,True,False
train,103,The Persistence of Memory,The Persistence of Memory,The Persistence of Memory,The Persistence of Memory,The Persistence of Memory,The Persistence of Memory,True,False
train,104,The Persistence of Memory,The Persistence of Memory,The Water Lily Pond,The Persistence of Memory,The Persistence of Memory,The Persistence of Memory,True,False
train,106,The Persistence of Memory,The Persistence of Memory,The Persistence of Memory,The Persistence of Memory,The Persistence of Memory,The Persistence of Memory,True,False
train,108,The Persistence of Memory,The Persistence of Memory,The Persistence of Memory,The Persistence of Memory,The Persistence of Memory,The Persistence of Memory,True,False
train,110,The Persistence of Memory,The Persistence of Memory,The Persistence of Memory,The Persistence of Memory,The Persistence of Memory,The Persistence of Memory,True,False
train,111,The Persistence of Memory,The Persistence of Memory,The Persistence of Memory,The Persistence of Memory,The Persistence of Memory,The Persistence of Memory,True,False
train,112,The Persistence of Memory,The Persistence of Memory,The Persistence of Memory,The Persistence of Memory,The Persistence of Memory,The Persistence of Memory,True,False
train,114,The Persistence of Memory,The Persistence of Memory,The Persistence of Memory,The Persistence of Memory,The Persistence of Memory,The Persistence of Memory,True,False
train,116,The Persistence of Memory,The Persistence of Memory,The Persistence of Memory,The Persistence of Memory,The Persistence of Memory,The Persistence of Memory,True,False
train,117,The Persistence of Memory,The Persistence of Memory,The Persistence of Memory,The Persistence of Memory,The Persistence of Memory,The Persistence of Memory,True,False
train,118,The Persistence of Memory,The Persistence of Memory,The Persistence of Memory,The Persistence of Memory,The Persistence of Memory,The Persistence of Memory,True,False
train,119,The Persistence of Memory,The Persistence of Memory,The Persistence of Memory,The Persistence of Memory,The Persistence of Memory,The Persistence of Memory,True,False
train,120,The Persistence of Memory,The Persistence of Memory,The Persistence of Memory,The Persistence of Memory,The Persistence of Memory,The Persistence of Memory,True,False
train,123,The Persistence of Memory,The Persistence of Memory,The Persistence of Memory,The Persistence of Memory,The Persistence of Memory,The Persistence of Memory,True,False
train,125,The Persistence of Memory,The Persistence of Memory,The Persistence of Memory,The Persistence of Memory,The Persistence of Memory,The Persistence of Memory,True,False
train,126,The Persistence of Memory,The Persistence of Memory,The Persistence of Memory,The Persistence of Memory,The Persistence of Memory,The Persistence of Memory,True,False
train,127,The Persistence of Memory,The Persistence of Memory,The Persistence of Memory,The Persistence of Memory,The Persistence of Memory,The Persistence of Memory,True,False
train,128,The Persistence of Memory,The Persistence of Memory,The Persistence of Memory,The Persistence of Memory,The Persistence of Memory,The Persistence of Memory,True,False
train,129,The Persistence of Memory,The Persistence of Memory,The Persistence of Memory,The Persistence of Memory,The Persistence of Memory,The Persistence of Memory,True,False
train,130,The Persistence of Memory,The Persistence of Memory,The Persistence of Memory,The Persistence of Memory,The Persistence of Memory,The Persistence of Memory,True,False
train,131,The Persistence of Memory,The Persistence of Memory,The Persistence of Memory,The Persistence of Memory,The Persistence of Memory,The Persistence of Memory,True,False
train,132,The Persistence of Memory,The Persistence of Memory,The Persistence of Memory,The Persistence of Memory,The Starry Night,The Persistence of Memory,True,False
train,134,The Persistence of Memory,The Persistence of Memory,The Persistence of Memory,The Persistence of Memory,The Persistence of Memory,The Persistence of Memory,True,False
train,135,The Persistence of Memory,The Persistence of Memory,The Persistence of Memory,The Persistence of Memory,The Persistence of Memory,The Persistence of Memory,True,False
train,137,The Persistence of Memory,The Persistence of Memory,The Persistence of Memory,The Persistence of Memory,The Persistence of Memory,The Persistence of Memory,True,False
train,138,The Persistence of Memory,The Persistence of Memory,The Persistence of Memory,The Persistence of Memory,The Persistence of Memory,The Persistence of Memory,True,False
train,140,The Persistence of Memory,The Persistence of Memory,The Persistence of Memory,The Persistence of Memory,The Persistence of Memory,The Persistence of Memory,True,False
train,141,The Persistence of Memory,The Persistence of Memory,The Persistence of Memory,The Persistence of Memory,The Persistence of Memory,The Persistence of Memory,True,False
train,142,The Persistence of Memory,The Persistence of Memory,The Persistence of Memory,The Persistence of Memory,The Persistence of Memory,The Persistence of Memory,True,False
train,143,The Persistence of Memory,The Persistence of Memory,The Persistence of Memory,The Persistence of Memory,The Persistence of Memory,The Persistence of Memory,True,False
train,146,The Persistence of Memory,The Persistence of Memory,The Persistence of Memory,The Persistence of Memory,The Persistence of Memory,The Persistence of Memory,True,False
train,149,The Persistence of Memory,The Persistence of Memory,The Persistence of Memory,The Persistence of Memory,The Persistence of Memory,The Persistence of Memory,True,False
train,150,The Persistence of Memory,The Persistence of Memory,The Persistence of Memory,The Persistence of Memory,The Persistence of Memory,The Persistence of Memory,True,False
train,153,The Persistence of Memory,The Persistence of Memory,The Starry Night,The Persistence of Memory,The Persistence of Memory,The Persistence of Memory,True,False
train,155,The Persistence of Memory,The Persistence of Memory,The Persistence of Memory,The Persistence of Memory,The Persistence of Memory,The Persistence of Memory,True,False
train,158,The Persistence of Memory,The Persistence of Memory,The Persistence of Memory,The Persistence of Memory,The Persistence of Memory,The Persistence of Memory,True,False
train,159,The Persistence of Memory,The Persistence of Memory,The Persistence of Memory,The Persistence of Memory,The Persistence of Memory,The Persistence of Memory,True,False
train,160,The Persistence of Memory,The Persistence of Memory,The Persistence of Memory,The Persistence of Memory,The Persistence of Memory,The Persistence of Memory,True,False
train,161,The Persistence of Memory,The Persistence of Memory,The Persistence of Memory,The Persistence of Memory,The Persistence of Memory,The Persistence of Memory,True,False
train,163,The Persistence of Memory,The Persistence of Memory,The Persistence of Memory,The Persistence of Memory,The Persistence of Memory,The Persistence of Memory,True,False
train,164,The Persistence of Memory,The Persistence of Memory,The Persistence of Memory,The Persistence of Memory,The Persistence of Memory,The Persistence of Memory,True,False
train,165,The Persistence of Memory,The Persistence of Memory,The Persistence of Memory,The Persistence of Memory,The Persistence of Memory,The Persistence of Memory,True,False
train,167,The Persistence of Memory,The Persistence of Memory,The Persistence of Memory,The Persistence of Memory,The Persistence of Memory,The Persistence of Memory,True,False
train,168,The Persistence of Memory,The Persistence of Memory,The Persistence of Memory,The Persistence of Memory,The Persistence of Memory,The Persistence of Memory,True,False
train,169,The Persistence of Memory,The Persistence of Memory,The Persistence of Memory,The Persistence of Memory,The Persistence of Memory,The Persistence of Memory,True,False
train,171,The Persistence of Memory,The Persistence of Memory,The Persistence of Memory,The Persistence of Memory,The Persistence of Memory,The Persistence of Memory,True,False
train,173,The Persistence of Memory,The Persistence of Memory,The Persistence of Memory,The Persistence of Memory,The Persistence of Memory,The Persistence of Memory,True,False
train,174,The Persistence of Memory,The Persistence of Memory,The Persistence of Memory,The Persistence of Memory,The Persistence of Memory,The Persistence of Memory,True,False
train,175,The Persistence of Memory,The Persistence of Memory,The Persistence of Memory,The Persistence of Memory,The Persistence of Memory,The Persistence of Memory,True,False
train,176,The Persistence of Memory,The Persistence of Memory,The Persistence of Memory,The Persistence of Memory,The Persistence of Memory,The Persistence of Memory,True,False
train,178,The Persistence of Memory,The Persistence of Memory,The Persistence of Memory,The Persistence of Memory,The Persistence of Memory,The Persistence of Memory,True,False
train,179,The Persistence of Memory,The Persistence of Memory,The Persistence of Memory,The Persistence of Memory,The Persistence of Memory,The Persistence of Memory,True,False
train,180,The Persistence of Memory,The Persistence of Memory,The Persistence of Memory,The Persistence of Memory,The Persistence of Memory,The Persistence of Memory,True,False
train,181,The Persistence of Memory,The Persistence of Memory,The Persistence of Memory,The Persistence of Memory,The Persistence of Memory,The Persistence of Memory,True,False
train,182,The Persistence of Memory,The Persistence of Memory,The Starry Night,The Persistence of Memory,The Persistence of Memory,The Persistence of Memory,True,False
train,183,The Persistence of Memory,The Persistence of Memory,The Persistence of Memory,The Persistence of Memory,The Persistence of Memory,The Persistence of Memory,True,False
train,184,The Persistence of Memory,The Persistence of Memory,The Persistence of Memory,The Persistence of Memory,The Persistence of Memory,The Persistence of Memory,True,False
train,187,The Persistence of Memory,The Persistence of Memory,The Persistence of Memory,The Persistence of Memory,The Persistence of Memory,The Persistence of Memory,True,False
train,188,The Persistence of Memory,The Persistence of Memory,The Persistence of Memory,The Persistence of Memory,The Persistence of Memory,The Persistence of Memory,True,False
train,190,The Persistence of Memory,The Persistence of Memory,The Persistence of Memory,The Persistence of Memory,The Persistence of Memory,The Persistence of Memory,True,False
train,191,The Persistence of Memory,The Persistence of Memory,The Persistence of Memory,The Persistence of Memory,The Persistence of Memory,The Persistence of Memory,True,False
train,192,The Persistence of Memory,The Persistence of Memory,The Persistence of Memory,The Persistence of Memory,The Persistence of Memory,The Persistence of Memory,True,False
train,193,The Persistence of Memory,The Persistence of Memory,The Persistence of Memory,The Persistence of Memory,The Persistence of Memory,The Persistence of Memory,True,False
train,194,The Persistence of Memory,The Persistence of Memory,The Persistence of Memory,The Persistence of Memory,The Persistence of Memory,The Persistence of Memory,True,False
train,196,The Persistence of Memory,The Persistence of Memory,The Persistence of Memory,The Persistence of Memory,The Persistence of Memory,The Persistence of Memory,True,False
train,197,The Persistence of Memory,The Persistence of Memory,The Persistence of Memory,The Persistence of Memory,The Persistence of Memory,The Persistence of Memory,True,False
train,198,The Persistence of Memory,The Persistence of Memory,The Persistence of Memory,The Persistence of Memory,The Persistence of Memory,The Persistence of Memory,True,False
train,199,The Persistence of Memory,The Persistence of Memory,The Water Lily Pond,The Persistence of Memory,The Persistence of Memory,The Persistence of Memory,True,False
train,200,The Persistence of Memory,The Persistence of Memory,The Persistence of Memory,The Persistence of Memory,The Persistence of Memory,The Persistence of Memory,True,False
train,201,The Persistence of Memory,The Persistence of Memory,The Persistence of Memory,The Persistence of Memory,The Persistence of Memory,The Persistence of Memory,True,False
train,204,The Persistence of Memory,The Persistence of Memory,The Persistence of Memory,The Persistence of Memory,The Persistence of Memory,The Persistence of Memory,True,False
train,207,The Persistence of Memory,The Persistence of Memory,The Persistence of Memory,The Persistence of Memory,The Persistence of Memory,The Persistence of Memory,True,False
train,208,The Persistence of Memory,The Persistence of Memory,The Persistence of Memory,The Persistence of Memory,The Persistence of Memory,The Persistence of Memory,True,False
train,209,The Persistence of Memory,The Persistence of Memory,The Persistence of Memory,The Persistence of Memory,The Persistence of Memory,The Persistence of Memory,True,False
train,211,The Persistence of Memory,The Persistence of Memory,The Persistence of Memory,The Persistence of Memory,The Persistence of Memory,The Persistence of Memory,True,False
train,212,The Persistence of Memory,The Persistence of Memory,The Persistence of Memory,The Persistence of Memory,The Persistence of Memory,The Persistence of Memory,True,False
train,213,The Persistence of Memory,The Persistence of Memory,The Persistence of Memory,The Persistence of Memory,The Persistence of Memory,The Persistence of Memory,True,False
train,215,The Persistence of Memory,The Persistence of Memory,The Persistence of Memory,The Persistence of Memory,The Persistence of Memory,The Persistence of Memory,True,False
train,216,The Persistence of Memory,The Persistence of Memory,The Persistence of Memory,The Persistence of Memory,The Persistence of Memory,The Persistence of Memory,True,False
train,217,The Persistence of Memory,The Persistence of Memory,The Persistence of Memory,The Persistence of Memory,The Persistence of Memory,The Persistence of Memory,True,False
train,218,The Persistence of Memory,The Persistence of Memory,The Persistence of Memory,The Persistence of Memory,The Persistence of Memory,The Persistence of Memory,True,False
train,219,The Persistence of Memory,The Persistence of Memory,The Persistence of Memory,The Persistence of Memory,The Persistence of Memory,The Persistence of Memory,True,False
train,221,The Persistence of Memory,The Persistence of Memory,The Persistence of Memory,The Persistence of Memory,The Persistence of Memory,The Persistence of Memory,True,False
train,1,The Starry Night,The Starry Night,The Persistence of Memory,The Water Lily Pond,The Water Lily Pond,The Water Lily Pond,False,False
train,2,The Starry Night,The Starry Night,The Persistence of Memory,The Starry Night,The Starry Night,The Starry Night,True,False
train,3,The Starry Night,The Starry Night,The Persistence of Memory,The Starry Night,The Starry Night,The Starry Night,True,False
train,4,The Starry Night,The Starry Night,The Persistence of Memory,The Starry Night,The Starry Night,The Starry Night,True,False
train,6,The Starry Night,The Starry Night,The Starry Night,The Starry Night,The Starry Night,The Starry Night,True,False
train,7,The Starry Night,The Starry Night,The Starry Night,The Starry Night,The Starry Night,The Starry Night,True,False
train,8,The Starry Night,The Starry Night,The Starry Night,The Starry Night,The Starry Night,The Starry Night,True,False
train,9,The Starry Night,The Starry Night,The Starry Night,The Starry Night,The Starry Night,The Starry Night,True,False
train,13,The Starry Night,The Starry Night,The Starry Night,The Starry Night,The Starry Night,The Starry Night,True,False
train,14,The Starry Night,The Starry Night,The Starry Night,The Starry Night,The Starry Night,The Starry Night,True,False
train,15,The Starry Night,The Starry Night,The Starry Night,The Starry Night,The Starry Night,The Starry Night,True,False
train,18,The Starry Night,The Starry Night,The Starry Night,The Starry Night,The Starry Night,The Starry Night,True,False
train,19,The Starry Night,The Starry Night,The Starry Night,The Starry Night,The Starry Night,The Starry Night,True,False
train,21,The Starry Night,The Starry Night,The Starry Night,The Starry Night,The Starry Night,The Starry Night,True,False
train,22,The Starry Night,The Starry Night,The Starry Night,The Starry Night,The Starry Night,The Starry Night,True,False
train,23,The Starry Night,The Starry Night,The Starry Night,The Starry Night,The Starry Night,The Starry Night,True,False
train,24,The Starry Night,The Starry Night,The Starry Night,The Starry Night,The Starry Night,The Starry Night,True,False
train,26,The Starry Night,The Starry Night,The Starry Night,The Starry Night,The Starry Night,The Starry Night,True,False
train,29,The Starry Night,The Starry Night,The Starry Night,The Starry Night,The Starry Night,The Starry Night,True,False
train,30,The Starry Night,The Starry Night,The Water Lily Pond,The Starry Night,The Starry Night,The Starry Night,True,False
train,31,The Starry Night,The Starry Night,The Starry Night,The Starry Night,The Starry Night,The Starry Night,True,False
train,32,The Starry Night,The Starry Night,The Water Lily Pond,The Starry Night,The Starry Night,The Starry Night,True,False
train,33,The Starry Night,The Starry Night,The Starry Night,The Starry Night,The Starry Night,The Starry Night,True,False
train,34,The Starry Night,The Starry Night,The Starry Night,The Starry Night,The Starry Night,The Starry Night,True,False
train,35,The Starry Night,The Starry Night,The Starry Night,The Starry Night,The Starry Night,The Starry Night,True,False
train,38,The Starry Night,The Starry Night,The Starry Night,The Starry Night,The Starry Night,The Starry Night,True,False
train,39,The Starry Night,The Starry Night,The Starry Night,The Starry Night,The Starry Night,The Starry Night,True,False
train,40,The Starry Night,The Starry Night,The Starry Night,The Starry Night,The Starry Night,The Starry Night,True,False
train,41,The Starry Night,The Starry Night,The Starry Night,The Starry Night,The Starry Night,The Starry Night,True,False
train,42,The Starry Night,The Starry Night,The Starry Night,The Starry Night,The Starry Night,The Starry Night,True,False
train,43,The Starry Night,The Starry Night,The Starry Night,The Starry Night,The Starry Night,The Starry Night,True,False
train,47,The Starry Night,The Starry Night,The Starry Night,The Starry Night,The Starry Night,The Starry Night,True,False
train,48,The Starry Night,The Starry Night,The Starry Night,The Starry Night,The Starry Night,The Starry Night,True,False
train,49,The Starry Night,The Starry Night,The Starry Night,The Starry Night,The Starry Night,The Starry Night,True,False
train,50,The Starry Night,The Starry Night,The Starry Night,The Starry Night,The Starry Night,The Starry Night,True,False
train,51,The Starry Night,The Starry Night,The Starry Night,The Starry Night,The Starry Night,The Starry Night,True,False
train,52,The Starry Night,The Starry Night,The Water Lily Pond,The Starry Night,The Starry Night,The Starry Night,True,False
train,54,The Starry Night,The Starry Night,The Starry Night,The Starry Night,The Persistence of Memory,The Starry Night,True,False
train,55,The Starry Night,The Starry Night,The Starry Night,The Starry Night,The Starry Night,The Starry Night,True,False
train,56,The Starry Night,The Starry Night,The Starry Night,The Starry Night,The Starry Night,The Starry Night,True,False
train,58,The Starry Night,The Starry Night,The Starry Night,The Starry Night,The Starry Night,The Starry Night,True,False
train,59,The Starry Night,The Starry Night,The Starry Night,The Starry Night,The Starry Night,The Starry Night,True,False
train,60,The Starry Night,The Starry Night,The Starry Night,The Starry Night,The Starry Night,The Starry Night,True,False
train,61,The Starry Night,The Starry Night,The Starry Night,The Starry Night,The Starry Night,The Starry Night,True,False
train,64,The Starry Night,The Starry Night,The Starry Night,The Starry Night,The Starry Night,The Starry Night,True,False
train,65,The Starry Night,The Starry Night,The Starry Night,The Starry Night,The Starry Night,The Starry Night,True,False
train,66,The Starry Night,The Starry Night,The Starry Night,The Starry Night,The Starry Night,The Starry Night,True,False
train,69,The Starry Night,The Starry Night,The Starry Night,The Starry Night,The Starry Night,The Starry Night,True,False
train,70,The Starry Night,The Starry Night,The Starry Night,The Starry Night,The Starry Night,The Starry Night,True,False
train,71,The Starry Night,The Starry Night,The Starry Night,The Starry Night,The Starry Night,The Starry Night,True,False
train,72,The Starry Night,The Starry Night,The Starry Night,The Starry Night,The Starry Night,The Starry Night,True,False
train,73,The Starry Night,The Starry Night,The Starry Night,The Starry Night,The Starry Night,The Starry Night,True,False
train,74,The Starry Night,The Starry Night,The Starry Night,The Starry Night,The Starry Night,The Starry Night,True,False
train,77,The Starry Night,The Starry Night,The Starry Night,The Starry Night,The Starry Night,The Starry Night,True,False
train,78,The Starry Night,The Starry Night,The Persistence of Memory,The Starry Night,The Starry Night,The Starry Night,True,False
train,79,The Starry Night,The Starry Night,The Water Lily Pond,The Starry Night,The Starry Night,The Starry Night,True,False
train,80,The Starry Night,The Starry Night,The Starry Night,The Starry Night,The Water Lily Pond,The Starry Night,True,False
train,81,The Starry Night,The Starry Night,The Starry Night,The Starry Night,The Starry Night,The Starry Night,True,False
train,83,The Starry Night,The Starry Night,The Starry Night,The Starry Night,The Starry Night,The Starry Night,True,False
train,84,The Starry Night,The Starry Night,The Persistence of Memory,The Starry Night,The Starry Night,The Starry Night,True,False
train,85,The Starry Night,The Starry Night,The Starry Night,The Starry Night,The Starry Night,The Starry Night,True,False
train,88,The Starry Night,The Starry Night,The Persistence of Memory,The Starry Night,The Starry Night,The Starry Night,True,False
train,89,The Starry Night,The Starry Night,The Starry Night,The Starry Night,The Starry Night,The Starry Night,True,False
train,91,The Starry Night,The Starry Night,The Starry Night,The Starry Night,The Starry Night,The Starry Night,True,False
train,92,The Starry Night,The Starry Night,The Persistence of Memory,The Starry Night,The Starry Night,The Starry Night,True,False
train,93,The Starry Night,The Starry Night,The Starry Night,The Starry Night,The Starry Night,The Starry Night,True,False
train,94,The Starry Night,The Starry Night,The Starry Night,The Starry Night,The Starry Night,The Starry Night,True,False
train,95,The Starry Night,The Starry Night,The Starry Night,The Starry Night,The Starry Night,The Starry Night,True,False
train,96,The Starry Night,The Starry Night,The Water Lily Pond,The Starry Night,The Starry Night,The Starry Night,True,False
train,98,The Starry Night,The Starry Night,The Starry Night,The Starry Night,The Starry Night,The Starry Night,True,False
train,99,The Starry Night,The Starry Night,The Starry Night,The Starry Night,The Starry Night,The Starry Night,True,False
train,101,The Starry Night,The Starry Night,The Starry Night,The Starry Night,The Starry Night,The Starry Night,True,False
train,102,The Starry Night,The Starry Night,The Starry Night,The Starry Night,The Starry Night,The Starry Night,True,False
train,103,The Starry Night,The Starry Night,The Starry Night,The Starry Night,The Starry Night,The Starry Night,True,False
train,104,The Starry Night,The Starry Night,The Starry Night,The Starry Night,The Starry Night,The Starry Night,True,False
train,106,The Starry Night,The Starry Night,The Starry Night,The Starry Night,The Starry Night,The Starry Night,True,False
train,108,The Starry Night,The Starry Night,The Starry Night,The Starry Night,The Starry Night,The Starry Night,True,False
train,110,The Starry Night,The Starry Night,The Starry Night,The Starry Night,The Starry Night,The Starry Night,True,False
train,111,The Starry Night,The Starry Night,The Starry Night,The Starry Night,The Starry Night,The Starry Night,True,False
train,112,The Starry Night,The Starry Night,The Starry Night,The Starry Night,The Starry Night,The Starry Night,True,False
train,114,The Starry Night,The Starry Night,The Starry Night,The Starry Night,The Starry Night,The Starry Night,True,False
train,116,The Starry Night,The Starry Night,The Starry Night,The Starry Night,The Starry Night,The Starry Night,True,False
train,117,The Starry Night,The Starry Night,The Starry Night,The Starry Night,The Starry Night,The Starry Night,True,False
train,118,The Starry Night,The Starry Night,The Starry Night,The Starry Night,The Starry Night,The Starry Night,True,False
train,119,The Starry Night,The Starry Night,The Starry Night,The Starry Night,The Starry Night,The Starry Night,True,False
train,120,The Starry Night,The Starry Night,The Starry Night,The Starry Night,The Starry Night,The Starry Night,True,False
train,123,The Starry Night,The Starry Night,The Starry Night,The Starry Night,The Starry Night,The Starry Night,True,False
train,125,The Starry Night,The Starry Night,The Starry Night,The Starry Night,The Starry Night,The Starry Night,True,False
train,126,The Starry Night,The Starry Night,The Water Lily Pond,The Starry Night,The Starry Night,The Starry Night,True,False
train,127,The Starry Night,The Starry Night,The Starry Night,The Starry Night,The Starry Night,The Starry Night,True,False
train,128,The Starry Night,The Starry Night,The Persistence of Memory,The Starry Night,The Starry Night,The Starry Night,True,False
train,129,The Starry Night,The Starry Night,The Starry Night,The Starry Night,The Starry Night,The Starry Night,True,False
train,130,The Starry Night,The Starry Night,The Starry Night,The Starry Night,The Starry Night,The Starry Night,True,False
train,131,The Starry Night,The Starry Night,The Starry Night,The Starry Night,The Starry Night,The Starry Night,True,False
train,132,The Starry Night,The Starry Night,The Starry Night,The Starry Night,The Starry Night,The Starry Night,True,False
train,134,The Starry Night,The Starry Night,The Starry Night,The Starry Night,The Starry Night,The Starry Night,True,False
train,135,The Starry Night,The Starry Night,The Starry Night,The Starry Night,The Starry Night,The Starry Night,True,False
train,137,The Starry Night,The Starry Night,The Starry Night,The Starry Night,The Starry Night,The Starry Night,True,False
train,138,The Starry Night,The Starry Night,The Starry Night,The Starry Night,The Starry Night,The Starry Night,True,False
train,140,The Starry Night,The Starry Night,The Starry Night,The Starry Night,The Starry Night,The Starry Night,True,False
train,141,The Starry Night,The Starry Night,The Persistence of Memory,The Starry Night,The Starry Night,The Starry Night,True,False
train,142,The Starry Night,The Starry Night,The Water Lily Pond,The Starry Night,The Starry Night,The Starry Night,True,False
train,143,The Starry Night,The Starry Night,The Starry Night,The Starry Night,The Starry Night,The Starry Night,True,False
train,146,The Starry Night,The Starry Night,The Persistence of Memory,The Starry Night,The Starry Night,The Starry Night,True,False
train,149,The Starry Night,The Starry Night,The Starry Night,The Starry Night,The Starry Night,The Starry Night,True,False
train,150,The Starry Night,The Starry Night,The Starry Night,The Starry Night,The Starry Night,The Starry Night,True,False
train,153,The Starry Night,The Starry Night,The Starry Night,The Starry Night,The Starry Night,The Starry Night,True,False
train,155,The Starry Night,The Starry Night,The Starry Night,The Starry Night,The Starry Night,The Starry Night,True,False
train,158,The Starry Night,The Starry Night,The Starry Night,The Starry Night,The Starry Night,The Starry Night,True,False
train,159,The Starry Night,The Starry Night,The Starry Night,The Starry Night,The Starry Night,The Starry Night,True,False
train,160,The Starry Night,The Starry Night,The Starry Night,The Starry Night,The Starry Night,The Starry Night,True,False
train,161,The Starry Night,The Starry Night,The Starry Night,The Starry Night,The Starry Night,The Starry Night,True,False
train,163,The Starry Night,The Starry Night,The Starry Night,The Starry Night,The Starry Night,The Starry Night,True,False
train,164,The Starry Night,The Starry Night,The Starry Night,The Starry Night,The Starry Night,The Starry Night,True,False
train,165,The Starry Night,The Starry Night,The Water Lily Pond,The Starry Night,The Starry Night,The Starry Night,True,False
train,167,The Starry Night,The Starry Night,The Starry Night,The Starry Night,The Starry Night,The Starry Night,True,False
train,168,The Starry Night,The Starry Night,The Starry Night,The Starry Night,The Starry Night,The Starry Night,True,False
train,169,The Starry Night,The Starry Night,The Starry Night,The Starry Night,The Starry Night,The Starry Night,True,False
train,171,The Starry Night,The Starry Night,The Water Lily Pond,The Starry Night,The Starry Night,The Starry Night,True,False
train,173,The Starry Night,The Starry Night,The Starry Night,The Starry Night,The Starry Night,The Starry Night,True,False
train,174,The Starry Night,The Starry Night,The Starry Night,The Starry Night,The Starry Night,The Starry Night,True,False
train,175,The Starry Night,The Starry Night,The Starry Night,The Starry Night,The Starry Night,The Starry Night,True,False
train,176,The Starry Night,The Starry Night,The Starry Night,The Starry Night,The Starry Night,The Starry Night,True,False
train,178,The Starry Night,The Starry Night,The Water Lily Pond,The Starry Night,The Starry Night,The Starry Night,True,False
train,179,The Starry Night,The Starry Night,The Starry Night,The Starry Night,The Starry Night,The Starry Night,True,False
train,180,The Starry Night,The Starry Night,The Starry Night,The Starry Night,The Starry Night,The Starry Night,True,False
train,181,The Starry Night,The Starry Night,The Starry Night,The Starry Night,The Starry Night,The Starry Night,True,False
train,182,The Starry Night,The Starry Night,The Starry Night,The Starry Night,The Starry Night,The Starry Night,True,False
train,183,The Starry Night,The Starry Night,The Starry Night,The Starry Night,The Starry Night,The Starry Night,True,False
train,184,The Starry Night,The Starry Night,The Starry Night,The Starry Night,The Starry Night,The Starry Night,True,False
train,187,The Starry Night,The Starry Night,The Starry Night,The Starry Night,The Starry Night,The Starry Night,True,False
train,188,The Starry Night,The Starry Night,The Starry Night,The Starry Night,The Starry Night,The Starry Night,True,False
train,190,The Starry Night,The Starry Night,The Starry Night,The Starry Night,The Starry Night,The Starry Night,True,False
train,191,The Starry Night,The Starry Night,The Starry Night,The Starry Night,The Starry Night,The Starry Night,True,False
train,192,The Starry Night,The Starry Night,The Starry Night,The Starry Night,The Starry Night,The Starry Night,True,False
train,193,The Starry Night,The Starry Night,The Persistence of Memory,The Starry Night,The Starry Night,The Starry Night,True,False
train,194,The Starry Night,The Starry Night,The Starry Night,The Starry Night,The Starry Night,The Starry Night,True,False
train,196,The Starry Night,The Starry Night,The Starry Night,The Starry Night,The Starry Night,The Starry Night,True,False
train,197,The Starry Night,The Starry Night,The Persistence of Memory,The Starry Night,The Starry Night,The Starry Night,True,False
train,198,The Starry Night,The Starry Night,The Starry Night,The Starry Night,The Starry Night,The Starry Night,True,False
train,199,The Starry Night,The Starry Night,The Starry Night,The Starry Night,The Starry Night,The Starry Night,True,False
train,200,The Starry Night,The Starry Night,The Persistence of Memory,The Starry Night,The Starry Night,The Starry Night,True,False
train,201,The Starry Night,The Starry Night,The Starry Night,The Starry Night,The Starry Night,The Starry Night,True,False
train,204,The Starry Night,The Starry Night,The Starry Night,The Starry Night,The Starry Night,The Starry Night,True,False
train,207,The Starry Night,The Starry Night,The Starry Night,The Starry Night,The Starry Night,The Starry Night,True,False
train,208,The Starry Night,The Starry Night,The Starry Night,The Starry Night,The Starry Night,The Starry Night,True,False
train,209,The Starry Night,The Starry Night,The Starry Night,The Starry Night,The Starry Night,The Starry Night,True,False
train,211,The Starry Night,The Starry Night,The Starry Night,The Starry Night,The Starry Night,The Starry Night,True,False
train,212,The Starry Night,The Starry Night,The Starry Night,The Starry Night,The Starry Night,The Starry Night,True,False
train,213,The Starry Night,The Starry Night,The Starry Night,The Starry Night,The Starry Night,The Starry Night,True,False
train,215,The Starry Night,The Starry Night,The Water Lily Pond,The Starry Night,The Starry Night,The Starry Night,True,False
train,216,The Starry Night,The Starry Night,The Persistence of Memory,The Starry Night,The Starry Night,The Starry Night,True,False
train,217,The Starry Night,The Starry Night,The Starry Night,The Starry Night,The Starry Night,The Starry Night,True,False
train,218,The Starry Night,The Starry Night,The Starry Night,The Starry Night,The Starry Night,The Starry Night,True,False
train,219,The Starry Night,The Starry Night,The Starry Night,The Starry Night,The Starry Night,The Starry Night,True,False
train,221,The Starry Night,The Starry Night,The Starry Night,The Starry Night,The Starry Night,The Starry Night,True,False
train,1,The Water Lily Pond,The Water Lily Pond,The Starry Night,The Water Lily Pond,The Water Lily Pond,The Water Lily Pond,True,False
train,2,The Water Lily Pond,The Water Lily Pond,The Persistence of Memory,The Water Lily Pond,The Water Lily Pond,The Water Lily Pond,True,False
train,3,The Water Lily Pond,The Water Lily Pond,The Water Lily Pond,The Water Lily Pond,The Water Lily Pond,The Water Lily Pond,True,False
train,4,The Water Lily Pond,The Water Lily Pond,The Persistence of Memory,The Water Lily Pond,The Water Lily Pond,The Water Lily Pond,True,False
train,6,The Water Lily Pond,The Water Lily Pond,The Water Lily Pond,The Water Lily Pond,The Water Lily Pond,The Water Lily Pond,True,False
train,7,The Water Lily Pond,The Water Lily Pond,The Starry Night,The Water Lily Pond,The Water Lily Pond,The Water Lily Pond,True,False
train,8,The Water Lily Pond,The Water Lily Pond,The Water Lily Pond,The Water Lily Pond,The Water Lily Pond,The Water Lily Pond,True,False
train,9,The Water Lily Pond,The Water Lily Pond,The Water Lily Pond,The Water Lily Pond,The Water Lily Pond,The Water Lily Pond,True,False
train,13,The Water Lily Pond,The Water Lily Pond,The Water Lily Pond,The Water Lily Pond,The Water Lily Pond,The Water Lily Pond,True,False
train,14,The Water Lily Pond,The Water Lily Pond,The Water Lily Pond,The Water Lily Pond,The Water Lily Pond,The Water Lily Pond,True,False
train,15,The Water Lily Pond,The Water Lily Pond,The Water Lily Pond,The Water Lily Pond,The Water Lily Pond,The Water Lily Pond,True,False
train,18,The Water Lily Pond,The Water Lily Pond,The Water Lily Pond,The Water Lily Pond,The Water Lily Pond,The Water Lily Pond,True,False
train,19,The Water Lily Pond,The Water Lily Pond,The Water Lily Pond,The Water Lily Pond,The Water Lily Pond,The Water Lily Pond,True,False
train,21,The Water Lily Pond,The Water Lily Pond,The Water Lily Pond,The Water Lily Pond,The Water Lily Pond,The Water Lily Pond,True,False
train,22,The Water Lily Pond,The Water Lily Pond,The Water Lily Pond,The Water Lily Pond,The Water Lily Pond,The Water Lily Pond,True,False
train,23,The Water Lily Pond,The Water Lily Pond,The Water Lily Pond,The Water Lily Pond,The Water Lily Pond,The Water Lily Pond,True,False
train,24,The Water Lily Pond,The Water Lily Pond,The Starry Night,The Water Lily Pond,The Water Lily Pond,The Water Lily Pond,True,False
train,26,The Water Lily Pond,The Water Lily Pond,The Water Lily Pond,The Water Lily Pond,The Water Lily Pond,The Water Lily Pond,True,False
train,29,The Water Lily Pond,The Water Lily Pond,The Water Lily Pond,The Water Lily Pond,The Water Lily Pond,The Water Lily Pond,True,False
train,30,The Water Lily Pond,The Water Lily Pond,The Water Lily Pond,The Water Lily Pond,The Water Lily Pond,The Water Lily Pond,True,False
train,31,The Water Lily Pond,The Water Lily Pond,The Water Lily Pond,The Water Lily Pond,The Water Lily Pond,The Water Lily Pond,True,False
train,32,The Water Lily Pond,The Water Lily Pond,The Water Lily Pond,The Water Lily Pond,The Water Lily Pond,The Water Lily Pond,True,False
train,33,The Water Lily Pond,The Water Lily Pond,The Water Lily Pond,The Water Lily Pond,The Water Lily Pond,The Water Lily Pond,True,False
train,34,The Water Lily Pond,The Water Lily Pond,The Water Lily Pond,The Water Lily Pond,The Water Lily Pond,The Water Lily Pond,True,False
train,35,The Water Lily Pond,The Water Lily Pond,The Water Lily Pond,The Water Lily Pond,The Water Lily Pond,The Water Lily Pond,True,False
train,38,The Water Lily Pond,The Water Lily Pond,The Water Lily Pond,The Water Lily Pond,The Water Lily Pond,The Water Lily Pond,True,False
train,39,The Water Lily Pond,The Water Lily Pond,The Water Lily Pond,The Water Lily Pond,The Water Lily Pond,The Water Lily Pond,True,False
train,40,The Water Lily Pond,The Water Lily Pond,The Water Lily Pond,The Water Lily Pond,The Water Lily Pond,The Water Lily Pond,True,False
train,41,The Water Lily Pond,The Water Lily Pond,The Water Lily Pond,The Water Lily Pond,The Water Lily Pond,The Water Lily Pond,True,False
train,42,The Water Lily Pond,The Water Lily Pond,The Water Lily Pond,The Water Lily Pond,The Water Lily Pond,The Water Lily Pond,True,False
train,43,The Water Lily Pond,The Water Lily Pond,The Water Lily Pond,The Water Lily Pond,The Water Lily Pond,The Water Lily Pond,True,False
train,47,The Water Lily Pond,The Water Lily Pond,The Water Lily Pond,The Water Lily Pond,The Water Lily Pond,The Water Lily Pond,True,False
train,48,The Water Lily Pond,The Water Lily Pond,The Water Lily Pond,The Water Lily Pond,The Water Lily Pond,The Water Lily Pond,True,False
train,49,The Water Lily Pond,The Water Lily Pond,The Water Lily Pond,The Water Lily Pond,The Water Lily Pond,The Water Lily Pond,True,False
train,50,The Water Lily Pond,The Water Lily Pond,The Water Lily Pond,The Water Lily Pond,The Water Lily Pond,The Water Lily Pond,True,False
train,51,The Water Lily Pond,The Water Lily Pond,The Water Lily Pond,The Water Lily Pond,The Water Lily Pond,The Water Lily Pond,True,False
train,52,The Water Lily Pond,The Water Lily Pond,The Persistence of Memory,The Water Lily Pond,The Water Lily Pond,The Water Lily Pond,True,False
train,54,The Water Lily Pond,The Water Lily Pond,The Water Lily Pond,The Water Lily Pond,The Starry Night,The Water Lily Pond,True,False
train,55,The Water Lily Pond,The Water Lily Pond,The Water Lily Pond,The Water Lily Pond,The Water Lily Pond,The Water Lily Pond,True,False
train,56,The Water Lily Pond,The Water Lily Pond,The Water Lily Pond,The Water Lily Pond,The Water Lily Pond,The Water Lily Pond,True,False
train,58,The Water Lily Pond,The Water Lily Pond,The Water Lily Pond,The Water Lily Pond,The Water Lily Pond,The Water Lily Pond,True,False
train,59,The Water Lily Pond,The Water Lily Pond,The Water Lily Pond,The Water Lily Pond,The Water Lily Pond,The Water Lily Pond,True,False
train,60,The Water Lily Pond,The Water Lily Pond,The Water Lily Pond,The Water Lily Pond,The Water Lily Pond,The Water Lily Pond,True,False
train,61,The Water Lily Pond,The Water Lily Pond,The Water Lily Pond,The Water Lily Pond,The Water Lily Pond,The Water Lily Pond,True,False
train,64,The Water Lily Pond,The Water Lily Pond,The Water Lily Pond,The Water Lily Pond,The Water Lily Pond,The Water Lily Pond,True,False
train,65,The Water Lily Pond,The Water Lily Pond,The Water Lily Pond,The Water Lily Pond,The Water Lily Pond,The Water Lily Pond,True,False
train,66,The Water Lily Pond,The Water Lily Pond,The Water Lily Pond,The Water Lily Pond,The Water Lily Pond,The Water Lily Pond,True,False
train,69,The Water Lily Pond,The Water Lily Pond,The Water Lily Pond,The Water Lily Pond,The Water Lily Pond,The Water Lily Pond,True,False
train,70,The Water Lily Pond,The Water Lily Pond,The Water Lily Pond,The Water Lily Pond,The Water Lily Pond,The Water Lily Pond,True,False
train,71,The Water Lily Pond,The Water Lily Pond,The Water Lily Pond,The Water Lily Pond,The Water Lily Pond,The Water Lily Pond,True,False
train,72,The Water Lily Pond,The Water Lily Pond,The Water Lily Pond,The Water Lily Pond,The Water Lily Pond,The Water Lily Pond,True,False
train,73,The Water Lily Pond,The Water Lily Pond,The Water Lily Pond,The Water Lily Pond,The Water Lily Pond,The Water Lily Pond,True,False
train,74,The Water Lily Pond,The Water Lily Pond,The Water Lily Pond,The Water Lily Pond,The Water Lily Pond,The Water Lily Pond,True,False
train,77,The Water Lily Pond,The Water Lily Pond,The Starry Night,The Water Lily Pond,The Water Lily Pond,The Water Lily Pond,True,False
train,78,The Water Lily Pond,The Water Lily Pond,The Water Lily Pond,The Water Lily Pond,The Water Lily Pond,The Water Lily Pond,True,False
train,79,The Water Lily Pond,The Water Lily Pond,The Water Lily Pond,The Water Lily Pond,The Water Lily Pond,The Water Lily Pond,True,False
train,80,The Water Lily Pond,The Water Lily Pond,The Water Lily Pond,The Water Lily Pond,The Water Lily Pond,The Water Lily Pond,True,False
train,81,The Water Lily Pond,The Water Lily Pond,The Water Lily Pond,The Water Lily Pond,The Water Lily Pond,The Water Lily Pond,True,False
train,83,The Water Lily Pond,The Water Lily Pond,The Water Lily Pond,The Water Lily Pond,The Water Lily Pond,The Water Lily Pond,True,False
train,84,The Water Lily Pond,The Water Lily Pond,The Water Lily Pond,The Water Lily Pond,The Water Lily Pond,The Water Lily Pond,True,False
train,85,The Water Lily Pond,The Water Lily Pond,The Water Lily Pond,The Water Lily Pond,The Water Lily Pond,The Water Lily Pond,True,False
train,88,The Water Lily Pond,The Water Lily Pond,The Water Lily Pond,The Water Lily Pond,The Water Lily Pond,The Water Lily Pond,True,False
train,89,The Water Lily Pond,The Water Lily Pond,The Water Lily Pond,The Water Lily Pond,The Water Lily Pond,The Water Lily Pond,True,False
train,91,The Water Lily Pond,The Water Lily Pond,The Water Lily Pond,The Water Lily Pond,The Water Lily Pond,The Water Lily Pond,True,False
train,92,The Water Lily Pond,The Water Lily Pond,The Water Lily Pond,The Water Lily Pond,The Water Lily Pond,The Water Lily Pond,True,False
train,93,The Water Lily Pond,The Water Lily Pond,The Water Lily Pond,The Water Lily Pond,The Water Lily Pond,The Water Lily Pond,True,False
train,94,The Water Lily Pond,The Water Lily Pond,The Water Lily Pond,The Water Lily Pond,The Water Lily Pond,The Water Lily Pond,True,False
train,95,The Water Lily Pond,The Water Lily Pond,The Water Lily Pond,The Water Lily Pond,The Water Lily Pond,The Water Lily Pond,True,False
train,96,The Water Lily Pond,The Water Lily Pond,The Water Lily Pond,The Water Lily Pond,The Water Lily Pond,The Water Lily Pond,True,False
train,98,The Water Lily Pond,The Water Lily Pond,The Water Lily Pond,The Water Lily Pond,The Water Lily Pond,The Water Lily Pond,True,False
train,99,The Water Lily Pond,The Water Lily Pond,The Water Lily Pond,The Water Lily Pond,The Water Lily Pond,The Water Lily Pond,True,False
train,101,The Water Lily Pond,The Water Lily Pond,The Water Lily Pond,The Water Lily Pond,The Water Lily Pond,The Water Lily Pond,True,False
train,102,The Water Lily Pond,The Water Lily Pond,The Water Lily Pond,The Water Lily Pond,The Water Lily Pond,The Water Lily Pond,True,False
train,103,The Water Lily Pond,The Water Lily Pond,The Water Lily Pond,The Water Lily Pond,The Water Lily Pond,The Water Lily Pond,True,False
train,104,The Water Lily Pond,The Water Lily Pond,The Water Lily Pond,The Water Lily Pond,The Water Lily Pond,The Water Lily Pond,True,False
train,106,The Water Lily Pond,The Water Lily Pond,The Water Lily Pond,The Water Lily Pond,The Water Lily Pond,The Water Lily Pond,True,False
train,108,The Water Lily Pond,The Water Lily Pond,The Water Lily Pond,The Water Lily Pond,The Water Lily Pond,The Water Lily Pond,True,False
train,110,The Water Lily Pond,The Water Lily Pond,The Water Lily Pond,The Water Lily Pond,The Water Lily Pond,The Water Lily Pond,True,False
train,111,The Water Lily Pond,The Water Lily Pond,The Water Lily Pond,The Water Lily Pond,The Water Lily Pond,The Water Lily Pond,True,False
train,112,The Water Lily Pond,The Water Lily Pond,The Water Lily Pond,The Water Lily Pond,The Water Lily Pond,The Water Lily Pond,True,False
train,114,The Water Lily Pond,The Water Lily Pond,The Water Lily Pond,The Water Lily Pond,The Water Lily Pond,The Water Lily Pond,True,False
train,116,The Water Lily Pond,The Water Lily Pond,The Water Lily Pond,The Water Lily Pond,The Water Lily Pond,The Water Lily Pond,True,False
train,117,The Water Lily Pond,The Water Lily Pond,The Water Lily Pond,The Water Lily Pond,The Water Lily Pond,The Water Lily Pond,True,False
train,118,The Water Lily Pond,The Water Lily Pond,The Water Lily Pond,The Water Lily Pond,The Water Lily Pond,The Water Lily Pond,True,False
train,119,The Water Lily Pond,The Water Lily Pond,The Water Lily Pond,The Water Lily Pond,The Water Lily Pond,The Water Lily Pond,True,False
train,120,The Water Lily Pond,The Water Lily Pond,The Water Lily Pond,The Water Lily Pond,The Water Lily Pond,The Water Lily Pond,True,False
train,123,The Water Lily Pond,The Water Lily Pond,The Water Lily Pond,The Water Lily Pond,The Water Lily Pond,The Water Lily Pond,True,False
train,125,The Water Lily Pond,The Water Lily Pond,The Water Lily Pond,The Water Lily Pond,The Water Lily Pond,The Water Lily Pond,True,False
train,126,The Water Lily Pond,The Water Lily Pond,The Starry Night,The Water Lily Pond,The Water Lily Pond,The Water Lily Pond,True,False
train,127,The Water Lily Pond,The Water Lily Pond,The Water Lily Pond,The Water Lily Pond,The Water Lily Pond,The Water Lily Pond,True,False
train,128,The Water Lily Pond,The Water Lily Pond,The Water Lily Pond,The Water Lily Pond,The Water Lily Pond,The Water Lily Pond,True,False
train,129,The Water Lily Pond,The Water Lily Pond,The Water Lily Pond,The Water Lily Pond,The Water Lily Pond,The Water Lily Pond,True,False
train,130,The Water Lily Pond,The Water Lily Pond,The Water Lily Pond,The Water Lily Pond,The Water Lily Pond,The Water Lily Pond,True,False
train,131,The Water Lily Pond,The Water Lily Pond,The Water Lily Pond,The Water Lily Pond,The Water Lily Pond,The Water Lily Pond,True,False
train,132,The Water Lily Pond,The Water Lily Pond,The Water Lily Pond,The Water Lily Pond,The Water Lily Pond,The Water Lily Pond,True,False
train,134,The Water Lily Pond,The Water Lily Pond,The Water Lily Pond,The Water Lily Pond,The Water Lily Pond,The Water Lily Pond,True,False
train,135,The Water Lily Pond,The Water Lily Pond,The Water Lily Pond,The Water Lily Pond,The Water Lily Pond,The Water Lily Pond,True,False
train,137,The Water Lily Pond,The Water Lily Pond,The Water Lily Pond,The Water Lily Pond,The Water Lily Pond,The Water Lily Pond,True,False
train,138,The Water Lily Pond,The Water Lily Pond,The Water Lily Pond,The Water Lily Pond,The Water Lily Pond,The Water Lily Pond,True,False
train,140,The Water Lily Pond,The Water Lily Pond,The Water Lily Pond,The Water Lily Pond,The Water Lily Pond,The Water Lily Pond,True,False
train,141,The Water Lily Pond,The Water Lily Pond,The Water Lily Pond,The Water Lily Pond,The Water Lily Pond,The Water Lily Pond,True,False
train,142,The Water Lily Pond,The Water Lily Pond,The Water Lily Pond,The Water Lily Pond,The Water Lily Pond,The Water Lily Pond,True,False
train,143,The Water Lily Pond,The Water Lily Pond,The Water Lily Pond,The Water Lily Pond,The Water Lily Pond,The Water Lily Pond,True,False
train,146,The Water Lily Pond,The Water Lily Pond,The Water Lily Pond,The Water Lily Pond,The Water Lily Pond,The Water Lily Pond,True,False
train,149,The Water Lily Pond,The Water Lily Pond,The Water Lily Pond,The Water Lily Pond,The Water Lily Pond,The Water Lily Pond,True,False
train,150,The Water Lily Pond,The Water Lily Pond,The Water Lily Pond,The Water Lily Pond,The Water Lily Pond,The Water Lily Pond,True,False
train,153,The Water Lily Pond,The Water Lily Pond,The Water Lily Pond,The Water Lily Pond,The Water Lily Pond,The Water Lily Pond,True,False
train,155,The Water Lily Pond,The Water Lily Pond,The Water Lily Pond,The Water Lily Pond,The Water Lily Pond,The Water Lily Pond,True,False
train,158,The Water Lily Pond,The Water Lily Pond,The Water Lily Pond,The Water Lily Pond,The Water Lily Pond,The Water Lily Pond,True,False
train,159,The Water Lily Pond,The Water Lily Pond,The Water Lily Pond,The Water Lily Pond,The Water Lily Pond,The Water Lily Pond,True,False
train,160,The Water Lily Pond,The Water Lily Pond,The Water Lily Pond,The Water Lily Pond,The Water Lily Pond,The Water Lily Pond,True,False
train,161,The Water Lily Pond,The Water Lily Pond,The Water Lily Pond,The Water Lily Pond,The Water Lily Pond,The Water Lily Pond,True,False
train,163,The Water Lily Pond,The Water Lily Pond,The Water Lily Pond,The Water Lily Pond,The Water Lily Pond,The Water Lily Pond,True,False
train,164,The Water Lily Pond,The Water Lily Pond,The Water Lily Pond,The Water Lily Pond,The Water Lily Pond,The Water Lily Pond,True,False
train,165,The Water Lily Pond,The Water Lily Pond,The Water Lily Pond,The Water Lily Pond,The Water Lily Pond,The Water Lily Pond,True,False
train,167,The Water Lily Pond,The Water Lily Pond,The Water Lily Pond,The Water Lily Pond,The Water Lily Pond,The Water Lily Pond,True,False
train,168,The Water Lily Pond,The Water Lily Pond,The Water Lily Pond,The Water Lily Pond,The Water Lily Pond,The Water Lily Pond,True,False
train,169,The Water Lily Pond,The Water Lily Pond,The Water Lily Pond,The Water Lily Pond,The Water Lily Pond,The Water Lily Pond,True,False
train,171,The Water Lily Pond,The Water Lily Pond,The Water Lily Pond,The Water Lily Pond,The Water Lily Pond,The Water Lily Pond,True,False
train,173,The Water Lily Pond,The Water Lily Pond,The Water Lily Pond,The Water Lily Pond,The Water Lily Pond,The Water Lily Pond,True,False
train,174,The Water Lily Pond,The Water Lily Pond,The Water Lily Pond,The Water Lily Pond,The Water Lily Pond,The Water Lily Pond,True,False
train,175,The Water Lily Pond,The Water Lily Pond,The Water Lily Pond,The Water Lily Pond,The Water Lily Pond,The Water Lily Pond,True,False
train,176,The Water Lily Pond,The Water Lily Pond,The Water Lily Pond,The Water Lily Pond,The Water Lily Pond,The Water Lily Pond,True,False
train,178,The Water Lily Pond,The Water Lily Pond,The Water Lily Pond,The Water Lily Pond,The Water Lily Pond,The Water Lily Pond,True,False
train,179,The Water Lily Pond,The Water Lily Pond,The Water Lily Pond,The Water Lily Pond,The Water Lily Pond,The Water Lily Pond,True,False
train,180,The Water Lily Pond,The Water Lily Pond,The Water Lily Pond,The Water Lily Pond,The Water Lily Pond,The Water Lily Pond,True,False
train,181,The Water Lily Pond,The Water Lily Pond,The Water Lily Pond,The Water Lily Pond,The Water Lily Pond,The Water Lily Pond,True,False
train,182,The Water Lily Pond,The Water Lily Pond,The Water Lily Pond,The Water Lily Pond,The Water Lily Pond,The Water Lily Pond,True,False
train,183,The Water Lily Pond,The Water Lily Pond,The Water Lily Pond,The Water Lily Pond,The Water Lily Pond,The Water Lily Pond,True,False
train,184,The Water Lily Pond,The Water Lily Pond,The Water Lily Pond,The Water Lily Pond,The Water Lily Pond,The Water Lily Pond,True,False
train,187,The Water Lily Pond,The Water Lily Pond,The Water Lily Pond,The Water Lily Pond,The Water Lily Pond,The Water Lily Pond,True,False
train,188,The Water Lily Pond,The Water Lily Pond,The Water Lily Pond,The Water Lily Pond,The Water Lily Pond,The Water Lily Pond,True,False
train,190,The Water Lily Pond,The Water Lily Pond,The Water Lily Pond,The Water Lily Pond,The Water Lily Pond,The Water Lily Pond,True,False
train,191,The Water Lily Pond,The Water Lily Pond,The Water Lily Pond,The Water Lily Pond,The Water Lily Pond,The Water Lily Pond,True,False
train,192,The Water Lily Pond,The Water Lily Pond,The Water Lily Pond,The Water Lily Pond,The Water Lily Pond,The Water Lily Pond,True,False
train,193,The Water Lily Pond,The Water Lily Pond,The Water Lily Pond,The Water Lily Pond,The Water Lily Pond,The Water Lily Pond,True,False
train,194,The Water Lily Pond,The Water Lily Pond,The Water Lily Pond,The Water Lily Pond,The Water Lily Pond,The Water Lily Pond,True,False
train,196,The Water Lily Pond,The Water Lily Pond,The Water Lily Pond,The Water Lily Pond,The Water Lily Pond,The Water Lily Pond,True,False
train,197,The Water Lily Pond,The Water Lily Pond,The Water Lily Pond,The Water Lily Pond,The Water Lily Pond,The Water Lily Pond,True,False
train,198,The Water Lily Pond,The Water Lily Pond,The Water Lily Pond,The Water Lily Pond,The Water Lily Pond,The Water Lily Pond,True,False
train,199,The Water Lily Pond,The Water Lily Pond,The Water Lily Pond,The Water Lily Pond,The Water Lily Pond,The Water Lily Pond,True,False
train,200,The Water Lily Pond,The Water Lily Pond,The Water Lily Pond,The Water Lily Pond,The Water Lily Pond,The Water Lily Pond,True,False
train,201,The Water Lily Pond,The Water Lily Pond,The Water Lily Pond,The Water Lily Pond,The Water Lily Pond,The Water Lily Pond,True,False
train,204,The Water Lily Pond,The Water Lily Pond,The Water Lily Pond,The Water Lily Pond,The Water Lily Pond,The Water Lily Pond,True,False
train,207,The Water Lily Pond,The Water Lily Pond,The Water Lily Pond,The Water Lily Pond,The Water Lily Pond,The Water Lily Pond,True,False
train,208,The Water Lily Pond,The Water Lily Pond,The Water Lily Pond,The Water Lily Pond,The Water Lily Pond,The Water Lily Pond,True,False
train,209,The Water Lily Pond,The Water Lily Pond,The Water Lily Pond,The Water Lily Pond,The Water Lily Pond,The Water Lily Pond,True,False
train,211,The Water Lily Pond,The Water Lily Pond,The Water Lily Pond,The Water Lily Pond,The Water Lily Pond,The Water Lily Pond,True,False
train,212,The Water Lily Pond,The Water Lily Pond,The Water Lily Pond,The Water Lily Pond,The Water Lily Pond,The Water Lily Pond,True,False
train,213,The Water Lily Pond,The Water Lily Pond,The Water Lily Pond,The Water Lily Pond,The Water Lily Pond,The Water Lily Pond,True,False
train,215,The Water Lily Pond,The Water Lily Pond,The Water Lily Pond,The Water Lily Pond,The Water Lily Pond,The Water Lily Pond,True,False
train,216,The Water Lily Pond,The Water Lily Pond,The Water Lily Pond,The Water Lily Pond,The Water Lily Pond,The Water Lily Pond,True,False
train,217,The Water Lily Pond,The Water Lily Pond,The Water Lily Pond,The Water Lily Pond,The Water Lily Pond,The Water Lily Pond,True,False
train,218,The Water Lily Pond,The Water Lily Pond,The Water Lily Pond,The Water Lily Pond,The Water Lily Pond,The Water Lily Pond,True,False
train,219,The Water Lily Pond,The Water Lily Pond,The Water Lily Pond,The Water Lily Pond,The Water Lily Pond,The Water Lily Pond,True,False
train,221,The Water Lily Pond,The Water Lily Pond,The Water Lily Pond,The Water Lily Pond,The Water Lily Pond,The Water Lily Pond,True,False
train,222,The Persistence of Memory,The Persistence of Memory,The Persistence of Memory,The Water Lily Pond,The Water Lily Pond,The Water Lily Pond,False,False
train,223,The Persistence of Memory,The Persistence of Memory,The Persistence of Memory,The Water Lily Pond,The Water Lily Pond,The Water Lily Pond,False,False
train,224,The Persistence of Memory,The Persistence of Memory,The Persistence of Memory,The Water Lily Pond,The Water Lily Pond,The Water Lily Pond,False,False
train,225,The Persistence of Memory,The Persistence of Memory,The Persistence of Memory,The Persistence of Memory,The Persistence of Memory,The Persistence of Memory,True,False
train,226,The Persistence of Memory,The Persistence of Memory,The Persistence of Memory,The Water Lily Pond,The Water Lily Pond,The Water Lily Pond,False,False
train,227,The Persistence of Memory,The Persistence of Memory,The Persistence of Memory,The Water Lily Pond,The Water Lily Pond,The Water Lily Pond,False,False
train,228,The Persistence of Memory,The Persistence of Memory,The Persistence of Memory,The Persistence of Memory,The Persistence of Memory,The Persistence of Memory,True,False
train,231,The Persistence of Memory,The Persistence of Memory,The Persistence of Memory,The Persistence of Memory,The Persistence of Memory,The Persistence of Memory,True,False
train,232,The Persistence of Memory,The Persistence of Memory,The Persistence of Memory,The Persistence of Memory,The Persistence of Memory,The Persistence of Memory,True,False
train,235,The Persistence of Memory,The Persistence of Memory,The Persistence of Memory,The Persistence of Memory,The Persistence of Memory,The Persistence of Memory,True,False
train,236,The Persistence of Memory,The Persistence of Memory,The Persistence of Memory,The Persistence of Memory,The Persistence of Memory,The Persistence of Memory,True,False
train,237,The Persistence of Memory,The Persistence of Memory,The Water Lily Pond,The Persistence of Memory,The Persistence of Memory,The Persistence of Memory,True,False
train,238,The Persistence of Memory,The Persistence of Memory,The Persistence of Memory,The Persistence of Memory,The Persistence of Memory,The Persistence of Memory,True,False
train,239,The Persistence of Memory,The Persistence of Memory,The Persistence of Memory,The Persistence of Memory,The Persistence of Memory,The Persistence of Memory,True,False
train,241,The Persistence of Memory,The Persistence of Memory,The Persistence of Memory,The Persistence of Memory,The Persistence of Memory,The Persistence of Memory,True,False
train,242,The Persistence of Memory,The Persistence of Memory,The Persistence of Memory,The Persistence of Memory,The Persistence of Memory,The Persistence of Memory,True,False
train,243,The Persistence of Memory,The Persistence of Memory,The Persistence of Memory,The Persistence of Memory,The Persistence of Memory,The Persistence of Memory,True,False
train,244,The Persistence of Memory,The Persistence of Memory,The Persistence of Memory,The Persistence of Memory,The Persistence of Memory,The Persistence of Memory,True,False
train,246,The Persistence of Memory,The Persistence of Memory,The Persistence of Memory,The Persistence of Memory,The Persistence of Memory,The Persistence of Memory,True,False
train,247,The Persistence of Memory,The Persistence of Memory,The Persistence of Memory,The Persistence of Memory,The Persistence of Memory,The Persistence of Memory,True,False
train,248,The Persistence of Memory,The Persistence of Memory,The Persistence of Memory,The Persistence of Memory,The Persistence of Memory,The Persistence of Memory,True,False
train,249,The Persistence of Memory,The Persistence of Memory,The Persistence of Memory,The Persistence of Memory,The Persistence of Memory,The Persistence of Memory,True,False
train,250,The Persistence of Memory,The Persistence of Memory,The Persistence of Memory,The Persistence of Memory,The Persistence of Memory,The Persistence of Memory,True,False
train,252,The Persistence of Memory,The Persistence of Memory,The Persistence of Memory,The Persistence of Memory,The Persistence of Memory,The Persistence of Memory,True,False
train,253,The Persistence of Memory,The Persistence of Memory,The Persistence of Memory,The Water Lily Pond,The Water Lily Pond,The Water Lily Pond,False,False
train,254,The Persistence of Memory,The Persistence of Memory,The Persistence of Memory,The Persistence of Memory,The Persistence of Memory,The Persistence of Memory,True,False
train,256,The Persistence of Memory,The Persistence of Memory,The Persistence of Memory,The Water Lily Pond,The Water Lily Pond,The Water Lily Pond,False,False
train,259,The Persistence of Memory,The Persistence of Memory,The Persistence of Memory,The Persistence of Memory,The Persistence of Memory,The Persistence of Memory,True,False
train,260,The Persistence of Memory,The Persistence of Memory,The Persistence of Memory,The Persistence of Memory,The Persistence of Memory,The Persistence of Memory,True,False
train,261,The Persistence of Memory,The Persistence of Memory,The Persistence of Memory,The Water Lily Pond,The Water Lily Pond,The Water Lily Pond,False,False
train,264,The Persistence of Memory,The Persistence of Memory,The Persistence of Memory,The Water Lily Pond,The Water Lily Pond,The Water Lily Pond,False,False
train,266,The Persistence of Memory,The Persistence of Memory,The Persistence of Memory,The Persistence of Memory,The Persistence of Memory,The Persistence of Memory,True,False
train,267,The Persistence of Memory,The Persistence of Memory,The Persistence of Memory,The Water Lily Pond,The Water Lily Pond,The Water Lily Pond,False,False
train,272,The Persistence of Memory,The Persistence of Memory,The Persistence of Memory,The Persistence of Memory,The Persistence of Memory,The Persistence of Memory,True,False
train,273,The Persistence of Memory,The Persistence of Memory,The Persistence of Memory,The Persistence of Memory,The Persistence of Memory,The Persistence of Memory,True,False
train,274,The Persistence of Memory,The Persistence of Memory,The Persistence of Memory,The Persistence of Memory,The Persistence of Memory,The Persistence of Memory,True,False
train,276,The Persistence of Memory,The Persistence of Memory,The Persistence of Memory,The Persistence of Memory,The Persistence of Memory,The Persistence of Memory,True,False
train,277,The Persistence of Memory,The Persistence of Memory,The Persistence of Memory,The Persistence of Memory,The Persistence of Memory,The Persistence of Memory,True,False
train,278,The Persistence of Memory,The Persistence of Memory,The Persistence of Memory,The Persistence of Memory,The Persistence of Memory,The Persistence of Memory,True,False
train,281,The Persistence of Memory,The Persistence of Memory,The Persistence of Memory,The Persistence of Memory,The Persistence of Memory,The Persistence of Memory,True,False
train,282,The Persistence of Memory,The Persistence of Memory,The Persistence of Memory,The Persistence of Memory,The Persistence of Memory,The Persistence of Memory,True,False
train,283,The Persistence of Memory,The Persistence of Memory,The Persistence of Memory,The Persistence of Memory,The Persistence of Memory,The Persistence of Memory,True,False
train,284,The Persistence of Memory,The Persistence of Memory,The Persistence of Memory,The Persistence of Memory,The Persistence of Memory,The Persistence of Memory,True,False
train,285,The Persistence of Memory,The Persistence of Memory,The Persistence of Memory,The Persistence of Memory,The Persistence of Memory,The Persistence of Memory,True,False
train,286,The Persistence of Memory,The Persistence of Memory,The Persistence of Memory,The Persistence of Memory,The Persistence of Memory,The Persistence of Memory,True,False
train,287,The Persistence of Memory,The Persistence of Memory,The Persistence of Memory,The Persistence of Memory,The Persistence of Memory,The Persistence of Memory,True,False
train,289,The Persistence of Memory,The Persistence of Memory,The Persistence of Memory,The Persistence of Memory,The Water Lily Pond,The Persistence of Memory,True,False
train,290,The Persistence of Memory,The Persistence of Memory,The Persistence of Memory,The Persistence of Memory,The Persistence of Memory,The Persistence of Memory,True,False
train,291,The Persistence of Memory,The Persistence of Memory,The Persistence of Memory,The Persistence of Memory,The Persistence of Memory,The Persistence of Memory,True,False
train,292,The Persistence of Memory,The Persistence of Memory,The Persistence of Memory,The Persistence of Memory,The Persistence of Memory,The Persistence of Memory,True,False
train,294,The Persistence of Memory,The Persistence of Memory,The Persistence of Memory,The Persistence of Memory,The Persistence of Memory,The Persistence of Memory,True,False
train,295,The Persistence of Memory,The Persistence of Memory,The Persistence of Memory,The Persistence of Memory,The Persistence of Memory,The Persistence of Memory,True,False
train,296,The Persistence of Memory,The Persistence of Memory,The Persistence of Memory,The Persistence of Memory,The Persistence of Memory,The Persistence of Memory,True,False
train,298,The Persistence of Memory,The Persistence of Memory,The Persistence of Memory,The Persistence of Memory,The Persistence of Memory,The Persistence of Memory,True,False
train,299,The Persistence of Memory,The Persistence of Memory,The Persistence of Memory,The Persistence of Memory,The Persistence of Memory,The Persistence of Memory,True,False
train,300,The Persistence of Memory,The Persistence of Memory,The Persistence of Memory,The Persistence of Memory,The Persistence of Memory,The Persistence of Memory,True,False
train,301,The Persistence of Memory,The Persistence of Memory,The Persistence of Memory,The Persistence of Memory,The Persistence of Memory,The Persistence of Memory,True,False
train,302,The Persistence of Memory,The Persistence of Memory,The Water Lily Pond,The Persistence of Memory,The Persistence of Memory,The Persistence of Memory,True,False
train,303,The Persistence of Memory,The Persistence of Memory,The Persistence of Memory,The Persistence of Memory,The Persistence of Memory,The Persistence of Memory,True,False
train,304,The Persistence of Memory,The Persistence of Memory,The Persistence of Memory,The Persistence of Memory,The Persistence of Memory,The Persistence of Memory,True,False
train,305,The Persistence of Memory,The Persistence of Memory,The Persistence of Memory,The Persistence of Memory,The Persistence of Memory,The Persistence of Memory,True,False
train,307,The Persistence of Memory,The Persistence of Memory,The Persistence of Memory,The Persistence of Memory,The Persistence of Memory,The Persistence of Memory,True,False
train,308,The Persistence of Memory,The Persistence of Memory,The Persistence of Memory,The Persistence of Memory,The Persistence of Memory,The Persistence of Memory,True,False
train,309,The Persistence of Memory,The Persistence of Memory,The Persistence of Memory,The Persistence of Memory,The Persistence of Memory,The Persistence of Memory,True,False
train,310,The Persistence of Memory,The Persistence of Memory,The Persistence of Memory,The Persistence of Memory,The Persistence of Memory,The Persistence of Memory,True,False
train,312,The Persistence of Memory,The Persistence of Memory,The Persistence of Memory,The Persistence of Memory,The Persistence of Memory,The Persistence of Memory,True,False
train,314,The Persistence of Memory,The Persistence of Memory,The Persistence of Memory,The Persistence of Memory,The Persistence of Memory,The Persistence of Memory,True,False
train,319,The Persistence of Memory,The Persistence of Memory,The Persistence of Memory,The Persistence of Memory,The Persistence of Memory,The Persistence of Memory,True,False
train,320,The Persistence of Memory,The Persistence of Memory,The Persistence of Memory,The Persistence of Memory,The Persistence of Memory,The Persistence of Memory,True,False
train,321,The Persistence of Memory,The Persistence of Memory,The Persistence of Memory,The Persistence of Memory,The Persistence of Memory,The Persistence of Memory,True,False
train,322,The Persistence of Memory,The Persistence of Memory,The Persistence of Memory,The Persistence of Memory,The Persistence of Memory,The Persistence of Memory,True,False
train,323,The Persistence of Memory,The Persistence of Memory,The Persistence of Memory,The Persistence of Memory,The Persistence of Memory,The Persistence of Memory,True,False
train,324,The Persistence of Memory,The Persistence of Memory,The Persistence of Memory,The Persistence of Memory,The Persistence of Memory,The Persistence of Memory,True,False
train,326,The Persistence of Memory,The Persistence of Memory,The Persistence of Memory,The Persistence of Memory,The Persistence of Memory,The Persistence of Memory,True,False
train,327,The Persistence of Memory,The Persistence of Memory,The Persistence of Memory,The Persistence of Memory,The Persistence of Memory,The Persistence of Memory,True,False
train,328,The Persistence of Memory,The Persistence of Memory,The Persistence of Memory,The Persistence of Memory,The Persistence of Memory,The Persistence of Memory,True,False
train,330,The Persistence of Memory,The Persistence of Memory,The Persistence of Memory,The Persistence of Memory,The Persistence of Memory,The Persistence of Memory,True,False
train,331,The Persistence of Memory,The Persistence of Memory,The Persistence of Memory,The Persistence of Memory,The Persistence of Memory,The Persistence of Memory,True,False
train,332,The Persistence of Memory,The Persistence of Memory,The Persistence of Memory,The Persistence of Memory,The Persistence of Memory,The Persistence of Memory,True,False
train,333,The Persistence of Memory,The Persistence of Memory,The Persistence of Memory,The Persistence of Memory,The Persistence of Memory,The Persistence of Memory,True,False
train,334,The Persistence of Memory,The Persistence of Memory,The Persistence of Memory,The Persistence of Memory,The Persistence of Memory,The Persistence of Memory,True,False
train,335,The Persistence of Memory,The Persistence of Memory,The Persistence of Memory,The Persistence of Memory,The Persistence of Memory,The Persistence of Memory,True,False
train,336,The Persistence of Memory,The Persistence of Memory,The Persistence of Memory,The Persistence of Memory,The Persistence of Memory,The Persistence of Memory,True,False
train,337,The Persistence of Memory,The Persistence of Memory,The Persistence of Memory,The Persistence of Memory,The Persistence of Memory,The Persistence of Memory,True,False
train,338,The Persistence of Memory,The Persistence of Memory,The Persistence of Memory,The Persistence of Memory,The Persistence of Memory,The Persistence of Memory,True,False
train,339,The Persistence of Memory,The Persistence of Memory,The Persistence of Memory,The Persistence of Memory,The Persistence of Memory,The Persistence of Memory,True,False
train,340,The Persistence of Memory,The Persistence of Memory,The Persistence of Memory,The Persistence of Memory,The Persistence of Memory,The Persistence of Memory,True,False
train,341,The Persistence of Memory,The Persistence of Memory,The Persistence of Memory,The Persistence of Memory,The Persistence of Memory,The Persistence of Memory,True,False
train,342,The Persistence of Memory,The Persistence of Memory,The Persistence of Memory,The Persistence of Memory,The Persistence of Memory,The Persistence of Memory,True,False
train,343,The Persistence of Memory,The Persistence of Memory,The Persistence of Memory,The Persistence of Memory,The Persistence of Memory,The Persistence of Memory,True,False
train,344,The Persistence of Memory,The Persistence of Memory,The Persistence of Memory,The Persistence of Memory,The Persistence of Memory,The Persistence of Memory,True,False
train,345,The Persistence of Memory,The Persistence of Memory,The Persistence of Memory,The Persistence of Memory,The Persistence of Memory,The Persistence of Memory,True,False
train,346,The Persistence of Memory,The Persistence of Memory,The Persistence of Memory,The Persistence of Memory,The Persistence of Memory,The Persistence of Memory,True,False
train,347,The Persistence of Memory,The Persistence of Memory,The Persistence of Memory,The Persistence of Memory,The Persistence of Memory,The Persistence of Memory,True,False
train,348,The Persistence of Memory,The Persistence of Memory,The Persistence of Memory,The Persistence of Memory,The Persistence of Memory,The Persistence of Memory,True,False
train,350,The Persistence of Memory,The Persistence of Memory,The Persistence of Memory,The Persistence of Memory,The Persistence of Memory,The Persistence of Memory,True,False
train,352,The Persistence of Memory,The Persistence of Memory,The Persistence of Memory,The Persistence of Memory,The Persistence of Memory,The Persistence of Memory,True,False
train,354,The Persistence of Memory,The Persistence of Memory,The Persistence of Memory,The Persistence of Memory,The Persistence of Memory,The Persistence of Memory,True,False
train,355,The Persistence of Memory,The Persistence of Memory,The Persistence of Memory,The Persistence of Memory,The Persistence of Memory,The Persistence of Memory,True,False
train,356,The Persistence of Memory,The Persistence of Memory,The Persistence of Memory,The Persistence of Memory,The Persistence of Memory,The Persistence of Memory,True,False
train,357,The Persistence of Memory,The Persistence of Memory,The Persistence of Memory,The Persistence of Memory,The Persistence of Memory,The Persistence of Memory,True,False
train,359,The Persistence of Memory,The Persistence of Memory,The Persistence of Memory,The Persistence of Memory,The Persistence of Memory,The Persistence of Memory,True,False
train,360,The Persistence of Memory,The Persistence of Memory,The Persistence of Memory,The Persistence of Memory,The Persistence of Memory,The Persistence of Memory,True,False
train,361,The Persistence of Memory,The Persistence of Memory,The Persistence of Memory,The Persistence of Memory,The Persistence of Memory,The Persistence of Memory,True,False
train,362,The Persistence of Memory,The Persistence of Memory,The Starry Night,The Persistence of Memory,The Persistence of Memory,The Persistence of Memory,True,False
train,363,The Persistence of Memory,The Persistence of Memory,The Persistence of Memory,The Persistence of Memory,The Persistence of Memory,The Persistence of Memory,True,False
train,367,The Persistence of Memory,The Persistence of Memory,The Persistence of Memory,The Persistence of Memory,The Persistence of Memory,The Persistence of Memory,True,False
train,369,The Persistence of Memory,The Persistence of Memory,The Persistence of Memory,The Persistence of Memory,The Persistence of Memory,The Persistence of Memory,True,False
train,371,The Persistence of Memory,The Persistence of Memory,The Persistence of Memory,The Persistence of Memory,The Persistence of Memory,The Persistence of Memory,True,False
train,374,The Persistence of Memory,The Persistence of Memory,The Persistence of Memory,The Persistence of Memory,The Persistence of Memory,The Persistence of Memory,True,False
train,375,The Persistence of Memory,The Persistence of Memory,The Persistence of Memory,The Persistence of Memory,The Persistence of Memory,The Persistence of Memory,True,False
train,378,The Persistence of Memory,The Persistence of Memory,The Persistence of Memory,The Persistence of Memory,The Persistence of Memory,The Persistence of Memory,True,False
train,379,The Persistence of Memory,The Persistence of Memory,The Persistence of Memory,The Persistence of Memory,The Persistence of Memory,The Persistence of Memory,True,False
train,380,The Persistence of Memory,The Persistence of Memory,The Persistence of Memory,The Persistence of Memory,The Persistence of Memory,The Persistence of Memory,True,False
train,385,The Persistence of Memory,The Persistence of Memory,The Persistence of Memory,The Persistence of Memory,The Persistence of Memory,The Persistence of Memory,True,False
train,386,The Persistence of Memory,The Persistence of Memory,The Persistence of Memory,The Persistence of Memory,The Persistence of Memory,The Persistence of Memory,True,False
train,387,The Persistence of Memory,The Persistence of Memory,The Persistence of Memory,The Persistence of Memory,The Persistence of Memory,The Persistence of Memory,True,False
train,388,The Persistence of Memory,The Persistence of Memory,The Persistence of Memory,The Persistence of Memory,The Persistence of Memory,The Persistence of Memory,True,False
train,389,The Persistence of Memory,The Persistence of Memory,The Water Lily Pond,The Persistence of Memory,The Persistence of Memory,The Persistence of Memory,True,False
train,391,The Persistence of Memory,The Persistence of Memory,The Persistence of Memory,The Persistence of Memory,The Persistence of Memory,The Persistence of Memory,True,False
train,392,The Persistence of Memory,The Persistence of Memory,The Persistence of Memory,The Persistence of Memory,The Persistence of Memory,The Persistence of Memory,True,False
train,393,The Persistence of Memory,The Persistence of Memory,The Persistence of Memory,The Persistence of Memory,The Persistence of Memory,The Persistence of Memory,True,False
train,394,The Persistence of Memory,The Persistence of Memory,The Persistence of Memory,The Persistence of Memory,The Persistence of Memory,The Persistence of Memory,True,False
train,395,The Persistence of Memory,The Persistence of Memory,The Persistence of Memory,The Persistence of Memory,The Persistence of Memory,The Persistence of Memory,True,False
train,396,The Persistence of Memory,The Persistence of Memory,The Persistence of Memory,The Persistence of Memory,The Persistence of Memory,The Persistence of Memory,True,False
train,397,The Persistence of Memory,The Persistence of Memory,The Persistence of Memory,The Persistence of Memory,The Persistence of Memory,The Persistence of Memory,True,False
train,398,The Persistence of Memory,The Persistence of Memory,The Persistence of Memory,The Persistence of Memory,The Persistence of Memory,The Persistence of Memory,True,False
train,400,The Persistence of Memory,The Persistence of Memory,The Persistence of Memory,The Persistence of Memory,The Persistence of Memory,The Persistence of Memory,True,False
train,401,The Persistence of Memory,The Persistence of Memory,The Persistence of Memory,The Persistence of Memory,The Persistence of Memory,The Persistence of Memory,True,False
train,402,The Persistence of Memory,The Persistence of Memory,The Persistence of Memory,The Persistence of Memory,The Persistence of Memory,The Persistence of Memory,True,False
train,403,The Persistence of Memory,The Persistence of Memory,The Persistence of Memory,The Persistence of Memory,The Persistence of Memory,The Persistence of Memory,True,False
train,405,The Persistence of Memory,The Persistence of Memory,The Persistence of Memory,The Persistence of Memory,The Persistence of Memory,The Persistence of Memory,True,False
train,407,The Persistence of Memory,The Persistence of Memory,The Persistence of Memory,The Persistence of Memory,The Persistence of Memory,The Persistence of Memory,True,False
train,408,The Persistence of Memory,The Persistence of Memory,The Starry Night,The Persistence of Memory,The Persistence of Memory,The Persistence of Memory,True,False
train,409,The Persistence of Memory,The Persistence of Memory,The Persistence of Memory,The Persistence of Memory,The Persistence of Memory,The Persistence of Memory,True,False
train,410,The Persistence of Memory,The Persistence of Memory,The Persistence of Memory,The Persistence of Memory,The Persistence of Memory,The Persistence of Memory,True,False
train,411,The Persistence of Memory,The Persistence of Memory,The Persistence of Memory,The Persistence of Memory,The Persistence of Memory,The Persistence of Memory,True,False
train,413,The Persistence of Memory,The Persistence of Memory,The Persistence of Memory,The Persistence of Memory,The Persistence of Memory,The Persistence of Memory,True,False
train,414,The Persistence of Memory,The Persistence of Memory,The Persistence of Memory,The Persistence of Memory,The Persistence of Memory,The Persistence of Memory,True,False
train,415,The Persistence of Memory,The Persistence of Memory,The Persistence of Memory,The Persistence of Memory,The Persistence of Memory,The Persistence of Memory,True,False
train,416,The Persistence of Memory,The Persistence of Memory,The Persistence of Memory,The Persistence of Memory,The Persistence of Memory,The Persistence of Memory,True,False
train,417,The Persistence of Memory,The Persistence of Memory,The Persistence of Memory,The Persistence of Memory,The Persistence of Memory,The Persistence of Memory,True,False
train,418,The Persistence of Memory,The Persistence of Memory,The Persistence of Memory,The Persistence of Memory,The Persistence of Memory,The Persistence of Memory,True,False
train,420,The Persistence of Memory,The Persistence of Memory,The Persistence of Memory,The Persistence of Memory,The Persistence of Memory,The Persistence of Memory,True,False
train,424,The Persistence of Memory,The Persistence of Memory,The Persistence of Memory,The Persistence of Memory,The Persistence of Memory,The Persistence of Memory,True,False
train,425,The Persistence of Memory,The Persistence of Memory,The Persistence of Memory,The Persistence of Memory,The Persistence of Memory,The Persistence of Memory,True,False
train,428,The Persistence of Memory,The Persistence of Memory,The Starry Night,The Persistence of Memory,The Persistence of Memory,The Persistence of Memory,True,False
train,431,The Persistence of Memory,The Persistence of Memory,The Persistence of Memory,The Persistence of Memory,The Persistence of Memory,The Persistence of Memory,True,False
train,432,The Persistence of Memory,The Persistence of Memory,The Persistence of Memory,The Persistence of Memory,The Persistence of Memory,The Persistence of Memory,True,False
train,434,The Persistence of Memory,The Persistence of Memory,The Persistence of Memory,The Persistence of Memory,The Persistence of Memory,The Persistence of Memory,True,False
train,435,The Persistence of Memory,The Persistence of Memory,The Persistence of Memory,The Persistence of Memory,The Persistence of Memory,The Persistence of Memory,True,False
train,436,The Persistence of Memory,The Persistence of Memory,The Persistence of Memory,The Persistence of Memory,The Persistence of Memory,The Persistence of Memory,True,False
train,438,The Persistence of Memory,The Persistence of Memory,The Persistence of Memory,The Persistence of Memory,The Persistence of Memory,The Persistence of Memory,True,False
train,439,The Persistence of Memory,The Persistence of Memory,The Persistence of Memory,The Persistence of Memory,The Persistence of Memory,The Persistence of Memory,True,False
train,440,The Persistence of Memory,The Persistence of Memory,The Persistence of Memory,The Persistence of Memory,The Persistence of Memory,The Persistence of Memory,True,False
train,442,The Persistence of Memory,The Persistence of Memory,The Persistence of Memory,The Persistence of Memory,The Persistence of Memory,The Persistence of Memory,True,False
train,444,The Persistence of Memory,The Persistence of Memory,The Persistence of Memory,The Persistence of Memory,The Persistence of Memory,The Persistence of Memory,True,False
train,445,The Persistence of Memory,The Persistence of Memory,The Persistence of Memory,The Persistence of Memory,The Persistence of Memory,The Persistence of Memory,True,False
train,447,The Persistence of Memory,The Persistence of Memory,The Persistence of Memory,The Persistence of Memory,The Persistence of Memory,The Persistence of Memory,True,False
train,449,The Persistence of Memory,The Persistence of Memory,The Persistence of Memory,The Persistence of Memory,The Persistence of Memory,The Persistence of Memory,True,False
train,450,The Persistence of Memory,The Persistence of Memory,The Persistence of Memory,The Persistence of Memory,The Persistence of Memory,The Persistence of Memory,True,False
train,451,The Persistence of Memory,The Persistence of Memory,The Persistence of Memory,The Persistence of Memory,The Persistence of Memory,The Persistence of Memory,True,False
train,452,The Persistence of Memory,The Persistence of Memory,The Water Lily Pond,The Persistence of Memory,The Persistence of Memory,The Persistence of Memory,True,False
train,454,The Persistence of Memory,The Persistence of Memory,The Persistence of Memory,The Persistence of Memory,The Persistence of Memory,The Persistence of Memory,True,False
train,456,The Persistence of Memory,The Persistence of Memory,The Persistence of Memory,The Persistence of Memory,The Persistence of Memory,The Persistence of Memory,True,False
train,457,The Persistence of Memory,The Persistence of Memory,The Persistence of Memory,The Persistence of Memory,The Persistence of Memory,The Persistence of Memory,True,False
train,459,The Persistence of Memory,The Persistence of Memory,The Persistence of Memory,The Persistence of Memory,The Persistence of Memory,The Persistence of Memory,True,False
train,460,The Persistence of Memory,The Persistence of Memory,The Persistence of Memory,The Persistence of Memory,The Persistence of Memory,The Persistence of Memory,True,False
train,462,The Persistence of Memory,The Persistence of Memory,The Persistence of Memory,The Persistence of Memory,The Persistence of Memory,The Persistence of Memory,True,False
train,463,The Persistence of Memory,The Persistence of Memory,The Persistence of Memory,The Persistence of Memory,The Persistence of Memory,The Persistence of Memory,True,False
train,464,The Persistence of Memory,The Persistence of Memory,The Persistence of Memory,The Persistence of Memory,The Persistence of Memory,The Persistence of Memory,True,False
train,465,The Persistence of Memory,The Persistence of Memory,The Persistence of Memory,The Persistence of Memory,The Persistence of Memory,The Persistence of Memory,True,False
train,469,The Persistence of Memory,The Persistence of Memory,The Persistence of Memory,The Persistence of Memory,The Persistence of Memory,The Persistence of Memory,True,False
train,471,The Persistence of Memory,The Persistence of Memory,The Persistence of Memory,The Persistence of Memory,The Persistence of Memory,The Persistence of Memory,True,False
train,473,The Persistence of Memory,The Persistence of Memory,The Persistence of Memory,The Persistence of Memory,The Persistence of Memory,The Persistence of Memory,True,False
train,474,The Persistence of Memory,The Persistence of Memory,The Persistence of Memory,The Persistence of Memory,The Persistence of Memory,The Persistence of Memory,True,False
train,476,The Persistence of Memory,The Persistence of Memory,The Persistence of Memory,The Persistence of Memory,The Persistence of Memory,The Persistence of Memory,True,False
train,477,The Persistence of Memory,The Persistence of Memory,The Persistence of Memory,The Persistence of Memory,The Persistence of Memory,The Persistence of Memory,True,False
train,478,The Persistence of Memory,The Persistence of Memory,The Persistence of Memory,The Persistence of Memory,The Persistence of Memory,The Persistence of Memory,True,False
train,479,The Persistence of Memory,The Persistence of Memory,The Persistence of Memory,The Persistence of Memory,The Persistence of Memory,The Persistence of Memory,True,False
train,480,The Persistence of Memory,The Persistence of Memory,The Persistence of Memory,The Persistence of Memory,The Persistence of Memory,The Persistence of Memory,True,False
train,481,The Persistence of Memory,The Persistence of Memory,The Persistence of Memory,The Persistence of Memory,The Persistence of Memory,The Persistence of Memory,True,False
train,482,The Persistence of Memory,The Persistence of Memory,The Persistence of Memory,The Persistence of Memory,The Persistence of Memory,The Persistence of Memory,True,False
train,483,The Persistence of Memory,The Persistence of Memory,The Persistence of Memory,The Persistence of Memory,The Persistence of Memory,The Persistence of Memory,True,False
train,484,The Persistence of Memory,The Persistence of Memory,The Persistence of Memory,The Persistence of Memory,The Persistence of Memory,The Persistence of Memory,True,False
train,485,The Persistence of Memory,The Persistence of Memory,The Persistence of Memory,The Persistence of Memory,The Persistence of Memory,The Persistence of Memory,True,False
train,486,The Persistence of Memory,The Persistence of Memory,The Persistence of Memory,The Persistence of Memory,The Persistence of Memory,The Persistence of Memory,True,False
train,491,The Persistence of Memory,The Persistence of Memory,The Persistence of Memory,The Persistence of Memory,The Persistence of Memory,The Persistence of Memory,True,False
train,492,The Persistence of Memory,The Persistence of Memory,The Persistence of Memory,The Persistence of Memory,The Persistence of Memory,The Persistence of Memory,True,False
train,493,The Persistence of Memory,The Persistence of Memory,The Persistence of Memory,The Persistence of Memory,The Persistence of Memory,The Persistence of Memory,True,False
train,494,The Persistence of Memory,The Persistence of Memory,The Persistence of Memory,The Persistence of Memory,The Persistence of Memory,The Persistence of Memory,True,False
train,495,The Persistence of Memory,The Persistence of Memory,The Persistence of Memory,The Persistence of Memory,The Persistence of Memory,The Persistence of Memory,True,False
train,498,The Persistence of Memory,The Persistence of Memory,The Persistence of Memory,The Persistence of Memory,The Persistence of Memory,The Persistence of Memory,True,False
train,499,The Persistence of Memory,The Persistence of Memory,The Persistence of Memory,The Persistence of Memory,The Persistence of Memory,The Persistence of Memory,True,False
train,501,The Persistence of Memory,The Persistence of Memory,The Persistence of Memory,The Persistence of Memory,The Persistence of Memory,The Persistence of Memory,True,False
train,502,The Persistence of Memory,The Persistence of Memory,The Persistence of Memory,The Persistence of Memory,The Persistence of Memory,The Persistence of Memory,True,False
train,504,The Persistence of Memory,The Persistence of Memory,The Persistence of Memory,The Persistence of Memory,The Persistence of Memory,The Persistence of Memory,True,False
train,505,The Persistence of Memory,The Persistence of Memory,The Persistence of Memory,The Persistence of Memory,The Persistence of Memory,The Persistence of Memory,True,False
train,506,The Persistence of Memory,The Persistence of Memory,The Persistence of Memory,The Persistence of Memory,The Persistence of Memory,The Persistence of Memory,True,False
train,507,The Persistence of Memory,The Persistence of Memory,The Persistence of Memory,The Persistence of Memory,The Persistence of Memory,The Persistence of Memory,True,False
train,508,The Persistence of Memory,The Persistence of Memory,The Persistence of Memory,The Persistence of Memory,The Persistence of Memory,The Persistence of Memory,True,False
train,511,The Persistence of Memory,The Persistence of Memory,The Persistence of Memory,The Persistence of Memory,The Persistence of Memory,The Persistence of Memory,True,False
train,513,The Persistence of Memory,The Persistence of Memory,The Persistence of Memory,The Persistence of Memory,The Persistence of Memory,The Persistence of Memory,True,False
train,514,The Persistence of Memory,The Persistence of Memory,The Persistence of Memory,The Persistence of Memory,The Persistence of Memory,The Persistence of Memory,True,False
train,515,The Persistence of Memory,The Persistence of Memory,The Persistence of Memory,The Persistence of Memory,The Persistence of Memory,The Persistence of Memory,True,False
train,516,The Persistence of Memory,The Persistence of Memory,The Persistence of Memory,The Persistence of Memory,The Persistence of Memory,The Persistence of Memory,True,False
train,518,The Persistence of Memory,The Persistence of Memory,The Persistence of Memory,The Persistence of Memory,The Persistence of Memory,The Persistence of Memory,True,False
train,519,The Persistence of Memory,The Persistence of Memory,The Persistence of Memory,The Persistence of Memory,The Persistence of Memory,The Persistence of Memory,True,False
train,521,The Persistence of Memory,The Persistence of Memory,The Persistence of Memory,The Persistence of Memory,The Persistence of Memory,The Persistence of Memory,True,False
train,522,The Persistence of Memory,The Persistence of Memory,The Persistence of Memory,The Persistence of Memory,The Persistence of Memory,The Persistence of Memory,True,False
train,523,The Persistence of Memory,The Persistence of Memory,The Persistence of Memory,The Persistence of Memory,The Persistence of Memory,The Persistence of Memory,True,False
train,525,The Persistence of Memory,The Persistence of Memory,The Persistence of Memory,The Persistence of Memory,The Persistence of Memory,The Persistence of Memory,True,False
train,527,The Persistence of Memory,The Persistence of Memory,The Persistence of Memory,The Persistence of Memory,The Persistence of Memory,The Persistence of Memory,True,False
train,528,The Persistence of Memory,The Persistence of Memory,The Persistence of Memory,The Persistence of Memory,The Persistence of Memory,The Persistence of Memory,True,False
train,529,The Persistence of Memory,The Persistence of Memory,The Persistence of Memory,The Persistence of Memory,The Persistence of Memory,The Persistence of Memory,True,False
train,533,The Persistence of Memory,The Persistence of Memory,The Persistence of Memory,The Persistence of Memory,The Persistence of Memory,The Persistence of Memory,True,False
train,534,The Persistence of Memory,The Persistence of Memory,The Persistence of Memory,The Persistence of Memory,The Persistence of Memory,The Persistence of Memory,True,False
train,535,The Persistence of Memory,The Persistence of Memory,The Persistence of Memory,The Persistence of Memory,The Persistence of Memory,The Persistence of Memory,True,False
train,536,The Persistence of Memory,The Persistence of Memory,The Persistence of Memory,The Persistence of Memory,The Persistence of Memory,The Persistence of Memory,True,False
train,537,The Persistence of Memory,The Persistence of Memory,The Persistence of Memory,The Persistence of Memory,The Persistence of Memory,The Persistence of Memory,True,False
train,539,The Persistence of Memory,The Persistence of Memory,The Persistence of Memory,The Persistence of Memory,The Persistence of Memory,The Persistence of Memory,True,False
train,540,The Persistence of Memory,The Persistence of Memory,The Persistence of Memory,The Persistence of Memory,The Persistence of Memory,The Persistence of Memory,True,False
train,543,The Persistence of Memory,The Persistence of Memory,The Persistence of Memory,The Persistence of Memory,The Persistence of Memory,The Persistence of Memory,True,False
train,544,The Persistence of Memory,The Persistence of Memory,The Persistence of Memory,The Persistence of Memory,The Persistence of Memory,The Persistence of Memory,True,False
train,545,The Persistence of Memory,The Persistence of Memory,The Persistence of Memory,The Persistence of Memory,The Persistence of Memory,The Persistence of Memory,True,False
train,546,The Persistence of Memory,The Persistence of Memory,The Persistence of Memory,The Persistence of Memory,The Persistence of Memory,The Persistence of Memory,True,False
train,547,The Persistence of Memory,The Persistence of Memory,The Persistence of Memory,The Persistence of Memory,The Persistence of Memory,The Persistence of Memory,True,False
train,548,The Persistence of Memory,The Persistence of Memory,The Persistence of Memory,The Persistence of Memory,The Persistence of Memory,The Persistence of Memory,True,False
train,550,The Persistence of Memory,The Persistence of Memory,The Persistence of Memory,The Persistence of Memory,The Persistence of Memory,The Persistence of Memory,True,False
train,551,The Persistence of Memory,The Persistence of Memory,The Persistence of Memory,The Persistence of Memory,The Persistence of Memory,The Persistence of Memory,True,False
train,552,The Persistence of Memory,The Persistence of Memory,The Persistence of Memory,The Persistence of Memory,The Persistence of Memory,The Persistence of Memory,True,False
train,553,The Persistence of Memory,The Persistence of Memory,The Persistence of Memory,The Persistence of Memory,The Persistence of Memory,The Persistence of Memory,True,False
train,554,The Persistence of Memory,The Persistence of Memory,The Persistence of Memory,The Persistence of Memory,The Persistence of Memory,The Persistence of Memory,True,False
train,557,The Persistence of Memory,The Persistence of Memory,The Persistence of Memory,The Persistence of Memory,The Persistence of Memory,The Persistence of Memory,True,False
train,558,The Persistence of Memory,The Persistence of Memory,The Persistence of Memory,The Persistence of Memory,The Persistence of Memory,The Persistence of Memory,True,False
train,561,The Persistence of Memory,The Persistence of Memory,The Persistence of Memory,The Persistence of Memory,The Persistence of Memory,The Persistence of Memory,True,False
train,562,The Persistence of Memory,The Persistence of Memory,The Persistence of Memory,The Persistence of Memory,The Persistence of Memory,The Persistence of Memory,True,False
train,222,The Starry Night,The Starry Night,The Persistence of Memory,The Water Lily Pond,The Water Lily Pond,The Water Lily Pond,False,False
train,223,The Starry Night,The Starry Night,The Persistence of Memory,The Water Lily Pond,The Water Lily Pond,The Water Lily Pond,False,False
train,224,The Starry Night,The Starry Night,The Persistence of Memory,The Water Lily Pond,The Water Lily Pond,The Water Lily Pond,False,False
train,225,The Starry Night,The Starry Night,The Persistence of Memory,The Starry Night,The Starry Night,The Starry Night,True,False
train,226,The Starry Night,The Starry Night,The Persistence of Memory,The Water Lily Pond,The Water Lily Pond,The Water Lily Pond,False,False
train,227,The Starry Night,The Starry Night,The Persistence of Memory,The Water Lily Pond,The Water Lily Pond,The Water Lily Pond,False,False
train,228,The Starry Night,The Starry Night,The Starry Night,The Starry Night,The Starry Night,The Starry Night,True,False
train,231,The Starry Night,The Starry Night,The Starry Night,The Starry Night,The Starry Night,The Starry Night,True,False
train,232,The Starry Night,The Starry Night,The Starry Night,The Starry Night,The Starry Night,The Starry Night,True,False
train,235,The Starry Night,The Starry Night,The Starry Night,The Starry Night,The Starry Night,The Starry Night,True,False
train,236,The Starry Night,The Starry Night,The Starry Night,The Starry Night,The Starry Night,The Starry Night,True,False
train,237,The Starry Night,The Starry Night,The Starry Night,The Starry Night,The Starry Night,The Starry Night,True,False
train,238,The Starry Night,The Starry Night,The Starry Night,The Starry Night,The Starry Night,The Starry Night,True,False
train,239,The Starry Night,The Starry Night,The Starry Night,The Starry Night,The Starry Night,The Starry Night,True,False
train,241,The Starry Night,The Starry Night,The Starry Night,The Starry Night,The Starry Night,The Starry Night,True,False
train,242,The Starry Night,The Starry Night,The Starry Night,The Starry Night,The Starry Night,The Starry Night,True,False
train,243,The Starry Night,The Starry Night,The Starry Night,The Starry Night,The Starry Night,The Starry Night,True,False
train,244,The Starry Night,The Starry Night,The Starry Night,The Starry Night,The Starry Night,The Starry Night,True,False
train,246,The Starry Night,The Starry Night,The Starry Night,The Starry Night,The Starry Night,The Starry Night,True,False
train,247,The Starry Night,The Starry Night,The Starry Night,The Starry Night,The Starry Night,The Starry Night,True,False
train,248,The Starry Night,The Starry Night,The Starry Night,The Starry Night,The Starry Night,The Starry Night,True,False
train,249,The Starry Night,The Starry Night,The Starry Night,The Starry Night,The Starry Night,The Starry Night,True,False
train,250,The Starry Night,The Starry Night,The Starry Night,The Starry Night,The Starry Night,The Starry Night,True,False
train,252,The Starry Night,The Starry Night,The Persistence of Memory,The Water Lily Pond,The Water Lily Pond,The Water Lily Pond,False,False
train,253,The Starry Night,The Starry Night,The Persistence of Memory,The Water Lily Pond,The Water Lily Pond,The Water Lily Pond,False,False
train,254,The Starry Night,The Starry Night,The Persistence of Memory,The Water Lily Pond,The Water Lily Pond,The Water Lily Pond,False,False
train,256,The Starry Night,The Starry Night,The Persistence of Memory,The Starry Night,The Starry Night,The Starry Night,True,False
train,259,The Starry Night,The Starry Night,The Persistence of Memory,The Water Lily Pond,The Water Lily Pond,The Water Lily Pond,False,False
train,260,The Starry Night,The Starry Night,The Persistence of Memory,The Starry Night,The Starry Night,The Starry Night,True,False
train,261,The Starry Night,The Starry Night,The Persistence of Memory,The Water Lily Pond,The Water Lily Pond,The Water Lily Pond,False,False
train,264,The Starry Night,The Starry Night,The Persistence of Memory,The Water Lily Pond,The Water Lily Pond,The Water Lily Pond,False,False
train,266,The Starry Night,The Starry Night,The Persistence of Memory,The Water Lily Pond,The Water Lily Pond,The Water Lily Pond,False,False
train,267,The Starry Night,The Starry Night,The Persistence of Memory,The Water Lily Pond,The Water Lily Pond,The Water Lily Pond,False,False
train,272,The Starry Night,The Starry Night,The Persistence of Memory,The Starry Night,The Starry Night,The Starry Night,True,False
train,273,The Starry Night,The Starry Night,The Starry Night,The Starry Night,The Starry Night,The Starry Night,True,False
train,274,The Starry Night,The Starry Night,The Starry Night,The Starry Night,The Starry Night,The Starry Night,True,False
train,276,The Starry Night,The Starry Night,The Water Lily Pond,The Starry Night,The Starry Night,The Starry Night,True,False
train,277,The Starry Night,The Starry Night,The Starry Night,The Starry Night,The Starry Night,The Starry Night,True,False
train,278,The Starry Night,The Starry Night,The Starry Night,The Starry Night,The Starry Night,The Starry Night,True,False
train,281,The Starry Night,The Starry Night,The Starry Night,The Starry Night,The Starry Night,The Starry Night,True,False
train,282,The Starry Night,The Starry Night,The Water Lily Pond,The Starry Night,The Starry Night,The Starry Night,True,False
train,283,The Starry Night,The Starry Night,The Starry Night,The Starry Night,The Starry Night,The Starry Night,True,False
train,284,The Starry Night,The Starry Night,The Starry Night,The Starry Night,The Starry Night,The Starry Night,True,False
train,285,The Starry Night,The Starry Night,The Persistence of Memory,The Starry Night,The Starry Night,The Starry Night,True,False
train,286,The Starry Night,The Starry Night,The Starry Night,The Starry Night,The Starry Night,The Starry Night,True,False
train,287,The Starry Night,The Starry Night,The Water Lily Pond,The Starry Night,The Starry Night,The Starry Night,True,False
train,289,The Starry Night,The Starry Night,The Starry Night,The Starry Night,The Starry Night,The Starry Night,True,False
train,290,The Starry Night,The Starry Night,The Water Lily Pond,The Starry Night,The Starry Night,The Starry Night,True,False
train,291,The Starry Night,The Starry Night,The Starry Night,The Starry Night,The Starry Night,The Starry Night,True,False
train,292,The Starry Night,The Starry Night,The Starry Night,The Starry Night,The Starry Night,The Starry Night,True,False
train,294,The Starry Night,The Starry Night,The Starry Night,The Starry Night,The Starry Night,The Starry Night,True,False
train,295,The Starry Night,The Starry Night,The Persistence of Memory,The Starry Night,The Starry Night,The Starry Night,True,False
train,296,The Starry Night,The Starry Night,The Starry Night,The Starry Night,The Starry Night,The Starry Night,True,False
train,298,The Starry Night,The Starry Night,The Starry Night,The Starry Night,The Starry Night,The Starry Night,True,False
train,299,The Starry Night,The Starry Night,The Starry Night,The Starry Night,The Starry Night,The Starry Night,True,False
train,300,The Starry Night,The Starry Night,The Starry Night,The Starry Night,The Starry Night,The Starry Night,True,False
train,301,The Starry Night,The Starry Night,The Starry Night,The Starry Night,The Starry Night,The Starry Night,True,False
train,302,The Starry Night,The Starry Night,The Starry Night,The Starry Night,The Starry Night,The Starry Night,True,False
train,303,The Starry Night,The Starry Night,The Starry Night,The Starry Night,The Starry Night,The Starry Night,True,False
train,304,The Starry Night,The Starry Night,The Starry Night,The Starry Night,The Starry Night,The Starry Night,True,False
train,305,The Starry Night,The Starry Night,The Starry Night,The Starry Night,The Starry Night,The Starry Night,True,False
train,307,The Starry Night,The Starry Night,The Starry Night,The Starry Night,The Starry Night,The Starry Night,True,False
train,308,The Starry Night,The Starry Night,The Starry Night,The Starry Night,The Starry Night,The Starry Night,True,False
train,309,The Starry Night,The Starry Night,The Starry Night,The Starry Night,The Starry Night,The Starry Night,True,False
train,310,The Starry Night,The Starry Night,The Starry Night,The Starry Night,The Starry Night,The Starry Night,True,False
train,312,The Starry Night,The Starry Night,The Starry Night,The Starry Night,The Starry Night,The Starry Night,True,False
train,314,The Starry Night,The Starry Night,The Starry Night,The Starry Night,The Starry Night,The Starry Night,True,False
train,319,The Starry Night,The Starry Night,The Water Lily Pond,The Starry Night,The Starry Night,The Starry Night,True,False
train,320,The Starry Night,The Starry Night,The Starry Night,The Starry Night,The Starry Night,The Starry Night,True,False
train,321,The Starry Night,The Starry Night,The Starry Night,The Starry Night,The Starry Night,The Starry Night,True,False
train,322,The Starry Night,The Starry Night,The Starry Night,The Starry Night,The Starry Night,The Starry Night,True,False
train,323,The Starry Night,The Starry Night,The Starry Night,The Starry Night,The Starry Night,The Starry Night,True,False
train,324,The Starry Night,The Starry Night,The Starry Night,The Starry Night,The Starry Night,The Starry Night,True,False
train,326,The Starry Night,The Starry Night,The Water Lily Pond,The Starry Night,The Starry Night,The Starry Night,True,False
train,327,The Starry Night,The Starry Night,The Persistence of Memory,The Starry Night,The Starry Night,The Starry Night,True,False
train,328,The Starry Night,The Starry Night,The Starry Night,The Starry Night,The Starry Night,The Starry Night,True,False
train,330,The Starry Night,The Starry Night,The Starry Night,The Starry Night,The Starry Night,The Starry Night,True,False
train,331,The Starry Night,The Starry Night,The Starry Night,The Starry Night,The Starry Night,The Starry Night,True,False
train,332,The Starry Night,The Starry Night,The Starry Night,The Starry Night,The Starry Night,The Starry Night,True,False
train,333,The Starry Night,The Starry Night,The Starry Night,The Starry Night,The Starry Night,The Starry Night,True,False
train,334,The Starry Night,The Starry Night,The Persistence of Memory,The Starry Night,The Starry Night,The Starry Night,True,False
train,335,The Starry Night,The Starry Night,The Starry Night,The Starry Night,The Starry Night,The Starry Night,True,False
train,336,The Starry Night,The Starry Night,The Starry Night,The Starry Night,The Starry Night,The Starry Night,True,False
train,337,The Starry Night,The Starry Night,The Starry Night,The Starry Night,The Starry Night,The Starry Night,True,False
train,338,The Starry Night,The Starry Night,The Persistence of Memory,The Starry Night,The Starry Night,The Starry Night,True,False
train,339,The Starry Night,The Starry Night,The Starry Night,The Starry Night,The Starry Night,The Starry Night,True,False
train,340,The Starry Night,The Starry Night,The Starry Night,The Starry Night,The Starry Night,The Starry Night,True,False
train,341,The Starry Night,The Starry Night,The Starry Night,The Starry Night,The Starry Night,The Starry Night,True,False
train,342,The Starry Night,The Starry Night,The Starry Night,The Starry Night,The Starry Night,The Starry Night,True,False
train,343,The Starry Night,The Starry Night,The Starry Night,The Starry Night,The Starry Night,The Starry Night,True,False
train,344,The Starry Night,The Starry Night,The Starry Night,The Starry Night,The Starry Night,The Starry Night,True,False
train,345,The Starry Night,The Starry Night,The Starry Night,The Starry Night,The Starry Night,The Starry Night,True,False
train,346,The Starry Night,The Starry Night,The Starry Night,The Starry Night,The Starry Night,The Starry Night,True,False
train,347,The Starry Night,The Starry Night,The Starry Night,The Starry Night,The Persistence of Memory,The Starry Night,True,False
train,348,The Starry Night,The Starry Night,The Starry Night,The Starry Night,The Starry Night,The Starry Night,True,False
train,350,The Starry Night,The Starry Night,The Starry Night,The Starry Night,The Starry Night,The Starry Night,True,False
train,352,The Starry Night,The Starry Night,The Starry Night,The Starry Night,The Starry Night,The Starry Night,True,False
train,354,The Starry Night,The Starry Night,The Starry Night,The Starry Night,The Starry Night,The Starry Night,True,False
train,355,The Starry Night,The Starry Night,The Starry Night,The Starry Night,The Starry Night,The Starry Night,True,False
train,356,The Starry Night,The Starry Night,The Starry Night,The Starry Night,The Starry Night,The Starry Night,True,False
train,357,The Starry Night,The Starry Night,The Water Lily Pond,The Starry Night,The Starry Night,The Starry Night,True,False
train,359,The Starry Night,The Starry Night,The Starry Night,The Starry Night,The Starry Night,The Starry Night,True,False
train,360,The Starry Night,The Starry Night,The Starry Night,The Starry Night,The Starry Night,The Starry Night,True,False
train,361,The Starry Night,The Starry Night,The Starry Night,The Starry Night,The Starry Night,The Starry Night,True,False
train,362,The Starry Night,The Starry Night,The Persistence of Memory,The Starry Night,The Starry Night,The Starry Night,True,False
train,363,The Starry Night,The Starry Night,The Starry Night,The Starry Night,The Starry Night,The Starry Night,True,False
train,367,The Starry Night,The Starry Night,The Starry Night,The Starry Night,The Starry Night,The Starry Night,True,False
train,369,The Starry Night,The Starry Night,The Starry Night,The Starry Night,The Starry Night,The Starry Night,True,False
train,371,The Starry Night,The Starry Night,The Starry Night,The Starry Night,The Starry Night,The Starry Night,True,False
train,374,The Starry Night,The Starry Night,The Starry Night,The Starry Night,The Starry Night,The Starry Night,True,False
train,375,The Starry Night,The Starry Night,The Starry Night,The Starry Night,The Starry Night,The Starry Night,True,False
train,378,The Starry Night,The Starry Night,The Starry Night,The Starry Night,The Starry Night,The Starry Night,True,False
train,379,The Starry Night,The Starry Night,The Starry Night,The Starry Night,The Starry Night,The Starry Night,True,False
train,380,The Starry Night,The Starry Night,The Starry Night,The Starry Night,The Starry Night,The Starry Night,True,False
train,385,The Starry Night,The Starry Night,The Starry Night,The Starry Night,The Starry Night,The Starry Night,True,False
train,386,The Starry Night,The Starry Night,The Starry Night,The Starry Night,The Starry Night,The Starry Night,True,False
train,387,The Starry Night,The Starry Night,The Persistence of Memory,The Starry Night,The Starry Night,The Starry Night,True,False
train,388,The Starry Night,The Starry Night,The Starry Night,The Starry Night,The Starry Night,The Starry Night,True,False
train,389,The Starry Night,The Starry Night,The Starry Night,The Starry Night,The Starry Night,The Starry Night,True,False
train,391,The Starry Night,The Starry Night,The Starry Night,The Starry Night,The Starry Night,The Starry Night,True,False
train,392,The Starry Night,The Starry Night,The Starry Night,The Starry Night,The Starry Night,The Starry Night,True,False
train,393,The Starry Night,The Starry Night,The Starry Night,The Starry Night,The Starry Night,The Starry Night,True,False
train,394,The Starry Night,The Starry Night,The Starry Night,The Starry Night,The Starry Night,The Starry Night,True,False
train,395,The Starry Night,The Starry Night,The Persistence of Memory,The Starry Night,The Starry Night,The Starry Night,True,False
train,396,The Starry Night,The Starry Night,The Starry Night,The Starry Night,The Starry Night,The Starry Night,True,False
train,397,The Starry Night,The Starry Night,The Starry Night,The Starry Night,The Starry Night,The Starry Night,True,False
train,398,The Starry Night,The Starry Night,The Starry Night,The Starry Night,The Starry Night,The Starry Night,True,False
train,400,The Starry Night,The Starry Night,The Starry Night,The Starry Night,The Starry Night,The Starry Night,True,False
train,401,The Starry Night,The Starry Night,The Starry Night,The Starry Night,The Starry Night,The Starry Night,True,False
train,402,The Starry Night,The Starry Night,The Starry Night,The Starry Night,The Starry Night,The Starry Night,True,False
train,403,The Starry Night,The Starry Night,The Starry Night,The Starry Night,The Starry Night,The Starry Night,True,False
train,405,The Starry Night,The Starry Night,The Starry Night,The Starry Night,The Starry Night,The Starry Night,True,False
train,407,The Starry Night,The Starry Night,The Starry Night,The Starry Night,The Starry Night,The Starry Night,True,False
train,408,The Starry Night,The Starry Night,The Starry Night,The Starry Night,The Starry Night,The Starry Night,True,False
train,409,The Starry Night,The Starry Night,The Starry Night,The Starry Night,The Starry Night,The Starry Night,True,False
train,410,The Starry Night,The Starry Night,The Starry Night,The Starry Night,The Starry Night,The Starry Night,True,False
train,411,The Starry Night,The Starry Night,The Starry Night,The Starry Night,The Starry Night,The Starry Night,True,False
train,413,The Starry Night,The Starry Night,The Starry Night,The Starry Night,The Starry Night,The Starry Night,True,False
train,414,The Starry Night,The Starry Night,The Starry Night,The Starry Night,The Starry Night,The Starry Night,True,False
train,415,The Starry Night,The Starry Night,The Water Lily Pond,The Starry Night,The Starry Night,The Starry Night,True,False
train,416,The Starry Night,The Starry Night,The Persistence of Memory,The Starry Night,The Starry Night,The Starry Night,True,False
train,417,The Starry Night,The Starry Night,The Starry Night,The Starry Night,The Starry Night,The Starry Night,True,False
train,418,The Starry Night,The Starry Night,The Starry Night,The Starry Night,The Starry Night,The Starry Night,True,False
train,420,The Starry Night,The Starry Night,The Persistence of Memory,The Starry Night,The Starry Night,The Starry Night,True,False
train,424,The Starry Night,The Starry Night,The Starry Night,The Starry Night,The Starry Night,The Starry Night,True,False
train,425,The Starry Night,The Starry Night,The Starry Night,The Starry Night,The Starry Night,The Starry Night,True,False
train,428,The Starry Night,The Starry Night,The Starry Night,The Starry Night,The Starry Night,The Starry Night,True,False
train,431,The Starry Night,The Starry Night,The Starry Night,The Starry Night,The Starry Night,The Starry Night,True,False
train,432,The Starry Night,The Starry Night,The Persistence of Memory,The Starry Night,The Starry Night,The Starry Night,True,False
train,434,The Starry Night,The Starry Night,The Starry Night,The Starry Night,The Starry Night,The Starry Night,True,False
train,435,The Starry Night,The Starry Night,The Water Lily Pond,The Starry Night,The Starry Night,The Starry Night,True,False
train,436,The Starry Night,The Starry Night,The Water Lily Pond,The Starry Night,The Starry Night,The Starry Night,True,False
train,438,The Starry Night,The Starry Night,The Starry Night,The Starry Night,The Starry Night,The Starry Night,True,False
train,439,The Starry Night,The Starry Night,The Starry Night,The Starry Night,The Starry Night,The Starry Night,True,False
train,440,The Starry Night,The Starry Night,The Starry Night,The Starry Night,The Starry Night,The Starry Night,True,False
train,442,The Starry Night,The Starry Night,The Starry Night,The Starry Night,The Starry Night,The Starry Night,True,False
train,444,The Starry Night,The Starry Night,The Starry Night,The Starry Night,The Starry Night,The Starry Night,True,False
train,445,The Starry Night,The Starry Night,The Starry Night,The Starry Night,The Starry Night,The Starry Night,True,False
train,447,The Starry Night,The Starry Night,The Starry Night,The Starry Night,The Starry Night,The Starry Night,True,False
train,449,The Starry Night,The Starry Night,The Starry Night,The Starry Night,The Starry Night,The Starry Night,True,False
train,450,The Starry Night,The Starry Night,The Starry Night,The Starry Night,The Starry Night,The Starry Night,True,False
train,451,The Starry Night,The Starry Night,The Starry Night,The Starry Night,The Starry Night,The Starry Night,True,False
train,452,The Starry Night,The Starry Night,The Starry Night,The Starry Night,The Starry Night,The Starry Night,True,False
train,454,The Starry Night,The Starry Night,The Starry Night,The Starry Night,The Starry Night,The Starry Night,True,False
train,456,The Starry Night,The Starry Night,The Starry Night,The Starry Night,The Starry Night,The Starry Night,True,False
train,457,The Starry Night,The Starry Night,The Starry Night,The Starry Night,The Starry Night,The Starry Night,True,False
train,459,The Starry Night,The Starry Night,The Starry Night,The Starry Night,The Starry Night,The Starry Night,True,False
train,460,The Starry Night,The Starry Night,The Persistence of Memory,The Starry Night,The Starry Night,The Starry Night,True,False
train,462,The Starry Night,The Starry Night,The Starry Night,The Starry Night,The Starry Night,The Starry Night,True,False
train,463,The Starry Night,The Starry Night,The Starry Night,The Starry Night,The Starry Night,The Starry Night,True,False
train,464,The Starry Night,The Starry Night,The Starry Night,The Starry Night,The Starry Night,The Starry Night,True,False
train,465,The Starry Night,The Starry Night,The Starry Night,The Starry Night,The Starry Night,The Starry Night,True,False
train,469,The Starry Night,The Starry Night,The Persistence of Memory,The Starry Night,The Starry Night,The Starry Night,True,False
train,471,The Starry Night,The Starry Night,The Starry Night,The Starry Night,The Starry Night,The Starry Night,True,False
train,473,The Starry Night,The Starry Night,The Starry Night,The Starry Night,The Starry Night,The Starry Night,True,False
train,474,The Starry Night,The Starry Night,The Starry Night,The Starry Night,The Starry Night,The Starry Night,True,False
train,476,The Starry Night,The Starry Night,The Starry Night,The Starry Night,The Starry Night,The Starry Night,True,False
train,477,The Starry Night,The Starry Night,The Starry Night,The Starry Night,The Starry Night,The Starry Night,True,False
train,478,The Starry Night,The Starry Night,The Starry Night,The Starry Night,The Starry Night,The Starry Night,True,False
train,479,The Starry Night,The Starry Night,The Starry Night,The Starry Night,The Starry Night,The Starry Night,True,False
train,480,The Starry Night,The Starry Night,The Persistence of Memory,The Starry Night,The Starry Night,The Starry Night,True,False
train,481,The Starry Night,The Starry Night,The Starry Night,The Starry Night,The Starry Night,The Starry Night,True,False
train,482,The Starry Night,The Starry Night,The Starry Night,The Starry Night,The Starry Night,The Starry Night,True,False
train,483,The Starry Night,The Starry Night,The Starry Night,The Starry Night,The Starry Night,The Starry Night,True,False
train,484,The Starry Night,The Starry Night,The Starry Night,The Starry Night,The Starry Night,The Starry Night,True,False
train,485,The Starry Night,The Starry Night,The Starry Night,The Starry Night,The Starry Night,The Starry Night,True,False
train,486,The Starry Night,The Starry Night,The Water Lily Pond,The Starry Night,The Starry Night,The Starry Night,True,False
train,491,The Starry Night,The Starry Night,The Starry Night,The Starry Night,The Starry Night,The Starry Night,True,False
train,492,The Starry Night,The Starry Night,The Starry Night,The Starry Night,The Starry Night,The Starry Night,True,False
train,493,The Starry Night,The Starry Night,The Starry Night,The Starry Night,The Starry Night,The Starry Night,True,False
train,494,The Starry Night,The Starry Night,The Starry Night,The Starry Night,The Starry Night,The Starry Night,True,False
train,495,The Starry Night,The Starry Night,The Starry Night,The Starry Night,The Starry Night,The Starry Night,True,False
train,498,The Starry Night,The Starry Night,The Starry Night,The Starry Night,The Starry Night,The Starry Night,True,False
train,499,The Starry Night,The Starry Night,The Water Lily Pond,The Starry Night,The Starry Night,The Starry Night,True,False
train,501,The Starry Night,The Starry Night,The Starry Night,The Starry Night,The Starry Night,The Starry Night,True,False
train,502,The Starry Night,The Starry Night,The Starry Night,The Starry Night,The Starry Night,The Starry Night,True,False
train,504,The Starry Night,The Starry Night,The Starry Night,The Starry Night,The Starry Night,The Starry Night,True,False
train,505,The Starry Night,The Starry Night,The Starry Night,The Starry Night,The Starry Night,The Starry Night,True,False
train,506,The Starry Night,The Starry Night,The Starry Night,The Starry Night,The Starry Night,The Starry Night,True,False
train,507,The Starry Night,The Starry Night,The Starry Night,The Starry Night,The Starry Night,The Starry Night,True,False
train,508,The Starry Night,The Starry Night,The Starry Night,The Starry Night,The Starry Night,The Starry Night,True,False
train,511,The Starry Night,The Starry Night,The Starry Night,The Starry Night,The Starry Night,The Starry Night,True,False
train,513,The Starry Night,The Starry Night,The Starry Night,The Starry Night,The Starry Night,The Starry Night,True,False
train,514,The Starry Night,The Starry Night,The Starry Night,The Starry Night,The Starry Night,The Starry Night,True,False
train,515,The Starry Night,The Starry Night,The Persistence of Memory,The Starry Night,The Starry Night,The Starry Night,True,False
train,516,The Starry Night,The Starry Night,The Starry Night,The Starry Night,The Starry Night,The Starry Night,True,False
train,518,The Starry Night,The Starry Night,The Starry Night,The Starry Night,The Water Lily Pond,The Starry Night,True,False
train,519,The Starry Night,The Starry Night,The Starry Night,The Starry Night,The Starry Night,The Starry Night,True,False
train,521,The Starry Night,The Starry Night,The Starry Night,The Starry Night,The Starry Night,The Starry Night,True,False
train,522,The Starry Night,The Starry Night,The Starry Night,The Starry Night,The Starry Night,The Starry Night,True,False
train,523,The Starry Night,The Starry Night,The Starry Night,The Starry Night,The Starry Night,The Starry Night,True,False
train,525,The Starry Night,The Starry Night,The Starry Night,The Starry Night,The Starry Night,The Starry Night,True,False
train,527,The Starry Night,The Starry Night,The Starry Night,The Starry Night,The Starry Night,The Starry Night,True,False
train,528,The Starry Night,The Starry Night,The Starry Night,The Starry Night,The Starry Night,The Starry Night,True,False
train,529,The Starry Night,The Starry Night,The Starry Night,The Starry Night,The Starry Night,The Starry Night,True,False
train,533,The Starry Night,The Starry Night,The Starry Night,The Starry Night,The Starry Night,The Starry Night,True,False
train,534,The Starry Night,The Starry Night,The Starry Night,The Starry Night,The Starry Night,The Starry Night,True,False
train,535,The Starry Night,The Starry Night,The Water Lily Pond,The Starry Night,The Starry Night,The Starry Night,True,False
train,536,The Starry Night,The Starry Night,The Starry Night,The Starry Night,The Starry Night,The Starry Night,True,False
train,537,The Starry Night,The Starry Night,The Starry Night,The Starry Night,The Starry Night,The Starry Night,True,False
train,539,The Starry Night,The Starry Night,The Starry Night,The Starry Night,The Starry Night,The Starry Night,True,False
train,540,The Starry Night,The Starry Night,The Starry Night,The Starry Night,The Starry Night,The Starry Night,True,False
train,543,The Starry Night,The Starry Night,The Starry Night,The Starry Night,The Starry Night,The Starry Night,True,False
train,544,The Starry Night,The Starry Night,The Starry Night,The Starry Night,The Starry Night,The Starry Night,True,False
train,545,The Starry Night,The Starry Night,The Starry Night,The Starry Night,The Starry Night,The Starry Night,True,False
train,546,The Starry Night,The Starry Night,The Starry Night,The Starry Night,The Starry Night,The Starry Night,True,False
train,547,The Starry Night,The Starry Night,The Starry Night,The Starry Night,The Starry Night,The Starry Night,True,False
train,548,The Starry Night,The Starry Night,The Starry Night,The Starry Night,The Starry Night,The Starry Night,True,False
train,550,The Starry Night,The Starry Night,The Persistence of Memory,The Starry Night,The Starry Night,The Starry Night,True,False
train,551,The Starry Night,The Starry Night,The Starry Night,The Starry Night,The Starry Night,The Starry Night,True,False
train,552,The Starry Night,The Starry Night,The Starry Night,The Starry Night,The Starry Night,The Starry Night,True,False
train,553,The Starry Night,The Starry Night,The Starry Night,The Starry Night,The Starry Night,The Starry Night,True,False
train,554,The Starry Night,The Starry Night,The Starry Night,The Starry Night,The Starry Night,The Starry Night,True,False
train,557,The Starry Night,The Starry Night,The Starry Night,The Starry Night,The Starry Night,The Starry Night,True,False
train,558,The Starry Night,The Starry Night,The Persistence of Memory,The Starry Night,The Starry Night,The Starry Night,True,False
train,561,The Starry Night,The Starry Night,The Persistence of Memory,The Starry Night,The Starry Night,The Starry Night,True,False
train,562,The Starry Night,The Starry Night,The Starry Night,The Starry Night,The Starry Night,The Starry Night,True,False
train,222,The Water Lily Pond,The Water Lily Pond,The Persistence of Memory,The Water Lily Pond,The Water Lily Pond,The Water Lily Pond,True,False
train,223,The Water Lily Pond,The Water Lily Pond,The Persistence of Memory,The Water Lily Pond,The Water Lily Pond,The Water Lily Pond,True,False
train,224,The Water Lily Pond,The Water Lily Pond,The Persistence of Memory,The Water Lily Pond,The Water Lily Pond,The Water Lily Pond,True,False
train,225,The Water Lily Pond,The Water Lily Pond,The Persistence of Memory,The Water Lily Pond,The Water Lily Pond,The Water Lily Pond,True,False
train,226,The Water Lily Pond,The Water Lily Pond,The Persistence of Memory,The Water Lily Pond,The Water Lily Pond,The Water Lily Pond,True,False
train,227,The Water Lily Pond,The Water Lily Pond,The Persistence of Memory,The Water Lily Pond,The Water Lily Pond,The Water Lily Pond,True,False
train,228,The Water Lily Pond,The Water Lily Pond,The Water Lily Pond,The Water Lily Pond,The Water Lily Pond,The Water Lily Pond,True,False
train,231,The Water Lily Pond,The Water Lily Pond,The Water Lily Pond,The Water Lily Pond,The Water Lily Pond,The Water Lily Pond,True,False
train,232,The Water Lily Pond,The Water Lily Pond,The Starry Night,The Water Lily Pond,The Water Lily Pond,The Water Lily Pond,True,False
train,235,The Water Lily Pond,The Water Lily Pond,The Water Lily Pond,The Water Lily Pond,The Water Lily Pond,The Water Lily Pond,True,False
train,236,The Water Lily Pond,The Water Lily Pond,The Water Lily Pond,The Water Lily Pond,The Water Lily Pond,The Water Lily Pond,True,False
train,237,The Water Lily Pond,The Water Lily Pond,The Water Lily Pond,The Water Lily Pond,The Water Lily Pond,The Water Lily Pond,True,False
train,238,The Water Lily Pond,The Water Lily Pond,The Water Lily Pond,The Water Lily Pond,The Water Lily Pond,The Water Lily Pond,True,False
train,239,The Water Lily Pond,The Water Lily Pond,The Water Lily Pond,The Water Lily Pond,The Water Lily Pond,The Water Lily Pond,True,False
train,241,The Water Lily Pond,The Water Lily Pond,The Water Lily Pond,The Water Lily Pond,The Water Lily Pond,The Water Lily Pond,True,False
train,242,The Water Lily Pond,The Water Lily Pond,The Water Lily Pond,The Water Lily Pond,The Water Lily Pond,The Water Lily Pond,True,False
train,243,The Water Lily Pond,The Water Lily Pond,The Water Lily Pond,The Water Lily Pond,The Water Lily Pond,The Water Lily Pond,True,False
train,244,The Water Lily Pond,The Water Lily Pond,The Water Lily Pond,The Water Lily Pond,The Water Lily Pond,The Water Lily Pond,True,False
train,246,The Water Lily Pond,The Water Lily Pond,The Water Lily Pond,The Water Lily Pond,The Water Lily Pond,The Water Lily Pond,True,False
train,247,The Water Lily Pond,The Water Lily Pond,The Water Lily Pond,The Water Lily Pond,The Water Lily Pond,The Water Lily Pond,True,False
train,248,The Water Lily Pond,The Water Lily Pond,The Water Lily Pond,The Water Lily Pond,The Water Lily Pond,The Water Lily Pond,True,False
train,249,The Water Lily Pond,The Water Lily Pond,The Water Lily Pond,The Water Lily Pond,The Water Lily Pond,The Water Lily Pond,True,False
train,250,The Water Lily Pond,The Water Lily Pond,The Water Lily Pond,The Water Lily Pond,The Water Lily Pond,The Water Lily Pond,True,False
train,252,The Water Lily Pond,The Water Lily Pond,The Persistence of Memory,The Water Lily Pond,The Water Lily Pond,The Water Lily Pond,True,False
train,253,The Water Lily Pond,The Water Lily Pond,The Persistence of Memory,The Water Lily Pond,The Water Lily Pond,The Water Lily Pond,True,False
train,254,The Water Lily Pond,The Water Lily Pond,The Persistence of Memory,The Water Lily Pond,The Water Lily Pond,The Water Lily Pond,True,False
train,256,The Water Lily Pond,The Water Lily Pond,The Persistence of Memory,The Water Lily Pond,The Water Lily Pond,The Water Lily Pond,True,False
train,259,The Water Lily Pond,The Water Lily Pond,The Persistence of Memory,The Water Lily Pond,The Water Lily Pond,The Water Lily Pond,True,False
train,260,The Water Lily Pond,The Water Lily Pond,The Persistence of Memory,The Water Lily Pond,The Water Lily Pond,The Water Lily Pond,True,False
train,261,The Water Lily Pond,The Water Lily Pond,The Persistence of Memory,The Water Lily Pond,The Water Lily Pond,The Water Lily Pond,True,False
train,264,The Water Lily Pond,The Water Lily Pond,The Persistence of Memory,The Water Lily Pond,The Water Lily Pond,The Water Lily Pond,True,False
train,266,The Water Lily Pond,The Water Lily Pond,The Persistence of Memory,The Water Lily Pond,The Water Lily Pond,The Water Lily Pond,True,False
train,267,The Water Lily Pond,The Water Lily Pond,The Persistence of Memory,The Water Lily Pond,The Water Lily Pond,The Water Lily Pond,True,False
train,272,The Water Lily Pond,The Water Lily Pond,The Water Lily Pond,The Water Lily Pond,The Water Lily Pond,The Water Lily Pond,True,False
train,273,The Water Lily Pond,The Water Lily Pond,The Water Lily Pond,The Water Lily Pond,The Water Lily Pond,The Water Lily Pond,True,False
train,274,The Water Lily Pond,The Water Lily Pond,The Water Lily Pond,The Water Lily Pond,The Water Lily Pond,The Water Lily Pond,True,False
train,276,The Water Lily Pond,The Water Lily Pond,The Water Lily Pond,The Water Lily Pond,The Water Lily Pond,The Water Lily Pond,True,False
train,277,The Water Lily Pond,The Water Lily Pond,The Water Lily Pond,The Water Lily Pond,The Water Lily Pond,The Water Lily Pond,True,False
train,278,The Water Lily Pond,The Water Lily Pond,The Water Lily Pond,The Water Lily Pond,The Water Lily Pond,The Water Lily Pond,True,False
train,281,The Water Lily Pond,The Water Lily Pond,The Starry Night,The Water Lily Pond,The Water Lily Pond,The Water Lily Pond,True,False
train,282,The Water Lily Pond,The Water Lily Pond,The Water Lily Pond,The Water Lily Pond,The Water Lily Pond,The Water Lily Pond,True,False
train,283,The Water Lily Pond,The Water Lily Pond,The Water Lily Pond,The Water Lily Pond,The Water Lily Pond,The Water Lily Pond,True,False
train,284,The Water Lily Pond,The Water Lily Pond,The Water Lily Pond,The Water Lily Pond,The Water Lily Pond,The Water Lily Pond,True,False
train,285,The Water Lily Pond,The Water Lily Pond,The Water Lily Pond,The Water Lily Pond,The Water Lily Pond,The Water Lily Pond,True,False
train,286,The Water Lily Pond,The Water Lily Pond,The Water Lily Pond,The Water Lily Pond,The Water Lily Pond,The Water Lily Pond,True,False
train,287,The Water Lily Pond,The Water Lily Pond,The Water Lily Pond,The Water Lily Pond,The Water Lily Pond,The Water Lily Pond,True,False
train,289,The Water Lily Pond,The Water Lily Pond,The Water Lily Pond,The Water Lily Pond,The Water Lily Pond,The Water Lily Pond,True,False
train,290,The Water Lily Pond,The Water Lily Pond,The Water Lily Pond,The Water Lily Pond,The Water Lily Pond,The Water Lily Pond,True,False
train,291,The Water Lily Pond,The Water Lily Pond,The Water Lily Pond,The Water Lily Pond,The Water Lily Pond,The Water Lily Pond,True,False
train,292,The Water Lily Pond,The Water Lily Pond,The Water Lily Pond,The Water Lily Pond,The Water Lily Pond,The Water Lily Pond,True,False
train,294,The Water Lily Pond,The Water Lily Pond,The Water Lily Pond,The Water Lily Pond,The Water Lily Pond,The Water Lily Pond,True,False
train,295,The Water Lily Pond,The Water Lily Pond,The Water Lily Pond,The Water Lily Pond,The Water Lily Pond,The Water Lily Pond,True,False
train,296,The Water Lily Pond,The Water Lily Pond,The Water Lily Pond,The Water Lily Pond,The Water Lily Pond,The Water Lily Pond,True,False
train,298,The Water Lily Pond,The Water Lily Pond,The Water Lily Pond,The Water Lily Pond,The Water Lily Pond,The Water Lily Pond,True,False
train,299,The Water Lily Pond,The Water Lily Pond,The Water Lily Pond,The Water Lily Pond,The Water Lily Pond,The Water Lily Pond,True,False
train,300,The Water Lily Pond,The Water Lily Pond,The Water Lily Pond,The Water Lily Pond,The Water Lily Pond,The Water Lily Pond,True,False
train,301,The Water Lily Pond,The Water Lily Pond,The Water Lily Pond,The Water Lily Pond,The Water Lily Pond,The Water Lily Pond,True,False
train,302,The Water Lily Pond,The Water Lily Pond,The Water Lily Pond,The Water Lily Pond,The Water Lily Pond,The Water Lily Pond,True,False
train,303,The Water Lily Pond,The Water Lily Pond,The Water Lily Pond,The Water Lily Pond,The Water Lily Pond,The Water Lily Pond,True,False
train,304,The Water Lily Pond,The Water Lily Pond,The Water Lily Pond,The Water Lily Pond,The Water Lily Pond,The Water Lily Pond,True,False
train,305,The Water Lily Pond,The Water Lily Pond,The Water Lily Pond,The Water Lily Pond,The Water Lily Pond,The Water Lily Pond,True,False
train,307,The Water Lily Pond,The Water Lily Pond,The Water Lily Pond,The Water Lily Pond,The Water Lily Pond,The Water Lily Pond,True,False
train,308,The Water Lily Pond,The Water Lily Pond,The Water Lily Pond,The Water Lily Pond,The Water Lily Pond,The Water Lily Pond,True,False
train,309,The Water Lily Pond,The Water Lily Pond,The Water Lily Pond,The Water Lily Pond,The Water Lily Pond,The Water Lily Pond,True,False
train,310,The Water Lily Pond,The Water Lily Pond,The Water Lily Pond,The Water Lily Pond,The Water Lily Pond,The Water Lily Pond,True,False
train,312,The Water Lily Pond,The Water Lily Pond,The Water Lily Pond,The Water Lily Pond,The Water Lily Pond,The Water Lily Pond,True,False
train,314,The Water Lily Pond,The Water Lily Pond,The Water Lily Pond,The Water Lily Pond,The Water Lily Pond,The Water Lily Pond,True,False
train,319,The Water Lily Pond,The Water Lily Pond,The Water Lily Pond,The Water Lily Pond,The Water Lily Pond,The Water Lily Pond,True,False
train,320,The Water Lily Pond,The Water Lily Pond,The Water Lily Pond,The Water Lily Pond,The Water Lily Pond,The Water Lily Pond,True,False
train,321,The Water Lily Pond,The Water Lily Pond,The Water Lily Pond,The Water Lily Pond,The Water Lily Pond,The Water Lily Pond,True,False
train,322,The Water Lily Pond,The Water Lily Pond,The Water Lily Pond,The Water Lily Pond,The Water Lily Pond,The Water Lily Pond,True,False
train,323,The Water Lily Pond,The Water Lily Pond,The Water Lily Pond,The Water Lily Pond,The Water Lily Pond,The Water Lily Pond,True,False
train,324,The Water Lily Pond,The Water Lily Pond,The Water Lily Pond,The Water Lily Pond,The Water Lily Pond,The Water Lily Pond,True,False
train,326,The Water Lily Pond,The Water Lily Pond,The Water Lily Pond,The Water Lily Pond,The Water Lily Pond,The Water Lily Pond,True,False
train,327,The Water Lily Pond,The Water Lily Pond,The Water Lily Pond,The Water Lily Pond,The Water Lily Pond,The Water Lily Pond,True,False
train,328,The Water Lily Pond,The Water Lily Pond,The Water Lily Pond,The Water Lily Pond,The Water Lily Pond,The Water Lily Pond,True,False
train,330,The Water Lily Pond,The Water Lily Pond,The Water Lily Pond,The Water Lily Pond,The Water Lily Pond,The Water Lily Pond,True,False
train,331,The Water Lily Pond,The Water Lily Pond,The Water Lily Pond,The Water Lily Pond,The Water Lily Pond,The Water Lily Pond,True,False
train,332,The Water Lily Pond,The Water Lily Pond,The Water Lily Pond,The Water Lily Pond,The Water Lily Pond,The Water Lily Pond,True,False
train,333,The Water Lily Pond,The Water Lily Pond,The Water Lily Pond,The Water Lily Pond,The Water Lily Pond,The Water Lily Pond,True,False
train,334,The Water Lily Pond,The Water Lily Pond,The Water Lily Pond,The Water Lily Pond,The Water Lily Pond,The Water Lily Pond,True,False
train,335,The Water Lily Pond,The Water Lily Pond,The Water Lily Pond,The Water Lily Pond,The Water Lily Pond,The Water Lily Pond,True,False
train,336,The Water Lily Pond,The Water Lily Pond,The Water Lily Pond,The Water Lily Pond,The Water Lily Pond,The Water Lily Pond,True,False
train,337,The Water Lily Pond,The Water Lily Pond,The Water Lily Pond,The Water Lily Pond,The Water Lily Pond,The Water Lily Pond,True,False
train,338,The Water Lily Pond,The Water Lily Pond,The Water Lily Pond,The Water Lily Pond,The Water Lily Pond,The Water Lily Pond,True,False
train,339,The Water Lily Pond,The Water Lily Pond,The Water Lily Pond,The Water Lily Pond,The Water Lily Pond,The Water Lily Pond,True,False
train,340,The Water Lily Pond,The Water Lily Pond,The Water Lily Pond,The Water Lily Pond,The Water Lily Pond,The Water Lily Pond,True,False
train,341,The Water Lily Pond,The Water Lily Pond,The Water Lily Pond,The Water Lily Pond,The Water Lily Pond,The Water Lily Pond,True,False
train,342,The Water Lily Pond,The Water Lily Pond,The Water Lily Pond,The Water Lily Pond,The Water Lily Pond,The Water Lily Pond,True,False
train,343,The Water Lily Pond,The Water Lily Pond,The Water Lily Pond,The Water Lily Pond,The Water Lily Pond,The Water Lily Pond,True,False
train,344,The Water Lily Pond,The Water Lily Pond,The Water Lily Pond,The Water Lily Pond,The Water Lily Pond,The Water Lily Pond,True,False
train,345,The Water Lily Pond,The Water Lily Pond,The Water Lily Pond,The Water Lily Pond,The Water Lily Pond,The Water Lily Pond,True,False
train,346,The Water Lily Pond,The Water Lily Pond,The Water Lily Pond,The Water Lily Pond,The Water Lily Pond,The Water Lily Pond,True,False
train,347,The Water Lily Pond,The Water Lily Pond,The Water Lily Pond,The Water Lily Pond,The Water Lily Pond,The Water Lily Pond,True,False
train,348,The Water Lily Pond,The Water Lily Pond,The Starry Night,The Water Lily Pond,The Water Lily Pond,The Water Lily Pond,True,False
train,350,The Water Lily Pond,The Water Lily Pond,The Water Lily Pond,The Water Lily Pond,The Water Lily Pond,The Water Lily Pond,True,False
train,352,The Water Lily Pond,The Water Lily Pond,The Water Lily Pond,The Water Lily Pond,The Water Lily Pond,The Water Lily Pond,True,False
train,354,The Water Lily Pond,The Water Lily Pond,The Water Lily Pond,The Water Lily Pond,The Water Lily Pond,The Water Lily Pond,True,False
train,355,The Water Lily Pond,The Water Lily Pond,The Water Lily Pond,The Water Lily Pond,The Water Lily Pond,The Water Lily Pond,True,False
train,356,The Water Lily Pond,The Water Lily Pond,The Water Lily Pond,The Water Lily Pond,The Water Lily Pond,The Water Lily Pond,True,False
train,357,The Water Lily Pond,The Water Lily Pond,The Water Lily Pond,The Water Lily Pond,The Water Lily Pond,The Water Lily Pond,True,False
train,359,The Water Lily Pond,The Water Lily Pond,The Water Lily Pond,The Water Lily Pond,The Water Lily Pond,The Water Lily Pond,True,False
train,360,The Water Lily Pond,The Water Lily Pond,The Water Lily Pond,The Water Lily Pond,The Water Lily Pond,The Water Lily Pond,True,False
train,361,The Water Lily Pond,The Water Lily Pond,The Water Lily Pond,The Water Lily Pond,The Water Lily Pond,The Water Lily Pond,True,False
train,362,The Water Lily Pond,The Water Lily Pond,The Water Lily Pond,The Water Lily Pond,The Water Lily Pond,The Water Lily Pond,True,False
train,363,The Water Lily Pond,The Water Lily Pond,The Water Lily Pond,The Water Lily Pond,The Water Lily Pond,The Water Lily Pond,True,False
train,367,The Water Lily Pond,The Water Lily Pond,The Water Lily Pond,The Water Lily Pond,The Water Lily Pond,The Water Lily Pond,True,False
train,369,The Water Lily Pond,The Water Lily Pond,The Water Lily Pond,The Water Lily Pond,The Water Lily Pond,The Water Lily Pond,True,False
train,371,The Water Lily Pond,The Water Lily Pond,The Water Lily Pond,The Water Lily Pond,The Water Lily Pond,The Water Lily Pond,True,False
train,374,The Water Lily Pond,The Water Lily Pond,The Water Lily Pond,The Water Lily Pond,The Water Lily Pond,The Water Lily Pond,True,False
train,375,The Water Lily Pond,The Water Lily Pond,The Water Lily Pond,The Water Lily Pond,The Water Lily Pond,The Water Lily Pond,True,False
train,378,The Water Lily Pond,The Water Lily Pond,The Water Lily Pond,The Water Lily Pond,The Water Lily Pond,The Water Lily Pond,True,False
train,379,The Water Lily Pond,The Water Lily Pond,The Water Lily Pond,The Water Lily Pond,The Water Lily Pond,The Water Lily Pond,True,False
train,380,The Water Lily Pond,The Water Lily Pond,The Water Lily Pond,The Water Lily Pond,The Water Lily Pond,The Water Lily Pond,True,False
train,385,The Water Lily Pond,The Water Lily Pond,The Water Lily Pond,The Water Lily Pond,The Water Lily Pond,The Water Lily Pond,True,False
train,386,The Water Lily Pond,The Water Lily Pond,The Water Lily Pond,The Water Lily Pond,The Water Lily Pond,The Water Lily Pond,True,False
train,387,The Water Lily Pond,The Water Lily Pond,The Water Lily Pond,The Water Lily Pond,The Water Lily Pond,The Water Lily Pond,True,False
train,388,The Water Lily Pond,The Water Lily Pond,The Water Lily Pond,The Water Lily Pond,The Water Lily Pond,The Water Lily Pond,True,False
train,389,The Water Lily Pond,The Water Lily Pond,The Water Lily Pond,The Water Lily Pond,The Water Lily Pond,The Water Lily Pond,True,False
train,391,The Water Lily Pond,The Water Lily Pond,The Water Lily Pond,The Water Lily Pond,The Water Lily Pond,The Water Lily Pond,True,False
train,392,The Water Lily Pond,The Water Lily Pond,The Water Lily Pond,The Water Lily Pond,The Water Lily Pond,The Water Lily Pond,True,False
train,393,The Water Lily Pond,The Water Lily Pond,The Persistence of Memory,The Water Lily Pond,The Starry Night,The Water Lily Pond,True,True
train,394,The Water Lily Pond,The Water Lily Pond,The Water Lily Pond,The Water Lily Pond,The Water Lily Pond,The Water Lily Pond,True,False
train,395,The Water Lily Pond,The Water Lily Pond,The Water Lily Pond,The Water Lily Pond,The Water Lily Pond,The Water Lily Pond,True,False
train,396,The Water Lily Pond,The Water Lily Pond,The Water Lily Pond,The Water Lily Pond,The Water Lily Pond,The Water Lily Pond,True,False
train,397,The Water Lily Pond,The Water Lily Pond,The Water Lily Pond,The Water Lily Pond,The Water Lily Pond,The Water Lily Pond,True,False
train,398,The Water Lily Pond,The Water Lily Pond,The Water Lily Pond,The Water Lily Pond,The Water Lily Pond,The Water Lily Pond,True,False
train,400,The Water Lily Pond,The Water Lily Pond,The Water Lily Pond,The Water Lily Pond,The Water Lily Pond,The Water Lily Pond,True,False
train,401,The Water Lily Pond,The Water Lily Pond,The Water Lily Pond,The Water Lily Pond,The Water Lily Pond,The Water Lily Pond,True,False
train,402,The Water Lily Pond,The Water Lily Pond,The Water Lily Pond,The Water Lily Pond,The Water Lily Pond,The Water Lily Pond,True,False
train,403,The Water Lily Pond,The Water Lily Pond,The Water Lily Pond,The Water Lily Pond,The Water Lily Pond,The Water Lily Pond,True,False
train,405,The Water Lily Pond,The Water Lily Pond,The Water Lily Pond,The Water Lily Pond,The Water Lily Pond,The Water Lily Pond,True,False
train,407,The Water Lily Pond,The Water Lily Pond,The Starry Night,The Water Lily Pond,The Water Lily Pond,The Water Lily Pond,True,False
train,408,The Water Lily Pond,The Water Lily Pond,The Water Lily Pond,The Water Lily Pond,The Water Lily Pond,The Water Lily Pond,True,False
train,409,The Water Lily Pond,The Water Lily Pond,The Water Lily Pond,The Water Lily Pond,The Water Lily Pond,The Water Lily Pond,True,False
train,410,The Water Lily Pond,The Water Lily Pond,The Water Lily Pond,The Water Lily Pond,The Water Lily Pond,The Water Lily Pond,True,False
train,411,The Water Lily Pond,The Water Lily Pond,The Water Lily Pond,The Water Lily Pond,The Water Lily Pond,The Water Lily Pond,True,False
train,413,The Water Lily Pond,The Water Lily Pond,The Water Lily Pond,The Water Lily Pond,The Water Lily Pond,The Water Lily Pond,True,False
train,414,The Water Lily Pond,The Water Lily Pond,The Water Lily Pond,The Water Lily Pond,The Water Lily Pond,The Water Lily Pond,True,False
train,415,The Water Lily Pond,The Water Lily Pond,The Persistence of Memory,The Water Lily Pond,The Water Lily Pond,The Water Lily Pond,True,False
train,416,The Water Lily Pond,The Water Lily Pond,The Water Lily Pond,The Water Lily Pond,The Water Lily Pond,The Water Lily Pond,True,False
train,417,The Water Lily Pond,The Water Lily Pond,The Water Lily Pond,The Water Lily Pond,The Water Lily Pond,The Water Lily Pond,True,False
train,418,The Water Lily Pond,The Water Lily Pond,The Water Lily Pond,The Water Lily Pond,The Water Lily Pond,The Water Lily Pond,True,False
train,420,The Water Lily Pond,The Water Lily Pond,The Water Lily Pond,The Water Lily Pond,The Water Lily Pond,The Water Lily Pond,True,False
train,424,The Water Lily Pond,The Water Lily Pond,The Water Lily Pond,The Water Lily Pond,The Water Lily Pond,The Water Lily Pond,True,False
train,425,The Water Lily Pond,The Water Lily Pond,The Water Lily Pond,The Water Lily Pond,The Water Lily Pond,The Water Lily Pond,True,False
train,428,The Water Lily Pond,The Water Lily Pond,The Water Lily Pond,The Water Lily Pond,The Water Lily Pond,The Water Lily Pond,True,False
train,431,The Water Lily Pond,The Water Lily Pond,The Water Lily Pond,The Water Lily Pond,The Water Lily Pond,The Water Lily Pond,True,False
train,432,The Water Lily Pond,The Water Lily Pond,The Water Lily Pond,The Water Lily Pond,The Water Lily Pond,The Water Lily Pond,True,False
train,434,The Water Lily Pond,The Water Lily Pond,The Water Lily Pond,The Water Lily Pond,The Water Lily Pond,The Water Lily Pond,True,False
train,435,The Water Lily Pond,The Water Lily Pond,The Water Lily Pond,The Water Lily Pond,The Water Lily Pond,The Water Lily Pond,True,False
train,436,The Water Lily Pond,The Water Lily Pond,The Water Lily Pond,The Water Lily Pond,The Water Lily Pond,The Water Lily Pond,True,False
train,438,The Water Lily Pond,The Water Lily Pond,The Water Lily Pond,The Water Lily Pond,The Water Lily Pond,The Water Lily Pond,True,False
train,439,The Water Lily Pond,The Water Lily Pond,The Water Lily Pond,The Water Lily Pond,The Water Lily Pond,The Water Lily Pond,True,False
train,440,The Water Lily Pond,The Water Lily Pond,The Water Lily Pond,The Water Lily Pond,The Water Lily Pond,The Water Lily Pond,True,False
train,442,The Water Lily Pond,The Water Lily Pond,The Water Lily Pond,The Water Lily Pond,The Water Lily Pond,The Water Lily Pond,True,False
train,444,The Water Lily Pond,The Water Lily Pond,The Water Lily Pond,The Water Lily Pond,The Water Lily Pond,The Water Lily Pond,True,False
train,445,The Water Lily Pond,The Water Lily Pond,The Water Lily Pond,The Water Lily Pond,The Water Lily Pond,The Water Lily Pond,True,False
train,447,The Water Lily Pond,The Water Lily Pond,The Water Lily Pond,The Water Lily Pond,The Water Lily Pond,The Water Lily Pond,True,False
train,449,The Water Lily Pond,The Water Lily Pond,The Water Lily Pond,The Water Lily Pond,The Water Lily Pond,The Water Lily Pond,True,False
train,450,The Water Lily Pond,The Water Lily Pond,The Water Lily Pond,The Water Lily Pond,The Water Lily Pond,The Water Lily Pond,True,False
train,451,The Water Lily Pond,The Water Lily Pond,The Water Lily Pond,The Water Lily Pond,The Water Lily Pond,The Water Lily Pond,True,False
train,452,The Water Lily Pond,The Water Lily Pond,The Water Lily Pond,The Water Lily Pond,The Water Lily Pond,The Water Lily Pond,True,False
train,454,The Water Lily Pond,The Water Lily Pond,The Water Lily Pond,The Water Lily Pond,The Water Lily Pond,The Water Lily Pond,True,False
train,456,The Water Lily Pond,The Water Lily Pond,The Water Lily Pond,The Water Lily Pond,The Water Lily Pond,The Water Lily Pond,True,False
train,457,The Water Lily Pond,The Water Lily Pond,The Water Lily Pond,The Water Lily Pond,The Water Lily Pond,The Water Lily Pond,True,False
train,459,The Water Lily Pond,The Water Lily Pond,The Water Lily Pond,The Water Lily Pond,The Water Lily Pond,The Water Lily Pond,True,False
train,460,The Water Lily Pond,The Water Lily Pond,The Water Lily Pond,The Water Lily Pond,The Water Lily Pond,The Water Lily Pond,True,False
train,462,The Water Lily Pond,The Water Lily Pond,The Water Lily Pond,The Water Lily Pond,The Water Lily Pond,The Water Lily Pond,True,False
train,463,The Water Lily Pond,The Water Lily Pond,The Water Lily Pond,The Water Lily Pond,The Water Lily Pond,The Water Lily Pond,True,False
train,464,The Water Lily Pond,The Water Lily Pond,The Water Lily Pond,The Water Lily Pond,The Water Lily Pond,The Water Lily Pond,True,False
train,465,The Water Lily Pond,The Water Lily Pond,The Water Lily Pond,The Water Lily Pond,The Water Lily Pond,The Water Lily Pond,True,False
train,469,The Water Lily Pond,The Water Lily Pond,The Water Lily Pond,The Water Lily Pond,The Water Lily Pond,The Water Lily Pond,True,False
train,471,The Water Lily Pond,The Water Lily Pond,The Water Lily Pond,The Water Lily Pond,The Water Lily Pond,The Water Lily Pond,True,False
train,473,The Water Lily Pond,The Water Lily Pond,The Water Lily Pond,The Water Lily Pond,The Water Lily Pond,The Water Lily Pond,True,False
train,474,The Water Lily Pond,The Water Lily Pond,The Water Lily Pond,The Water Lily Pond,The Water Lily Pond,The Water Lily Pond,True,False
train,476,The Water Lily Pond,The Water Lily Pond,The Water Lily Pond,The Water Lily Pond,The Water Lily Pond,The Water Lily Pond,True,False
train,477,The Water Lily Pond,The Water Lily Pond,The Water Lily Pond,The Water Lily Pond,The Water Lily Pond,The Water Lily Pond,True,False
train,478,The Water Lily Pond,The Water Lily Pond,The Water Lily Pond,The Water Lily Pond,The Water Lily Pond,The Water Lily Pond,True,False
train,479,The Water Lily Pond,The Water Lily Pond,The Water Lily Pond,The Water Lily Pond,The Water Lily Pond,The Water Lily Pond,True,False
train,480,The Water Lily Pond,The Water Lily Pond,The Water Lily Pond,The Water Lily Pond,The Water Lily Pond,The Water Lily Pond,True,False
train,481,The Water Lily Pond,The Water Lily Pond,The Water Lily Pond,The Water Lily Pond,The Water Lily Pond,The Water Lily Pond,True,False
train,482,The Water Lily Pond,The Water Lily Pond,The Water Lily Pond,The Water Lily Pond,The Water Lily Pond,The Water Lily Pond,True,False
train,483,The Water Lily Pond,The Water Lily Pond,The Water Lily Pond,The Water Lily Pond,The Water Lily Pond,The Water Lily Pond,True,False
train,484,The Water Lily Pond,The Water Lily Pond,The Persistence of Memory,The Water Lily Pond,The Water Lily Pond,The Water Lily Pond,True,False
train,485,The Water Lily Pond,The Water Lily Pond,The Water Lily Pond,The Water Lily Pond,The Water Lily Pond,The Water Lily Pond,True,False
train,486,The Water Lily Pond,The Water Lily Pond,The Water Lily Pond,The Water Lily Pond,The Water Lily Pond,The Water Lily Pond,True,False
train,491,The Water Lily Pond,The Water Lily Pond,The Water Lily Pond,The Water Lily Pond,The Water Lily Pond,The Water Lily Pond,True,False
train,492,The Water Lily Pond,The Water Lily Pond,The Water Lily Pond,The Water Lily Pond,The Water Lily Pond,The Water Lily Pond,True,False
train,493,The Water Lily Pond,The Water Lily Pond,The Water Lily Pond,The Water Lily Pond,The Water Lily Pond,The Water Lily Pond,True,False
train,494,The Water Lily Pond,The Water Lily Pond,The Water Lily Pond,The Water Lily Pond,The Water Lily Pond,The Water Lily Pond,True,False
train,495,The Water Lily Pond,The Water Lily Pond,The Water Lily Pond,The Water Lily Pond,The Water Lily Pond,The Water Lily Pond,True,False
train,498,The Water Lily Pond,The Water Lily Pond,The Water Lily Pond,The Water Lily Pond,The Water Lily Pond,The Water Lily Pond,True,False
train,499,The Water Lily Pond,The Water Lily Pond,The Water Lily Pond,The Water Lily Pond,The Water Lily Pond,The Water Lily Pond,True,False
train,501,The Water Lily Pond,The Water Lily Pond,The Water Lily Pond,The Water Lily Pond,The Water Lily Pond,The Water Lily Pond,True,False
train,502,The Water Lily Pond,The Water Lily Pond,The Water Lily Pond,The Water Lily Pond,The Water Lily Pond,The Water Lily Pond,True,False
train,504,The Water Lily Pond,The Water Lily Pond,The Water Lily Pond,The Water Lily Pond,The Water Lily Pond,The Water Lily Pond,True,False
train,505,The Water Lily Pond,The Water Lily Pond,The Water Lily Pond,The Water Lily Pond,The Water Lily Pond,The Water Lily Pond,True,False
train,506,The Water Lily Pond,The Water Lily Pond,The Water Lily Pond,The Water Lily Pond,The Water Lily Pond,The Water Lily Pond,True,False
train,507,The Water Lily Pond,The Water Lily Pond,The Water Lily Pond,The Water Lily Pond,The Water Lily Pond,The Water Lily Pond,True,False
train,508,The Water Lily Pond,The Water Lily Pond,The Starry Night,The Water Lily Pond,The Water Lily Pond,The Water Lily Pond,True,False
train,511,The Water Lily Pond,The Water Lily Pond,The Water Lily Pond,The Water Lily Pond,The Water Lily Pond,The Water Lily Pond,True,False
train,513,The Water Lily Pond,The Water Lily Pond,The Water Lily Pond,The Water Lily Pond,The Water Lily Pond,The Water Lily Pond,True,False
train,514,The Water Lily Pond,The Water Lily Pond,The Water Lily Pond,The Water Lily Pond,The Water Lily Pond,The Water Lily Pond,True,False
train,515,The Water Lily Pond,The Water Lily Pond,The Water Lily Pond,The Water Lily Pond,The Water Lily Pond,The Water Lily Pond,True,False
train,516,The Water Lily Pond,The Water Lily Pond,The Water Lily Pond,The Water Lily Pond,The Water Lily Pond,The Water Lily Pond,True,False
train,518,The Water Lily Pond,The Water Lily Pond,The Water Lily Pond,The Water Lily Pond,The Water Lily Pond,The Water Lily Pond,True,False
train,519,The Water Lily Pond,The Water Lily Pond,The Water Lily Pond,The Water Lily Pond,The Water Lily Pond,The Water Lily Pond,True,False
train,521,The Water Lily Pond,The Water Lily Pond,The Water Lily Pond,The Water Lily Pond,The Water Lily Pond,The Water Lily Pond,True,False
train,522,The Water Lily Pond,The Water Lily Pond,The Water Lily Pond,The Water Lily Pond,The Water Lily Pond,The Water Lily Pond,True,False
train,523,The Water Lily Pond,The Water Lily Pond,The Water Lily Pond,The Water Lily Pond,The Water Lily Pond,The Water Lily Pond,True,False
train,525,The Water Lily Pond,The Water Lily Pond,The Water Lily Pond,The Water Lily Pond,The Water Lily Pond,The Water Lily Pond,True,False
train,527,The Water Lily Pond,The Water Lily Pond,The Water Lily Pond,The Water Lily Pond,The Water Lily Pond,The Water Lily Pond,True,False
train,528,The Water Lily Pond,The Water Lily Pond,The Water Lily Pond,The Water Lily Pond,The Water Lily Pond,The Water Lily Pond,True,False
train,529,The Water Lily Pond,The Water Lily Pond,The Water Lily Pond,The Water Lily Pond,The Water Lily Pond,The Water Lily Pond,True,False
train,533,The Water Lily Pond,The Water Lily Pond,The Water Lily Pond,The Water Lily Pond,The Water Lily Pond,The Water Lily Pond,True,False
train,534,The Water Lily Pond,The Water Lily Pond,The Water Lily Pond,The Water Lily Pond,The Water Lily Pond,The Water Lily Pond,True,False
train,535,The Water Lily Pond,The Water Lily Pond,The Water Lily Pond,The Water Lily Pond,The Water Lily Pond,The Water Lily Pond,True,False
train,536,The Water Lily Pond,The Water Lily Pond,The Water Lily Pond,The Water Lily Pond,The Water Lily Pond,The Water Lily Pond,True,False
train,537,The Water Lily Pond,The Water Lily Pond,The Water Lily Pond,The Water Lily Pond,The Water Lily Pond,The Water Lily Pond,True,False
train,539,The Water Lily Pond,The Water Lily Pond,The Water Lily Pond,The Water Lily Pond,The Water Lily Pond,The Water Lily Pond,True,False
train,540,The Water Lily Pond,The Water Lily Pond,The Water Lily Pond,The Water Lily Pond,The Water Lily Pond,The Water Lily Pond,True,False
train,543,The Water Lily Pond,The Water Lily Pond,The Water Lily Pond,The Water Lily Pond,The Water Lily Pond,The Water Lily Pond,True,False
train,544,The Water Lily Pond,The Water Lily Pond,The Water Lily Pond,The Water Lily Pond,The Water Lily Pond,The Water Lily Pond,True,False
train,545,The Water Lily Pond,The Water Lily Pond,The Water Lily Pond,The Water Lily Pond,The Water Lily Pond,The Water Lily Pond,True,False
train,546,The Water Lily Pond,The Water Lily Pond,The Water Lily Pond,The Water Lily Pond,The Water Lily Pond,The Water Lily Pond,True,False
train,547,The Water Lily Pond,The Water Lily Pond,The Water Lily Pond,The Water Lily Pond,The Water Lily Pond,The Water Lily Pond,True,False
train,548,The Water Lily Pond,The Water Lily Pond,The Water Lily Pond,The Water Lily Pond,The Water Lily Pond,The Water Lily Pond,True,False
train,550,The Water Lily Pond,The Water Lily Pond,The Water Lily Pond,The Water Lily Pond,The Water Lily Pond,The Water Lily Pond,True,False
train,551,The Water Lily Pond,The Water Lily Pond,The Water Lily Pond,The Water Lily Pond,The Water Lily Pond,The Water Lily Pond,True,False
train,552,The Water Lily Pond,The Water Lily Pond,The Water Lily Pond,The Water Lily Pond,The Water Lily Pond,The Water Lily Pond,True,False
train,553,The Water Lily Pond,The Water Lily Pond,The Water Lily Pond,The Water Lily Pond,The Water Lily Pond,The Water Lily Pond,True,False
train,554,The Water Lily Pond,The Water Lily Pond,The Water Lily Pond,The Water Lily Pond,The Water Lily Pond,The Water Lily Pond,True,False
train,557,The Water Lily Pond,The Water Lily Pond,The Water Lily Pond,The Water Lily Pond,The Water Lily Pond,The Water Lily Pond,True,False
train,558,The Water Lily Pond,The Water Lily Pond,The Water Lily Pond,The Water Lily Pond,The Water Lily Pond,The Water Lily Pond,True,False
train,561,The Water Lily Pond,The Water Lily Pond,The Water Lily Pond,The Water Lily Pond,The Water Lily Pond,The Water Lily Pond,True,False
train,562,The Water Lily Pond,The Water Lily Pond,The Water Lily Pond,The Water Lily Pond,The Water Lily Pond,The Water Lily Pond,True,False
